<?xml version="1.0" encoding="utf-8"?>
<COLLADA xmlns="http://www.collada.org/2005/11/COLLADASchema" version="1.4.1" xmlns:xsi="http://www.w3.org/2001/XMLSchema-instance">
  <asset>
    <contributor>
      <author>Blender User</author>
      <authoring_tool>Blender 2.92.0 commit date:2021-02-24, commit time:16:25, hash:02948a2cab44</authoring_tool>
    </contributor>
    <created>2021-04-28T15:33:19</created>
    <modified>2021-04-28T15:33:19</modified>
    <unit name="meter" meter="0.3"/>
    <up_axis>Z_UP</up_axis>
  </asset>
  <library_effects>
    <effect id="Material_001-effect">
      <profile_COMMON>
        <newparam sid="planks_brown_10_diff_4k_jpg-surface">
          <surface type="2D">
            <init_from>planks_brown_10_diff_4k_jpg</init_from>
          </surface>
        </newparam>
        <newparam sid="planks_brown_10_diff_4k_jpg-sampler">
          <sampler2D>
            <source>planks_brown_10_diff_4k_jpg-surface</source>
          </sampler2D>
        </newparam>
        <technique sid="common">
          <lambert>
            <emission>
              <color sid="emission">0 0 0 1</color>
            </emission>
            <diffuse>
              <texture texture="planks_brown_10_diff_4k_jpg-sampler" texcoord="UVMap"/>
            </diffuse>
            <index_of_refraction>
              <float sid="ior">1.45</float>
            </index_of_refraction>
          </lambert>
        </technique>
      </profile_COMMON>
    </effect>
    <effect id="Material_002-effect">
      <profile_COMMON>
        <newparam sid="wood_planks_dirt_diff_4k_jpg-surface">
          <surface type="2D">
            <init_from>wood_planks_dirt_diff_4k_jpg</init_from>
          </surface>
        </newparam>
        <newparam sid="wood_planks_dirt_diff_4k_jpg-sampler">
          <sampler2D>
            <source>wood_planks_dirt_diff_4k_jpg-surface</source>
          </sampler2D>
        </newparam>
        <technique sid="common">
          <lambert>
            <emission>
              <color sid="emission">0 0 0 1</color>
            </emission>
            <diffuse>
              <texture texture="wood_planks_dirt_diff_4k_jpg-sampler" texcoord="UVMap"/>
            </diffuse>
            <index_of_refraction>
              <float sid="ior">1.45</float>
            </index_of_refraction>
          </lambert>
        </technique>
      </profile_COMMON>
    </effect>
    <effect id="Material_003-effect">
      <profile_COMMON>
        <newparam sid="roof_slates_02_diff_4k_jpg-surface">
          <surface type="2D">
            <init_from>roof_slates_02_diff_4k_jpg</init_from>
          </surface>
        </newparam>
        <newparam sid="roof_slates_02_diff_4k_jpg-sampler">
          <sampler2D>
            <source>roof_slates_02_diff_4k_jpg-surface</source>
          </sampler2D>
        </newparam>
        <technique sid="common">
          <lambert>
            <emission>
              <color sid="emission">0 0 0 1</color>
            </emission>
            <diffuse>
              <texture texture="roof_slates_02_diff_4k_jpg-sampler" texcoord="UVMap"/>
            </diffuse>
            <index_of_refraction>
              <float sid="ior">1.45</float>
            </index_of_refraction>
          </lambert>
        </technique>
      </profile_COMMON>
    </effect>
    <effect id="Material-effect">
      <profile_COMMON>
        <newparam sid="doors_wood_doors_0012_01_s_jpg-surface">
          <surface type="2D">
            <init_from>doors_wood_doors_0012_01_s_jpg</init_from>
          </surface>
        </newparam>
        <newparam sid="doors_wood_doors_0012_01_s_jpg-sampler">
          <sampler2D>
            <source>doors_wood_doors_0012_01_s_jpg-surface</source>
          </sampler2D>
        </newparam>
        <technique sid="common">
          <lambert>
            <emission>
              <color sid="emission">0 0 0 1</color>
            </emission>
            <diffuse>
              <texture texture="doors_wood_doors_0012_01_s_jpg-sampler" texcoord="UVMap"/>
            </diffuse>
            <index_of_refraction>
              <float sid="ior">1.45</float>
            </index_of_refraction>
          </lambert>
        </technique>
      </profile_COMMON>
    </effect>
  </library_effects>
  <library_images>
    <image id="doors_wood_doors_0012_01_s_jpg" name="doors_wood_doors_0012_01_s_jpg">
      <init_from>doors_wood_doors_0012_01_s.jpg</init_from>
    </image>
    <image id="planks_brown_10_diff_4k_jpg" name="planks_brown_10_diff_4k_jpg">
      <init_from>planks_brown_10_diff_4k.jpg</init_from>
    </image>
    <image id="roof_slates_02_diff_4k_jpg" name="roof_slates_02_diff_4k_jpg">
      <init_from>roof_slates_02_diff_4k.jpg</init_from>
    </image>
    <image id="wood_planks_dirt_diff_4k_jpg" name="wood_planks_dirt_diff_4k_jpg">
      <init_from>wood_planks_dirt_diff_4k.jpg</init_from>
    </image>
  </library_images>
  <library_materials>
    <material id="Material_001-material" name="Material.001">
      <instance_effect url="#Material_001-effect"/>
    </material>
    <material id="Material_002-material" name="Material.002">
      <instance_effect url="#Material_002-effect"/>
    </material>
    <material id="Material_003-material" name="Material.003">
      <instance_effect url="#Material_003-effect"/>
    </material>
    <material id="Material-material" name="Material">
      <instance_effect url="#Material-effect"/>
    </material>
  </library_materials>
  <library_geometries>
    <geometry id="Cube_061-mesh" name="Cube.061">
      <mesh>
        <source id="Cube_061-mesh-positions">
          <float_array id="Cube_061-mesh-positions-array" count="24">-40.68599 -0.5984316 -0.6815291 -40.68599 -0.5984316 0.6815291 -40.68599 4.082649 -0.6815291 -40.68599 4.082649 0.6815291 40.68528 -0.5984316 -0.6815291 40.68528 -0.5984316 0.6815291 40.68528 4.082649 -0.6815291 40.68528 4.082649 0.6815291</float_array>
          <technique_common>
            <accessor source="#Cube_061-mesh-positions-array" count="8" stride="3">
              <param name="X" type="float"/>
              <param name="Y" type="float"/>
              <param name="Z" type="float"/>
            </accessor>
          </technique_common>
        </source>
        <source id="Cube_061-mesh-normals">
          <float_array id="Cube_061-mesh-normals-array" count="18">-1 0 0 0 1 0 1 0 0 0 -1 0 0 0 -1 0 0 1</float_array>
          <technique_common>
            <accessor source="#Cube_061-mesh-normals-array" count="6" stride="3">
              <param name="X" type="float"/>
              <param name="Y" type="float"/>
              <param name="Z" type="float"/>
            </accessor>
          </technique_common>
        </source>
        <source id="Cube_061-mesh-map-0">
          <float_array id="Cube_061-mesh-map-0-array" count="72">-0.02244138 0.5560374 0.1530991 0.6071521 -0.02244138 0.6071521 -1.275725 0.5560374 1.775698 0.6071521 -1.275725 0.6071522 0.3469004 0.5560373 0.5224409 0.6071521 0.3469005 0.6071521 -0.7756984 0.5560374 2.275724 0.6071521 -0.7756983 0.6071521 1.775698 0.4719006 -1.275725 0.6474413 -1.275725 0.4719005 2.275725 0.4719005 -0.7756983 0.6474416 -0.7756984 0.471901 -0.02244138 0.5560374 0.1530991 0.5560374 0.1530991 0.6071521 -1.275725 0.5560374 1.775698 0.5560373 1.775698 0.6071521 0.3469004 0.5560373 0.522441 0.5560374 0.5224409 0.6071521 -0.7756984 0.5560374 2.275725 0.5560373 2.275724 0.6071521 1.775698 0.4719006 1.775698 0.6474412 -1.275725 0.6474413 2.275725 0.4719005 2.275725 0.647441 -0.7756983 0.6474416</float_array>
          <technique_common>
            <accessor source="#Cube_061-mesh-map-0-array" count="36" stride="2">
              <param name="S" type="float"/>
              <param name="T" type="float"/>
            </accessor>
          </technique_common>
        </source>
        <vertices id="Cube_061-mesh-vertices">
          <input semantic="POSITION" source="#Cube_061-mesh-positions"/>
        </vertices>
        <triangles material="Material_001-material" count="12">
          <input semantic="VERTEX" source="#Cube_061-mesh-vertices" offset="0"/>
          <input semantic="NORMAL" source="#Cube_061-mesh-normals" offset="1"/>
          <input semantic="TEXCOORD" source="#Cube_061-mesh-map-0" offset="2" set="0"/>
          <p>1 0 0 2 0 1 0 0 2 3 1 3 6 1 4 2 1 5 7 2 6 4 2 7 6 2 8 5 3 9 0 3 10 4 3 11 6 4 12 0 4 13 2 4 14 3 5 15 5 5 16 7 5 17 1 0 18 3 0 19 2 0 20 3 1 21 7 1 22 6 1 23 7 2 24 5 2 25 4 2 26 5 3 27 1 3 28 0 3 29 6 4 30 4 4 31 0 4 32 3 5 33 1 5 34 5 5 35</p>
        </triangles>
      </mesh>
    </geometry>
    <geometry id="Cube_060-mesh" name="Cube.060">
      <mesh>
        <source id="Cube_060-mesh-positions">
          <float_array id="Cube_060-mesh-positions-array" count="24">-40.68599 -0.5984316 -0.6815291 -40.68599 -0.5984316 0.6815291 -40.68599 4.082649 -0.6815291 -40.68599 4.082649 0.6815291 40.68528 -0.5984316 -0.6815291 40.68528 -0.5984316 0.6815291 40.68528 4.082649 -0.6815291 40.68528 4.082649 0.6815291</float_array>
          <technique_common>
            <accessor source="#Cube_060-mesh-positions-array" count="8" stride="3">
              <param name="X" type="float"/>
              <param name="Y" type="float"/>
              <param name="Z" type="float"/>
            </accessor>
          </technique_common>
        </source>
        <source id="Cube_060-mesh-normals">
          <float_array id="Cube_060-mesh-normals-array" count="18">-1 0 0 0 1 0 1 0 0 0 -1 0 0 0 -1 0 0 1</float_array>
          <technique_common>
            <accessor source="#Cube_060-mesh-normals-array" count="6" stride="3">
              <param name="X" type="float"/>
              <param name="Y" type="float"/>
              <param name="Z" type="float"/>
            </accessor>
          </technique_common>
        </source>
        <source id="Cube_060-mesh-map-0">
          <float_array id="Cube_060-mesh-map-0-array" count="72">-0.02244138 0.5560374 0.1530991 0.6071521 -0.02244138 0.6071521 -1.275725 0.5560374 1.775698 0.6071521 -1.275725 0.6071522 0.3469004 0.5560373 0.5224409 0.6071521 0.3469005 0.6071521 -0.7756984 0.5560374 2.275724 0.6071521 -0.7756983 0.6071521 1.775698 0.4719006 -1.275725 0.6474413 -1.275725 0.4719005 2.275725 0.4719005 -0.7756983 0.6474416 -0.7756984 0.471901 -0.02244138 0.5560374 0.1530991 0.5560374 0.1530991 0.6071521 -1.275725 0.5560374 1.775698 0.5560373 1.775698 0.6071521 0.3469004 0.5560373 0.522441 0.5560374 0.5224409 0.6071521 -0.7756984 0.5560374 2.275725 0.5560373 2.275724 0.6071521 1.775698 0.4719006 1.775698 0.6474412 -1.275725 0.6474413 2.275725 0.4719005 2.275725 0.647441 -0.7756983 0.6474416</float_array>
          <technique_common>
            <accessor source="#Cube_060-mesh-map-0-array" count="36" stride="2">
              <param name="S" type="float"/>
              <param name="T" type="float"/>
            </accessor>
          </technique_common>
        </source>
        <vertices id="Cube_060-mesh-vertices">
          <input semantic="POSITION" source="#Cube_060-mesh-positions"/>
        </vertices>
        <triangles material="Material_001-material" count="12">
          <input semantic="VERTEX" source="#Cube_060-mesh-vertices" offset="0"/>
          <input semantic="NORMAL" source="#Cube_060-mesh-normals" offset="1"/>
          <input semantic="TEXCOORD" source="#Cube_060-mesh-map-0" offset="2" set="0"/>
          <p>1 0 0 2 0 1 0 0 2 3 1 3 6 1 4 2 1 5 7 2 6 4 2 7 6 2 8 5 3 9 0 3 10 4 3 11 6 4 12 0 4 13 2 4 14 3 5 15 5 5 16 7 5 17 1 0 18 3 0 19 2 0 20 3 1 21 7 1 22 6 1 23 7 2 24 5 2 25 4 2 26 5 3 27 1 3 28 0 3 29 6 4 30 4 4 31 0 4 32 3 5 33 1 5 34 5 5 35</p>
        </triangles>
      </mesh>
    </geometry>
    <geometry id="Cube_059-mesh" name="Cube.059">
      <mesh>
        <source id="Cube_059-mesh-positions">
          <float_array id="Cube_059-mesh-positions-array" count="24">-40.68599 -0.5984316 -0.6815291 -40.68599 -0.5984316 0.6815291 -40.68599 4.082649 -0.6815291 -40.68599 4.082649 0.6815291 40.68528 -0.5984316 -0.6815291 40.68528 -0.5984316 0.6815291 40.68528 4.082649 -0.6815291 40.68528 4.082649 0.6815291</float_array>
          <technique_common>
            <accessor source="#Cube_059-mesh-positions-array" count="8" stride="3">
              <param name="X" type="float"/>
              <param name="Y" type="float"/>
              <param name="Z" type="float"/>
            </accessor>
          </technique_common>
        </source>
        <source id="Cube_059-mesh-normals">
          <float_array id="Cube_059-mesh-normals-array" count="18">-1 0 0 0 1 0 1 0 0 0 -1 0 0 0 -1 0 0 1</float_array>
          <technique_common>
            <accessor source="#Cube_059-mesh-normals-array" count="6" stride="3">
              <param name="X" type="float"/>
              <param name="Y" type="float"/>
              <param name="Z" type="float"/>
            </accessor>
          </technique_common>
        </source>
        <source id="Cube_059-mesh-map-0">
          <float_array id="Cube_059-mesh-map-0-array" count="72">-0.02244138 0.5560374 0.1530991 0.6071521 -0.02244138 0.6071521 -1.275725 0.5560374 1.775698 0.6071521 -1.275725 0.6071522 0.3469004 0.5560373 0.5224409 0.6071521 0.3469005 0.6071521 -0.7756984 0.5560374 2.275724 0.6071521 -0.7756983 0.6071521 1.775698 0.4719006 -1.275725 0.6474413 -1.275725 0.4719005 2.275725 0.4719005 -0.7756983 0.6474416 -0.7756984 0.471901 -0.02244138 0.5560374 0.1530991 0.5560374 0.1530991 0.6071521 -1.275725 0.5560374 1.775698 0.5560373 1.775698 0.6071521 0.3469004 0.5560373 0.522441 0.5560374 0.5224409 0.6071521 -0.7756984 0.5560374 2.275725 0.5560373 2.275724 0.6071521 1.775698 0.4719006 1.775698 0.6474412 -1.275725 0.6474413 2.275725 0.4719005 2.275725 0.647441 -0.7756983 0.6474416</float_array>
          <technique_common>
            <accessor source="#Cube_059-mesh-map-0-array" count="36" stride="2">
              <param name="S" type="float"/>
              <param name="T" type="float"/>
            </accessor>
          </technique_common>
        </source>
        <vertices id="Cube_059-mesh-vertices">
          <input semantic="POSITION" source="#Cube_059-mesh-positions"/>
        </vertices>
        <triangles material="Material_001-material" count="12">
          <input semantic="VERTEX" source="#Cube_059-mesh-vertices" offset="0"/>
          <input semantic="NORMAL" source="#Cube_059-mesh-normals" offset="1"/>
          <input semantic="TEXCOORD" source="#Cube_059-mesh-map-0" offset="2" set="0"/>
          <p>1 0 0 2 0 1 0 0 2 3 1 3 6 1 4 2 1 5 7 2 6 4 2 7 6 2 8 5 3 9 0 3 10 4 3 11 6 4 12 0 4 13 2 4 14 3 5 15 5 5 16 7 5 17 1 0 18 3 0 19 2 0 20 3 1 21 7 1 22 6 1 23 7 2 24 5 2 25 4 2 26 5 3 27 1 3 28 0 3 29 6 4 30 4 4 31 0 4 32 3 5 33 1 5 34 5 5 35</p>
        </triangles>
      </mesh>
    </geometry>
    <geometry id="Cube_054-mesh" name="Cube.054">
      <mesh>
        <source id="Cube_054-mesh-positions">
          <float_array id="Cube_054-mesh-positions-array" count="240">33.46779 54.04831 -3.78872 33.55694 54.05411 -2.428593 38.08197 54.77531 -4.094268 38.17112 54.7811 -2.734141 46.10057 -26.33491 -4.274226 46.18973 -26.32911 -2.914099 50.71475 -25.60791 -4.579773 50.8039 -25.60211 -3.219646 -41.12868 27.8397 2.667115 -41.03952 27.84549 4.027242 -36.51449 28.56669 2.361567 -36.42535 28.57249 3.721694 -28.4959 -52.54352 2.18161 -28.40674 -52.53772 3.541737 -23.88171 -51.81653 1.876062 -23.79256 -51.81073 3.236189 -32.00023 33.78331 1.425061 -31.91107 33.78911 2.785188 -27.38605 34.51031 1.119513 -27.2969 34.51611 2.47964 -19.36744 -46.5999 0.9395557 -19.27829 -46.5941 2.299683 -14.75327 -45.8729 0.6340084 -14.66411 -45.86711 1.994135 -15.96147 32.65428 0.5691619 -15.87231 32.66008 1.929289 -11.34729 33.38128 0.2636147 -11.25814 33.38708 1.623742 -3.328686 -47.72893 0.08365678 -3.239532 -47.72314 1.443784 1.285492 -47.00194 -0.2218904 1.374645 -46.99614 1.138236 -3.679871 44.46358 -0.8980954 -3.590713 44.46937 0.4620314 0.9343109 45.19057 -1.203643 1.023464 45.19637 0.1564841 8.952916 -35.91964 -1.383601 9.042069 -35.91384 -0.02347373 13.56709 -35.19264 -1.689148 13.65625 -35.18684 -0.3290212 20.16793 49.37556 -2.637702 20.25708 49.38136 -1.277575 24.7821 50.10256 -2.94325 24.87126 50.10836 -1.583123 32.80071 -31.00766 -3.123208 32.88986 -31.00186 -1.763081 37.41489 -30.28066 -3.428755 37.50404 -30.27486 -2.068628 -62.13968 23.38297 5.78141 -61.93281 23.41291 7.128346 -58.66557 26.46204 5.179388 -58.45871 26.49199 6.526325 -9.019227 -37.88134 -1.014641 -8.812363 -37.85139 0.3322954 -5.545124 -34.80226 -1.616662 -5.338261 -34.77231 -0.2697256 -28.71587 34.88536 -0.6332817 -28.67304 34.91224 0.7288385 -24.39721 36.68325 -0.8045373 -24.35439 36.71013 0.5575829 2.574017 -40.22774 -0.1352128 2.616844 -40.20087 1.226907 6.89267 -38.42985 -0.3064685 6.935497 -38.40298 1.055652 20.95739 40.33926 -2.893694 20.89777 40.42134 -1.534415 25.28681 38.58397 -2.59782 25.22719 38.66604 -1.238542 -9.780022 -34.93542 0.3029022 -9.839638 -34.85335 1.66218 -5.4506 -36.69071 0.5987759 -5.510216 -36.60864 1.958054 57.83559 -20.1728 -4.732594 57.98526 -20.09856 -3.379815 55.06586 -23.91171 -4.220948 55.21554 -23.83746 -2.868168 -7.152122 28.58685 -0.2183389 -7.002449 28.6611 1.134441 -9.921845 24.84795 0.2933078 -9.772168 24.92219 1.646088</float_array>
          <technique_common>
            <accessor source="#Cube_054-mesh-positions-array" count="80" stride="3">
              <param name="X" type="float"/>
              <param name="Y" type="float"/>
              <param name="Z" type="float"/>
            </accessor>
          </technique_common>
        </source>
        <source id="Cube_054-mesh-normals">
          <float_array id="Cube_054-mesh-normals-array" count="360">-0.1552489 0.9878574 0.005968987 0.9857078 0.155305 -0.06527298 0.1552487 -0.9878575 -0.005965828 -0.9857078 -0.155305 0.06527274 -0.06540691 -0.004252195 -0.9978497 0.06540685 0.004252254 0.9978497 -0.1552489 0.9878574 0.005968987 0.9857076 0.155305 -0.06527584 0.1552474 -0.9878576 -0.005963444 -0.9857077 -0.1553051 0.06527584 -0.06540668 -0.004252195 -0.9978497 0.06540679 0.004252195 0.9978497 -0.155249 0.9878574 0.005964219 0.9857078 0.155305 -0.06527304 0.1552491 -0.9878574 -0.00596255 -0.9857078 -0.1553052 0.06527292 -0.06540679 -0.004252195 -0.9978497 0.06540685 0.004252195 0.9978497 -0.1552489 0.9878574 0.005964219 0.9857078 0.155305 -0.0652731 0.1552491 -0.9878574 -0.005965709 -0.9857078 -0.1553051 0.06527304 -0.06540679 -0.004252195 -0.9978497 0.06540685 0.004252195 0.9978497 -0.1552489 0.9878574 0.005964219 0.9857078 0.1553051 -0.06527298 0.1552491 -0.9878574 -0.005966782 -0.9857078 -0.1553051 0.06527298 -0.06540685 -0.004252195 -0.9978497 0.06540685 0.004252195 0.9978497 -0.1552491 0.9878574 0.005964219 0.9857078 0.155305 -0.06527292 0.1552489 -0.9878575 -0.005964457 -0.9857078 -0.155305 0.06527304 -0.06540691 -0.004252195 -0.9978497 0.06540685 0.004252195 0.9978497 -0.6528154 0.7528991 0.08351874 0.7421582 0.6577697 -0.1286085 0.6528164 -0.7528982 -0.08351761 -0.7421582 -0.6577699 0.128608 -0.1517646 -0.02197265 -0.9881724 0.1517645 0.02197253 0.9881725 -0.3845326 0.9230912 -0.006117284 0.9225767 0.3840753 -0.03658527 0.3845329 -0.923091 0.006124377 -0.9225767 -0.3840754 0.03658527 -0.03142005 -0.01971495 -0.9993118 0.03142005 0.01971501 0.9993118 0.3777415 0.9250771 -0.03929132 0.924877 -0.3749771 0.06320393 -0.3777419 -0.9250774 0.03927886 -0.9248771 0.374977 -0.06320381 0.04374003 -0.06020867 -0.997227 -0.04374009 0.06020867 0.997227 0.7986566 -0.5992244 -0.05547893 -0.5916841 -0.7987261 0.1093011 -0.7986567 0.5992245 0.0554769 0.5916844 0.7987261 -0.1092994 -0.1098068 -0.05446875 -0.9924594 0.109807 0.05446904 0.9924594 -0.1552494 0.9878573 0.00596261 0.985708 0.1553051 -0.0652703 0.1552491 -0.9878574 -0.005966603 -0.9857075 -0.1553052 0.0652759 -0.06540679 -0.004252195 -0.9978497 0.06540685 0.004252254 0.9978497 -0.1552493 0.9878574 0.005963504 0.9857079 0.1553051 -0.06527036 0.1552473 -0.9878576 -0.005968987 -0.9857077 -0.155305 0.0652756 -0.06540673 -0.004252195 -0.9978497 0.06540685 0.004252195 0.9978497 -0.1552493 0.9878574 0.005961537 0.9857079 0.1553051 -0.06527018 0.1552491 -0.9878574 -0.005968987 -0.9857077 -0.155305 0.06527578 -0.06540679 -0.004252195 -0.9978497 0.06540685 0.004252254 0.9978497 -0.1552491 0.9878574 0.005966186 0.9857078 0.155305 -0.06527292 0.1552491 -0.9878574 -0.005964219 -0.9857076 -0.155305 0.06527578 -0.06540685 -0.004252195 -0.9978497 0.06540679 0.004252195 0.9978497 -0.1552491 0.9878574 0.005964994 0.9857078 0.155305 -0.06527298 0.1552491 -0.9878574 -0.005964219 -0.9857076 -0.155305 0.06527578 -0.06540685 -0.004252195 -0.9978497 0.06540685 0.004252195 0.9978497 -0.155249 0.9878574 0.00596255 0.9857078 0.1553051 -0.0652731 0.155249 -0.9878574 -0.005968987 -0.9857078 -0.1553052 0.06527298 -0.06540673 -0.004252195 -0.9978496 0.06540679 0.004252195 0.9978497 -0.6528162 0.7528986 0.08351552 0.7421587 0.6577696 -0.1286067 0.6528158 -0.7528988 -0.08351629 -0.7421584 -0.6577699 0.1286069 -0.1517646 -0.02197241 -0.9881724 0.1517645 0.02197235 0.9881725 -0.3845336 0.9230908 -0.006125569 0.9225768 0.3840754 -0.0365827 0.3845329 -0.923091 0.006117284 -0.9225766 -0.3840752 0.03658789 -0.03141999 -0.01971501 -0.9993118 0.03142005 0.01971501 0.9993119 0.3777425 0.925077 -0.03928452 0.9248769 -0.3749769 0.06320643 -0.3777416 -0.9250769 0.03929615 -0.924877 0.3749771 -0.063205 0.04374015 -0.06020867 -0.997227 -0.04374003 0.06020861 0.9972271 0.7986564 -0.5992243 -0.05548137 -0.5916841 -0.798726 0.1093012 -0.7986567 0.5992241 0.05548137 0.5916843 0.7987262 -0.1092996 -0.1098069 -0.05446887 -0.9924594 0.1098069 0.05446881 0.9924594</float_array>
          <technique_common>
            <accessor source="#Cube_054-mesh-normals-array" count="120" stride="3">
              <param name="X" type="float"/>
              <param name="Y" type="float"/>
              <param name="Z" type="float"/>
            </accessor>
          </technique_common>
        </source>
        <source id="Cube_054-mesh-map-0">
          <float_array id="Cube_054-mesh-map-0-array" count="720">-0.02244138 0.5560374 0.1530991 0.6071521 -0.02244138 0.6071521 -1.275725 0.6071522 1.775698 0.5560373 1.775698 0.6071521 0.3469005 0.6071521 0.522441 0.5560374 0.5224409 0.6071521 -0.7756984 0.5560374 2.275724 0.6071521 -0.7756983 0.6071521 -1.275725 0.4719005 1.775698 0.6474412 -1.275725 0.6474413 2.275725 0.4719005 -0.7756983 0.6474416 -0.7756984 0.471901 -0.02244138 0.5560374 0.1530991 0.6071521 -0.02244138 0.6071521 -1.275725 0.6071522 1.775698 0.5560373 1.775698 0.6071521 0.3469005 0.6071521 0.522441 0.5560374 0.5224409 0.6071521 -0.7756984 0.5560374 2.275724 0.6071521 -0.7756983 0.6071521 -1.275725 0.4719005 1.775698 0.6474412 -1.275725 0.6474413 2.275725 0.4719005 -0.7756983 0.6474416 -0.7756984 0.471901 -0.02244138 0.5560374 0.1530991 0.6071521 -0.02244138 0.6071521 -1.275725 0.6071522 1.775698 0.5560373 1.775698 0.6071521 0.3469005 0.6071521 0.522441 0.5560374 0.5224409 0.6071521 -0.7756984 0.5560374 2.275724 0.6071521 -0.7756983 0.6071521 -1.275725 0.4719005 1.775698 0.6474412 -1.275725 0.6474413 2.275725 0.4719005 -0.7756983 0.6474416 -0.7756984 0.471901 -0.02244138 0.5560374 0.1530991 0.6071521 -0.02244138 0.6071521 -1.275725 0.6071522 1.775698 0.5560373 1.775698 0.6071521 0.3469005 0.6071521 0.522441 0.5560374 0.5224409 0.6071521 -0.7756984 0.5560374 2.275724 0.6071521 -0.7756983 0.6071521 -1.275725 0.4719005 1.775698 0.6474412 -1.275725 0.6474413 2.275725 0.4719005 -0.7756983 0.6474416 -0.7756984 0.471901 -0.02244138 0.5560374 0.1530991 0.6071521 -0.02244138 0.6071521 -1.275725 0.6071522 1.775698 0.5560373 1.775698 0.6071521 0.3469005 0.6071521 0.522441 0.5560374 0.5224409 0.6071521 -0.7756984 0.5560374 2.275724 0.6071521 -0.7756983 0.6071521 -1.275725 0.4719005 1.775698 0.6474412 -1.275725 0.6474413 2.275725 0.4719005 -0.7756983 0.6474416 -0.7756984 0.471901 -0.02244138 0.5560374 0.1530991 0.6071521 -0.02244138 0.6071521 -1.275725 0.6071522 1.775698 0.5560373 1.775698 0.6071521 0.3469005 0.6071521 0.522441 0.5560374 0.5224409 0.6071521 -0.7756984 0.5560374 2.275724 0.6071521 -0.7756983 0.6071521 1.775698 0.4719006 -1.275725 0.6474413 -1.275725 0.4719005 2.275725 0.4719005 -0.7756983 0.6474416 -0.7756984 0.471901 -0.02244138 0.5560374 0.1530991 0.6071521 -0.02244138 0.6071521 -1.275725 0.5560374 1.775698 0.6071521 -1.275725 0.6071522 0.3469005 0.6071521 0.522441 0.5560374 0.5224409 0.6071521 -0.7756984 0.5560374 2.275724 0.6071521 -0.7756983 0.6071521 -1.275725 0.4719005 1.775698 0.6474412 -1.275725 0.6474413 2.275725 0.4719005 -0.7756983 0.6474416 -0.7756984 0.471901 -0.02244138 0.5560374 0.1530991 0.6071521 -0.02244138 0.6071521 -1.275725 0.6071522 1.775698 0.5560373 1.775698 0.6071521 0.3469005 0.6071521 0.522441 0.5560374 0.5224409 0.6071521 -0.7756984 0.5560374 2.275724 0.6071521 -0.7756983 0.6071521 1.775698 0.4719006 -1.275725 0.6474413 -1.275725 0.4719005 -0.7756984 0.471901 2.275725 0.647441 -0.7756983 0.6474416 -0.02244138 0.5560374 0.1530991 0.6071521 -0.02244138 0.6071521 -1.275725 0.6071522 1.775698 0.5560373 1.775698 0.6071521 0.3469005 0.6071521 0.522441 0.5560374 0.5224409 0.6071521 -0.7756984 0.5560374 2.275724 0.6071521 -0.7756983 0.6071521 1.775698 0.4719006 -1.275725 0.6474413 -1.275725 0.4719005 -0.7756984 0.471901 2.275725 0.647441 -0.7756983 0.6474416 -0.02244138 0.5560374 0.1530991 0.6071521 -0.02244138 0.6071521 -1.275725 0.6071522 1.775698 0.5560373 1.775698 0.6071521 0.3469005 0.6071521 0.522441 0.5560374 0.5224409 0.6071521 -0.7756984 0.5560374 2.275724 0.6071521 -0.7756983 0.6071521 1.775698 0.4719006 -1.275725 0.6474413 -1.275725 0.4719005 -0.7756984 0.471901 2.275725 0.647441 -0.7756983 0.6474416 -0.02244138 0.5560374 0.1530991 0.5560374 0.1530991 0.6071521 -1.275725 0.6071522 -1.275725 0.5560374 1.775698 0.5560373 0.3469005 0.6071521 0.3469004 0.5560373 0.522441 0.5560374 -0.7756984 0.5560374 2.275725 0.5560373 2.275724 0.6071521 -1.275725 0.4719005 1.775698 0.4719006 1.775698 0.6474412 2.275725 0.4719005 2.275725 0.647441 -0.7756983 0.6474416 -0.02244138 0.5560374 0.1530991 0.5560374 0.1530991 0.6071521 -1.275725 0.6071522 -1.275725 0.5560374 1.775698 0.5560373 0.3469005 0.6071521 0.3469004 0.5560373 0.522441 0.5560374 -0.7756984 0.5560374 2.275725 0.5560373 2.275724 0.6071521 -1.275725 0.4719005 1.775698 0.4719006 1.775698 0.6474412 2.275725 0.4719005 2.275725 0.647441 -0.7756983 0.6474416 -0.02244138 0.5560374 0.1530991 0.5560374 0.1530991 0.6071521 -1.275725 0.6071522 -1.275725 0.5560374 1.775698 0.5560373 0.3469005 0.6071521 0.3469004 0.5560373 0.522441 0.5560374 -0.7756984 0.5560374 2.275725 0.5560373 2.275724 0.6071521 -1.275725 0.4719005 1.775698 0.4719006 1.775698 0.6474412 2.275725 0.4719005 2.275725 0.647441 -0.7756983 0.6474416 -0.02244138 0.5560374 0.1530991 0.5560374 0.1530991 0.6071521 -1.275725 0.6071522 -1.275725 0.5560374 1.775698 0.5560373 0.3469005 0.6071521 0.3469004 0.5560373 0.522441 0.5560374 -0.7756984 0.5560374 2.275725 0.5560373 2.275724 0.6071521 -1.275725 0.4719005 1.775698 0.4719006 1.775698 0.6474412 2.275725 0.4719005 2.275725 0.647441 -0.7756983 0.6474416 -0.02244138 0.5560374 0.1530991 0.5560374 0.1530991 0.6071521 -1.275725 0.6071522 -1.275725 0.5560374 1.775698 0.5560373 0.3469005 0.6071521 0.3469004 0.5560373 0.522441 0.5560374 -0.7756984 0.5560374 2.275725 0.5560373 2.275724 0.6071521 -1.275725 0.4719005 1.775698 0.4719006 1.775698 0.6474412 2.275725 0.4719005 2.275725 0.647441 -0.7756983 0.6474416 -0.02244138 0.5560374 0.1530991 0.5560374 0.1530991 0.6071521 -1.275725 0.6071522 -1.275725 0.5560374 1.775698 0.5560373 0.3469005 0.6071521 0.3469004 0.5560373 0.522441 0.5560374 -0.7756984 0.5560374 2.275725 0.5560373 2.275724 0.6071521 1.775698 0.4719006 1.775698 0.6474412 -1.275725 0.6474413 2.275725 0.4719005 2.275725 0.647441 -0.7756983 0.6474416 -0.02244138 0.5560374 0.1530991 0.5560374 0.1530991 0.6071521 -1.275725 0.5560374 1.775698 0.5560373 1.775698 0.6071521 0.3469005 0.6071521 0.3469004 0.5560373 0.522441 0.5560374 -0.7756984 0.5560374 2.275725 0.5560373 2.275724 0.6071521 -1.275725 0.4719005 1.775698 0.4719006 1.775698 0.6474412 2.275725 0.4719005 2.275725 0.647441 -0.7756983 0.6474416 -0.02244138 0.5560374 0.1530991 0.5560374 0.1530991 0.6071521 -1.275725 0.6071522 -1.275725 0.5560374 1.775698 0.5560373 0.3469005 0.6071521 0.3469004 0.5560373 0.522441 0.5560374 -0.7756984 0.5560374 2.275725 0.5560373 2.275724 0.6071521 1.775698 0.4719006 1.775698 0.6474412 -1.275725 0.6474413 -0.7756984 0.471901 2.275725 0.4719005 2.275725 0.647441 -0.02244138 0.5560374 0.1530991 0.5560374 0.1530991 0.6071521 -1.275725 0.6071522 -1.275725 0.5560374 1.775698 0.5560373 0.3469005 0.6071521 0.3469004 0.5560373 0.522441 0.5560374 -0.7756984 0.5560374 2.275725 0.5560373 2.275724 0.6071521 1.775698 0.4719006 1.775698 0.6474412 -1.275725 0.6474413 -0.7756984 0.471901 2.275725 0.4719005 2.275725 0.647441 -0.02244138 0.5560374 0.1530991 0.5560374 0.1530991 0.6071521 -1.275725 0.6071522 -1.275725 0.5560374 1.775698 0.5560373 0.3469005 0.6071521 0.3469004 0.5560373 0.522441 0.5560374 -0.7756984 0.5560374 2.275725 0.5560373 2.275724 0.6071521 1.775698 0.4719006 1.775698 0.6474412 -1.275725 0.6474413 -0.7756984 0.471901 2.275725 0.4719005 2.275725 0.647441</float_array>
          <technique_common>
            <accessor source="#Cube_054-mesh-map-0-array" count="360" stride="2">
              <param name="S" type="float"/>
              <param name="T" type="float"/>
            </accessor>
          </technique_common>
        </source>
        <vertices id="Cube_054-mesh-vertices">
          <input semantic="POSITION" source="#Cube_054-mesh-positions"/>
        </vertices>
        <triangles material="Material_001-material" count="120">
          <input semantic="VERTEX" source="#Cube_054-mesh-vertices" offset="0"/>
          <input semantic="NORMAL" source="#Cube_054-mesh-normals" offset="1"/>
          <input semantic="TEXCOORD" source="#Cube_054-mesh-map-0" offset="2" set="0"/>
          <p>1 0 0 2 0 1 0 0 2 2 1 3 7 1 4 6 1 5 6 2 6 5 2 7 4 2 8 5 3 9 0 3 10 4 3 11 2 4 12 4 4 13 0 4 14 3 5 15 5 5 16 7 5 17 9 6 18 10 6 19 8 6 20 10 7 21 15 7 22 14 7 23 14 8 24 13 8 25 12 8 26 13 9 27 8 9 28 12 9 29 10 10 30 12 10 31 8 10 32 11 11 33 13 11 34 15 11 35 17 12 36 18 12 37 16 12 38 18 13 39 23 13 40 22 13 41 22 14 42 21 14 43 20 14 44 21 15 45 16 15 46 20 15 47 18 16 48 20 16 49 16 16 50 19 17 51 21 17 52 23 17 53 25 18 54 26 18 55 24 18 56 26 19 57 31 19 58 30 19 59 30 20 60 29 20 61 28 20 62 29 21 63 24 21 64 28 21 65 26 22 66 28 22 67 24 22 68 27 23 69 29 23 70 31 23 71 33 24 72 34 24 73 32 24 74 34 25 75 39 25 76 38 25 77 38 26 78 37 26 79 36 26 80 37 27 81 32 27 82 36 27 83 34 28 84 36 28 85 32 28 86 35 29 87 37 29 88 39 29 89 41 30 90 42 30 91 40 30 92 42 31 93 47 31 94 46 31 95 46 32 96 45 32 97 44 32 98 45 33 99 40 33 100 44 33 101 46 34 102 40 34 103 42 34 104 43 35 105 45 35 106 47 35 107 49 36 108 50 36 109 48 36 110 51 37 111 54 37 112 50 37 113 54 38 114 53 38 115 52 38 116 53 39 117 48 39 118 52 39 119 50 40 120 52 40 121 48 40 122 51 41 123 53 41 124 55 41 125 57 42 126 58 42 127 56 42 128 58 43 129 63 43 130 62 43 131 62 44 132 61 44 133 60 44 134 61 45 135 56 45 136 60 45 137 62 46 138 56 46 139 58 46 140 63 47 141 57 47 142 61 47 143 65 48 144 66 48 145 64 48 146 66 49 147 71 49 148 70 49 149 70 50 150 69 50 151 68 50 152 69 51 153 64 51 154 68 51 155 70 52 156 64 52 157 66 52 158 71 53 159 65 53 160 69 53 161 73 54 162 74 54 163 72 54 164 74 55 165 79 55 166 78 55 167 78 56 168 77 56 169 76 56 170 77 57 171 72 57 172 76 57 173 78 58 174 72 58 175 74 58 176 79 59 177 73 59 178 77 59 179 1 60 180 3 60 181 2 60 182 2 61 183 3 61 184 7 61 185 6 62 186 7 62 187 5 62 188 5 63 189 1 63 190 0 63 191 2 64 192 6 64 193 4 64 194 3 65 195 1 65 196 5 65 197 9 66 198 11 66 199 10 66 200 10 67 201 11 67 202 15 67 203 14 68 204 15 68 205 13 68 206 13 69 207 9 69 208 8 69 209 10 70 210 14 70 211 12 70 212 11 71 213 9 71 214 13 71 215 17 72 216 19 72 217 18 72 218 18 73 219 19 73 220 23 73 221 22 74 222 23 74 223 21 74 224 21 75 225 17 75 226 16 75 227 18 76 228 22 76 229 20 76 230 19 77 231 17 77 232 21 77 233 25 78 234 27 78 235 26 78 236 26 79 237 27 79 238 31 79 239 30 80 240 31 80 241 29 80 242 29 81 243 25 81 244 24 81 245 26 82 246 30 82 247 28 82 248 27 83 249 25 83 250 29 83 251 33 84 252 35 84 253 34 84 254 34 85 255 35 85 256 39 85 257 38 86 258 39 86 259 37 86 260 37 87 261 33 87 262 32 87 263 34 88 264 38 88 265 36 88 266 35 89 267 33 89 268 37 89 269 41 90 270 43 90 271 42 90 272 42 91 273 43 91 274 47 91 275 46 92 276 47 92 277 45 92 278 45 93 279 41 93 280 40 93 281 46 94 282 44 94 283 40 94 284 43 95 285 41 95 286 45 95 287 49 96 288 51 96 289 50 96 290 51 97 291 55 97 292 54 97 293 54 98 294 55 98 295 53 98 296 53 99 297 49 99 298 48 99 299 50 100 300 54 100 301 52 100 302 51 101 303 49 101 304 53 101 305 57 102 306 59 102 307 58 102 308 58 103 309 59 103 310 63 103 311 62 104 312 63 104 313 61 104 314 61 105 315 57 105 316 56 105 317 62 106 318 60 106 319 56 106 320 63 107 321 59 107 322 57 107 323 65 108 324 67 108 325 66 108 326 66 109 327 67 109 328 71 109 329 70 110 330 71 110 331 69 110 332 69 111 333 65 111 334 64 111 335 70 112 336 68 112 337 64 112 338 71 113 339 67 113 340 65 113 341 73 114 342 75 114 343 74 114 344 74 115 345 75 115 346 79 115 347 78 116 348 79 116 349 77 116 350 77 117 351 73 117 352 72 117 353 78 118 354 76 118 355 72 118 356 79 119 357 75 119 358 73 119 359</p>
        </triangles>
      </mesh>
    </geometry>
    <geometry id="Cube_053-mesh" name="Cube.053">
      <mesh>
        <source id="Cube_053-mesh-positions">
          <float_array id="Cube_053-mesh-positions-array" count="24">-8.668059 39.82521 -0.2845371 -8.578906 39.83101 1.07559 -4.053881 40.55221 -0.5900845 -3.964727 40.55801 0.7700424 3.964725 -40.55801 -0.7700425 4.053879 -40.55221 0.5900846 8.578904 -39.83101 -1.07559 8.668057 -39.82521 0.2845371</float_array>
          <technique_common>
            <accessor source="#Cube_053-mesh-positions-array" count="8" stride="3">
              <param name="X" type="float"/>
              <param name="Y" type="float"/>
              <param name="Z" type="float"/>
            </accessor>
          </technique_common>
        </source>
        <source id="Cube_053-mesh-normals">
          <float_array id="Cube_053-mesh-normals-array" count="36">-0.1552492 0.9878574 0.005964219 0.9857078 0.1553051 -0.06527298 0.1552491 -0.9878574 -0.005965948 -0.9857078 -0.1553051 0.06527298 -0.06540685 -0.004252195 -0.9978497 0.06540685 0.004252195 0.9978497 -0.1552491 0.9878574 0.005965948 0.9857078 0.1553051 -0.06527304 0.1552491 -0.9878574 -0.005964219 -0.9857078 -0.155305 0.06527298 -0.06540685 -0.004252195 -0.9978497 0.06540685 0.004252254 0.9978497</float_array>
          <technique_common>
            <accessor source="#Cube_053-mesh-normals-array" count="12" stride="3">
              <param name="X" type="float"/>
              <param name="Y" type="float"/>
              <param name="Z" type="float"/>
            </accessor>
          </technique_common>
        </source>
        <source id="Cube_053-mesh-map-0">
          <float_array id="Cube_053-mesh-map-0-array" count="72">-0.02244138 0.5560374 0.1530991 0.6071521 -0.02244138 0.6071521 -1.275725 0.6071522 1.775698 0.5560373 1.775698 0.6071521 0.3469005 0.6071521 0.522441 0.5560374 0.5224409 0.6071521 -0.7756984 0.5560374 2.275724 0.6071521 -0.7756983 0.6071521 1.775698 0.4719006 -1.275725 0.6474413 -1.275725 0.4719005 2.275725 0.4719005 -0.7756983 0.6474416 -0.7756984 0.471901 -0.02244138 0.5560374 0.1530991 0.5560374 0.1530991 0.6071521 -1.275725 0.6071522 -1.275725 0.5560374 1.775698 0.5560373 0.3469005 0.6071521 0.3469004 0.5560373 0.522441 0.5560374 -0.7756984 0.5560374 2.275725 0.5560373 2.275724 0.6071521 1.775698 0.4719006 1.775698 0.6474412 -1.275725 0.6474413 2.275725 0.4719005 2.275725 0.647441 -0.7756983 0.6474416</float_array>
          <technique_common>
            <accessor source="#Cube_053-mesh-map-0-array" count="36" stride="2">
              <param name="S" type="float"/>
              <param name="T" type="float"/>
            </accessor>
          </technique_common>
        </source>
        <vertices id="Cube_053-mesh-vertices">
          <input semantic="POSITION" source="#Cube_053-mesh-positions"/>
        </vertices>
        <triangles material="Material_001-material" count="12">
          <input semantic="VERTEX" source="#Cube_053-mesh-vertices" offset="0"/>
          <input semantic="NORMAL" source="#Cube_053-mesh-normals" offset="1"/>
          <input semantic="TEXCOORD" source="#Cube_053-mesh-map-0" offset="2" set="0"/>
          <p>1 0 0 2 0 1 0 0 2 2 1 3 7 1 4 6 1 5 6 2 6 5 2 7 4 2 8 5 3 9 0 3 10 4 3 11 6 4 12 0 4 13 2 4 14 3 5 15 5 5 16 7 5 17 1 6 18 3 6 19 2 6 20 2 7 21 3 7 22 7 7 23 6 8 24 7 8 25 5 8 26 5 9 27 1 9 28 0 9 29 6 10 30 4 10 31 0 10 32 3 11 33 1 11 34 5 11 35</p>
        </triangles>
      </mesh>
    </geometry>
    <geometry id="Cube_041-mesh" name="Cube.041">
      <mesh>
        <source id="Cube_041-mesh-positions">
          <float_array id="Cube_041-mesh-positions-array" count="216">-41.35657 17.34647 -0.5017904 -41.35657 17.34647 0.8612677 -41.35657 22.02755 -0.5017904 -41.35657 22.02755 0.8612677 40.0147 17.34647 -0.5017904 40.0147 17.34647 0.8612677 40.0147 22.02755 -0.5017904 40.0147 22.02755 0.8612677 -43.66864 10.97187 -0.7143787 -43.66864 10.97187 0.6486794 -43.66864 15.65295 -0.7143786 -43.66864 15.65295 0.6486795 37.70262 10.97187 -0.7143787 37.70262 10.97187 0.6486794 37.70262 15.65295 -0.7143786 37.70262 15.65295 0.6486795 -38.31983 1.990361 -0.5321878 -38.31983 1.990361 0.8308703 -38.31983 6.671442 -0.5321877 -38.31983 6.671442 0.8308704 43.05143 1.990361 -0.5321878 43.05143 1.990361 0.8308703 43.05143 6.671442 -0.5321877 43.05143 6.671442 0.8308704 -47.0056 -5.116775 -0.8064531 -47.0056 -5.116775 0.556605 -47.0056 -0.4356957 -0.806453 -47.0056 -0.4356957 0.5566051 34.36566 -5.116775 -0.8064531 34.36566 -5.116775 0.556605 34.36566 -0.4356957 -0.806453 34.36566 -0.4356957 0.5566051 -43.24302 -13.44389 -0.3740152 -43.24302 -13.44389 0.9890429 -43.24302 -8.762806 -0.374015 -43.24302 -8.762806 0.989043 38.12825 -13.44389 -0.3740152 38.12825 -13.44389 0.9890429 38.12825 -8.762806 -0.374015 38.12825 -8.762806 0.989043 -26.73541 -22.06924 -0.9809412 -26.73541 -22.06924 0.3821169 -26.73541 -17.38816 -0.9809411 -26.73541 -17.38816 0.382117 54.63586 -22.06924 -0.9809412 54.63586 -22.06924 0.3821169 54.63586 -17.38816 -0.9809411 54.63586 -17.38816 0.382117 -8.012122 39.55764 -0.7144051 -7.922968 39.56344 0.6457219 -3.397943 40.28464 -1.019952 -3.30879 40.29043 0.3401745 4.620663 -40.82558 -1.19991 4.709816 -40.81978 0.1602166 9.234841 -40.09858 -1.505458 9.323994 -40.09278 -0.1453307 2.84281 36.37684 0.2445497 2.931963 36.38264 1.604677 7.456987 37.10384 -0.0609976 7.54614 37.10964 1.299129 15.47559 -44.00637 -0.2409555 15.56475 -44.00057 1.119171 20.08977 -43.27938 -0.546503 20.17893 -43.27358 0.813624 -24.61959 39.81914 -0.5631638 -24.53043 39.82494 0.7969632 -20.00541 40.54614 -0.8687111 -19.91625 40.55194 0.4914158 -11.9868 -40.56407 -1.048669 -11.89765 -40.55827 0.3114579 -7.372624 -39.83707 -1.354216 -7.283471 -39.83127 0.005910515</float_array>
          <technique_common>
            <accessor source="#Cube_041-mesh-positions-array" count="72" stride="3">
              <param name="X" type="float"/>
              <param name="Y" type="float"/>
              <param name="Z" type="float"/>
            </accessor>
          </technique_common>
        </source>
        <source id="Cube_041-mesh-normals">
          <float_array id="Cube_041-mesh-normals-array" count="189">-1 0 0 0 1 0 1 0 0 0 -1 0 0 0 -1 0 0 1 -1 7.59707e-7 0 1 -2.13086e-7 0 0 0 -1 0 0 1 -1 -2.36149e-7 0 1 -4.12951e-7 0 -1 -1.75642e-6 0 1 0 0 0 0 -1 0 0 1 -1 0 0 1 -2.2899e-7 0 0 0 -1 -1 1.96718e-7 0 1 3.49903e-7 0 0 0 -1 0 0 1 -0.1552491 0.9878574 0.005968987 0.9857078 0.1553051 -0.06527298 0.1552491 -0.9878574 -0.005962789 -0.9857078 -0.1553051 0.06527298 -0.06540685 -0.004252195 -0.9978497 0.06540685 0.004252195 0.9978497 -0.1552491 0.9878574 0.005964219 0.9857078 0.155305 -0.06527304 0.1552491 -0.9878574 -0.00596565 -0.9857078 -0.1553051 0.06527292 -0.06540685 -0.004252254 -0.9978497 0.06540685 0.004252195 0.9978497 -0.1552491 0.9878574 0.005968987 0.9857078 0.1553051 -0.06527298 0.1552491 -0.9878574 -0.005963265 -0.9857078 -0.1553051 0.06527298 -0.06540685 -0.004252195 -0.9978497 0.06540685 0.004252195 0.9978497 -1 -1.19572e-6 0 0 0 -1 0 0 1 -1 2.39144e-6 0 0 0 -1 0 0 1 -1 -1.19572e-6 0 0 0 -1 0 0 1 -0.1552491 0.9878574 0.005964219 0.1552491 -0.9878574 -0.005968987 -0.06540685 -0.004252195 -0.9978497 0.06540685 0.004252195 0.9978497 -0.1552492 0.9878574 0.005961358 0.1552492 -0.9878574 -0.005964219 -0.9857078 -0.1553051 0.0652731 -0.06540685 -0.004252195 -0.9978497 0.06540685 0.004252195 0.9978497 -0.155249 0.9878574 0.005963742 -0.9857078 -0.1553052 0.06527298 -0.06540685 -0.004252254 -0.9978497 0.06540685 0.004252195 0.9978497</float_array>
          <technique_common>
            <accessor source="#Cube_041-mesh-normals-array" count="63" stride="3">
              <param name="X" type="float"/>
              <param name="Y" type="float"/>
              <param name="Z" type="float"/>
            </accessor>
          </technique_common>
        </source>
        <source id="Cube_041-mesh-map-0">
          <float_array id="Cube_041-mesh-map-0-array" count="648">-0.02244138 0.5560374 0.1530991 0.6071521 -0.02244138 0.6071521 -1.275725 0.5560374 1.775698 0.6071521 -1.275725 0.6071522 0.3469004 0.5560373 0.5224409 0.6071521 0.3469005 0.6071521 -0.7756984 0.5560374 2.275724 0.6071521 -0.7756983 0.6071521 1.775698 0.4719006 -1.275725 0.6474413 -1.275725 0.4719005 2.275725 0.4719005 -0.7756983 0.6474416 -0.7756984 0.471901 -0.02244138 0.5560374 0.1530991 0.6071521 -0.02244138 0.6071521 -1.275725 0.5560374 1.775698 0.6071521 -1.275725 0.6071522 0.3469004 0.5560373 0.5224409 0.6071521 0.3469005 0.6071521 -0.7756984 0.5560374 2.275724 0.6071521 -0.7756983 0.6071521 1.775698 0.4719006 -1.275725 0.6474413 -1.275725 0.4719005 2.275725 0.4719005 -0.7756983 0.6474416 -0.7756984 0.471901 -0.02244138 0.5560374 0.1530991 0.6071521 -0.02244138 0.6071521 -1.275725 0.5560374 1.775698 0.6071521 -1.275725 0.6071522 0.3469004 0.5560373 0.5224409 0.6071521 0.3469005 0.6071521 -0.7756984 0.5560374 2.275724 0.6071521 -0.7756983 0.6071521 1.775698 0.4719006 -1.275725 0.6474413 -1.275725 0.4719005 2.275725 0.4719005 -0.7756983 0.6474416 -0.7756984 0.471901 -0.02244138 0.5560374 0.1530991 0.6071521 -0.02244138 0.6071521 -1.275725 0.5560374 1.775698 0.6071521 -1.275725 0.6071522 0.3469004 0.5560373 0.5224409 0.6071521 0.3469005 0.6071521 -0.7756984 0.5560374 2.275724 0.6071521 -0.7756983 0.6071521 1.775698 0.4719006 -1.275725 0.6474413 -1.275725 0.4719005 2.275725 0.4719005 -0.7756983 0.6474416 -0.7756984 0.471901 -0.02244138 0.5560374 0.1530991 0.6071521 -0.02244138 0.6071521 -1.275725 0.5560374 1.775698 0.6071521 -1.275725 0.6071522 0.3469004 0.5560373 0.5224409 0.6071521 0.3469005 0.6071521 -0.7756984 0.5560374 2.275724 0.6071521 -0.7756983 0.6071521 1.775698 0.4719006 -1.275725 0.6474413 -1.275725 0.4719005 2.275725 0.4719005 -0.7756983 0.6474416 -0.7756984 0.471901 -0.02244138 0.5560374 0.1530991 0.6071521 -0.02244138 0.6071521 -1.275725 0.5560374 1.775698 0.6071521 -1.275725 0.6071522 0.3469004 0.5560373 0.5224409 0.6071521 0.3469005 0.6071521 -0.7756984 0.5560374 2.275724 0.6071521 -0.7756983 0.6071521 1.775698 0.4719006 -1.275725 0.6474413 -1.275725 0.4719005 2.275725 0.4719005 -0.7756983 0.6474416 -0.7756984 0.471901 -0.02244138 0.5560374 0.1530991 0.6071521 -0.02244138 0.6071521 -1.275725 0.6071522 1.775698 0.5560373 1.775698 0.6071521 0.3469005 0.6071521 0.522441 0.5560374 0.5224409 0.6071521 -0.7756984 0.5560374 2.275724 0.6071521 -0.7756983 0.6071521 1.775698 0.4719006 -1.275725 0.6474413 -1.275725 0.4719005 2.275725 0.4719005 -0.7756983 0.6474416 -0.7756984 0.471901 -0.02244138 0.5560374 0.1530991 0.6071521 -0.02244138 0.6071521 -1.275725 0.6071522 1.775698 0.5560373 1.775698 0.6071521 0.3469005 0.6071521 0.522441 0.5560374 0.5224409 0.6071521 -0.7756984 0.5560374 2.275724 0.6071521 -0.7756983 0.6071521 1.775698 0.4719006 -1.275725 0.6474413 -1.275725 0.4719005 2.275725 0.4719005 -0.7756983 0.6474416 -0.7756984 0.471901 -0.02244138 0.5560374 0.1530991 0.6071521 -0.02244138 0.6071521 -1.275725 0.6071522 1.775698 0.5560373 1.775698 0.6071521 0.3469005 0.6071521 0.522441 0.5560374 0.5224409 0.6071521 -0.7756984 0.5560374 2.275724 0.6071521 -0.7756983 0.6071521 1.775698 0.4719006 -1.275725 0.6474413 -1.275725 0.4719005 2.275725 0.4719005 -0.7756983 0.6474416 -0.7756984 0.471901 -0.02244138 0.5560374 0.1530991 0.5560374 0.1530991 0.6071521 -1.275725 0.5560374 1.775698 0.5560373 1.775698 0.6071521 0.3469004 0.5560373 0.522441 0.5560374 0.5224409 0.6071521 -0.7756984 0.5560374 2.275725 0.5560373 2.275724 0.6071521 1.775698 0.4719006 1.775698 0.6474412 -1.275725 0.6474413 2.275725 0.4719005 2.275725 0.647441 -0.7756983 0.6474416 -0.02244138 0.5560374 0.1530991 0.5560374 0.1530991 0.6071521 -1.275725 0.5560374 1.775698 0.5560373 1.775698 0.6071521 0.3469004 0.5560373 0.522441 0.5560374 0.5224409 0.6071521 -0.7756984 0.5560374 2.275725 0.5560373 2.275724 0.6071521 1.775698 0.4719006 1.775698 0.6474412 -1.275725 0.6474413 2.275725 0.4719005 2.275725 0.647441 -0.7756983 0.6474416 -0.02244138 0.5560374 0.1530991 0.5560374 0.1530991 0.6071521 -1.275725 0.5560374 1.775698 0.5560373 1.775698 0.6071521 0.3469004 0.5560373 0.522441 0.5560374 0.5224409 0.6071521 -0.7756984 0.5560374 2.275725 0.5560373 2.275724 0.6071521 1.775698 0.4719006 1.775698 0.6474412 -1.275725 0.6474413 2.275725 0.4719005 2.275725 0.647441 -0.7756983 0.6474416 -0.02244138 0.5560374 0.1530991 0.5560374 0.1530991 0.6071521 -1.275725 0.5560374 1.775698 0.5560373 1.775698 0.6071521 0.3469004 0.5560373 0.522441 0.5560374 0.5224409 0.6071521 -0.7756984 0.5560374 2.275725 0.5560373 2.275724 0.6071521 1.775698 0.4719006 1.775698 0.6474412 -1.275725 0.6474413 2.275725 0.4719005 2.275725 0.647441 -0.7756983 0.6474416 -0.02244138 0.5560374 0.1530991 0.5560374 0.1530991 0.6071521 -1.275725 0.5560374 1.775698 0.5560373 1.775698 0.6071521 0.3469004 0.5560373 0.522441 0.5560374 0.5224409 0.6071521 -0.7756984 0.5560374 2.275725 0.5560373 2.275724 0.6071521 1.775698 0.4719006 1.775698 0.6474412 -1.275725 0.6474413 2.275725 0.4719005 2.275725 0.647441 -0.7756983 0.6474416 -0.02244138 0.5560374 0.1530991 0.5560374 0.1530991 0.6071521 -1.275725 0.5560374 1.775698 0.5560373 1.775698 0.6071521 0.3469004 0.5560373 0.522441 0.5560374 0.5224409 0.6071521 -0.7756984 0.5560374 2.275725 0.5560373 2.275724 0.6071521 1.775698 0.4719006 1.775698 0.6474412 -1.275725 0.6474413 2.275725 0.4719005 2.275725 0.647441 -0.7756983 0.6474416 -0.02244138 0.5560374 0.1530991 0.5560374 0.1530991 0.6071521 -1.275725 0.6071522 -1.275725 0.5560374 1.775698 0.5560373 0.3469005 0.6071521 0.3469004 0.5560373 0.522441 0.5560374 -0.7756984 0.5560374 2.275725 0.5560373 2.275724 0.6071521 1.775698 0.4719006 1.775698 0.6474412 -1.275725 0.6474413 2.275725 0.4719005 2.275725 0.647441 -0.7756983 0.6474416 -0.02244138 0.5560374 0.1530991 0.5560374 0.1530991 0.6071521 -1.275725 0.6071522 -1.275725 0.5560374 1.775698 0.5560373 0.3469005 0.6071521 0.3469004 0.5560373 0.522441 0.5560374 -0.7756984 0.5560374 2.275725 0.5560373 2.275724 0.6071521 1.775698 0.4719006 1.775698 0.6474412 -1.275725 0.6474413 2.275725 0.4719005 2.275725 0.647441 -0.7756983 0.6474416 -0.02244138 0.5560374 0.1530991 0.5560374 0.1530991 0.6071521 -1.275725 0.6071522 -1.275725 0.5560374 1.775698 0.5560373 0.3469005 0.6071521 0.3469004 0.5560373 0.522441 0.5560374 -0.7756984 0.5560374 2.275725 0.5560373 2.275724 0.6071521 1.775698 0.4719006 1.775698 0.6474412 -1.275725 0.6474413 2.275725 0.4719005 2.275725 0.647441 -0.7756983 0.6474416</float_array>
          <technique_common>
            <accessor source="#Cube_041-mesh-map-0-array" count="324" stride="2">
              <param name="S" type="float"/>
              <param name="T" type="float"/>
            </accessor>
          </technique_common>
        </source>
        <vertices id="Cube_041-mesh-vertices">
          <input semantic="POSITION" source="#Cube_041-mesh-positions"/>
        </vertices>
        <triangles material="Material_001-material" count="108">
          <input semantic="VERTEX" source="#Cube_041-mesh-vertices" offset="0"/>
          <input semantic="NORMAL" source="#Cube_041-mesh-normals" offset="1"/>
          <input semantic="TEXCOORD" source="#Cube_041-mesh-map-0" offset="2" set="0"/>
          <p>1 0 0 2 0 1 0 0 2 3 1 3 6 1 4 2 1 5 7 2 6 4 2 7 6 2 8 5 3 9 0 3 10 4 3 11 6 4 12 0 4 13 2 4 14 3 5 15 5 5 16 7 5 17 9 6 18 10 6 19 8 6 20 11 1 21 14 1 22 10 1 23 15 7 24 12 7 25 14 7 26 13 3 27 8 3 28 12 3 29 14 8 30 8 8 31 10 8 32 11 9 33 13 9 34 15 9 35 17 10 36 18 10 37 16 10 38 19 1 39 22 1 40 18 1 41 23 11 42 20 11 43 22 11 44 21 3 45 16 3 46 20 3 47 22 8 48 16 8 49 18 8 50 19 9 51 21 9 52 23 9 53 25 12 54 26 12 55 24 12 56 27 1 57 30 1 58 26 1 59 31 13 60 28 13 61 30 13 62 29 3 63 24 3 64 28 3 65 30 14 66 24 14 67 26 14 68 27 15 69 29 15 70 31 15 71 33 16 72 34 16 73 32 16 74 35 1 75 38 1 76 34 1 77 39 17 78 36 17 79 38 17 80 37 3 81 32 3 82 36 3 83 38 18 84 32 18 85 34 18 86 35 15 87 37 15 88 39 15 89 41 19 90 42 19 91 40 19 92 43 1 93 46 1 94 42 1 95 47 20 96 44 20 97 46 20 98 45 3 99 40 3 100 44 3 101 46 21 102 40 21 103 42 21 104 43 22 105 45 22 106 47 22 107 49 23 108 50 23 109 48 23 110 50 24 111 55 24 112 54 24 113 54 25 114 53 25 115 52 25 116 53 26 117 48 26 118 52 26 119 54 27 120 48 27 121 50 27 122 51 28 123 53 28 124 55 28 125 57 29 126 58 29 127 56 29 128 58 30 129 63 30 130 62 30 131 62 31 132 61 31 133 60 31 134 61 32 135 56 32 136 60 32 137 62 33 138 56 33 139 58 33 140 59 34 141 61 34 142 63 34 143 65 35 144 66 35 145 64 35 146 66 36 147 71 36 148 70 36 149 70 37 150 69 37 151 68 37 152 69 38 153 64 38 154 68 38 155 70 39 156 64 39 157 66 39 158 67 40 159 69 40 160 71 40 161 1 0 162 3 0 163 2 0 164 3 1 165 7 1 166 6 1 167 7 2 168 5 2 169 4 2 170 5 3 171 1 3 172 0 3 173 6 4 174 4 4 175 0 4 176 3 5 177 1 5 178 5 5 179 9 41 180 11 41 181 10 41 182 11 1 183 15 1 184 14 1 185 15 2 186 13 2 187 12 2 188 13 3 189 9 3 190 8 3 191 14 8 192 12 8 193 8 8 194 11 9 195 9 9 196 13 9 197 17 0 198 19 0 199 18 0 200 19 1 201 23 1 202 22 1 203 23 2 204 21 2 205 20 2 206 21 3 207 17 3 208 16 3 209 22 42 210 20 42 211 16 42 212 19 43 213 17 43 214 21 43 215 25 44 216 27 44 217 26 44 218 27 1 219 31 1 220 30 1 221 31 2 222 29 2 223 28 2 224 29 3 225 25 3 226 24 3 227 30 45 228 28 45 229 24 45 230 27 46 231 25 46 232 29 46 233 33 47 234 35 47 235 34 47 236 35 1 237 39 1 238 38 1 239 39 2 240 37 2 241 36 2 242 37 3 243 33 3 244 32 3 245 38 48 246 36 48 247 32 48 248 35 15 249 33 15 250 37 15 251 41 0 252 43 0 253 42 0 254 43 1 255 47 1 256 46 1 257 47 2 258 45 2 259 44 2 260 45 3 261 41 3 262 40 3 263 46 8 264 44 8 265 40 8 266 43 49 267 41 49 268 45 49 269 49 50 270 51 50 271 50 50 272 50 24 273 51 24 274 55 24 275 54 51 276 55 51 277 53 51 278 53 26 279 49 26 280 48 26 281 54 52 282 52 52 283 48 52 284 51 53 285 49 53 286 53 53 287 57 54 288 59 54 289 58 54 290 58 24 291 59 24 292 63 24 293 62 55 294 63 55 295 61 55 296 61 56 297 57 56 298 56 56 299 62 57 300 60 57 301 56 57 302 59 58 303 57 58 304 61 58 305 65 59 306 67 59 307 66 59 308 66 24 309 67 24 310 71 24 311 70 51 312 71 51 313 69 51 314 69 60 315 65 60 316 64 60 317 70 61 318 68 61 319 64 61 320 67 62 321 65 62 322 69 62 323</p>
        </triangles>
      </mesh>
    </geometry>
    <geometry id="Cube_031-mesh" name="Cube.031">
      <mesh>
        <source id="Cube_031-mesh-positions">
          <float_array id="Cube_031-mesh-positions-array" count="120">-40.68599 -0.5984316 -0.6815291 -40.68599 -0.5984316 0.6815291 -40.68599 4.082649 -0.6815291 -40.68599 4.082649 0.6815291 40.68528 -0.5984316 -0.6815291 40.68528 -0.5984316 0.6815291 40.68528 4.082649 -0.6815291 40.68528 4.082649 0.6815291 -38.58397 12.93986 -0.09793752 -38.5209 13.06639 1.257769 -37.03726 17.33167 -0.5797799 -36.97419 17.4582 0.7759267 38.12476 -14.18905 -1.134562 38.18783 -14.06252 0.2211444 39.67147 -9.797237 -1.616405 39.73454 -9.670709 -0.2606979 -2.457508 40.61648 -0.658979 -2.420351 40.61796 0.7035719 2.217034 40.82828 -0.786684 2.254191 40.82976 0.5758668 1.225128 -40.67141 -0.67092 1.262284 -40.66993 0.6916308 5.89967 -40.45962 -0.798625 5.936827 -40.45814 0.5639259 -39.17844 1.327522 -0.4779996 -39.11536 1.45405 0.877707 -37.63173 5.719337 -0.959842 -37.56866 5.845867 0.3958646 37.5303 -25.80139 -1.514624 37.59337 -25.67486 -0.1589176 39.077 -21.40957 -1.996467 39.14007 -21.28304 -0.64076 -45.6387 -4.959496 -0.4570074 -45.57563 -4.832968 0.8986993 -44.092 -0.5676804 -0.9388498 -44.02893 -0.4411507 0.4168568 31.07003 -32.0884 -1.493632 31.1331 -31.96188 -0.1379253 32.61673 -27.69659 -1.975474 32.6798 -27.57006 -0.6197677</float_array>
          <technique_common>
            <accessor source="#Cube_031-mesh-positions-array" count="40" stride="3">
              <param name="X" type="float"/>
              <param name="Y" type="float"/>
              <param name="Z" type="float"/>
            </accessor>
          </technique_common>
        </source>
        <source id="Cube_031-mesh-normals">
          <float_array id="Cube_031-mesh-normals-array" count="162">-1 0 0 0 1 0 1 0 0 0 -1 0 0 0 -1 0 0 1 -0.9427002 0.3333978 0.01274156 0.3304159 0.9382055 -0.1029363 0.9427013 -0.3333947 -0.01274132 -0.330416 -0.9382057 0.1029346 -0.04627007 -0.09282666 -0.9946066 0.04627007 0.0928266 0.9946066 -0.04525703 0.9989753 1.50586e-4 0.9986034 0.04524433 -0.02728092 0.04525703 -0.9989755 -1.42963e-4 -0.9986034 -0.04524433 0.02728092 -0.02725976 -0.001088082 -0.9996278 0.02725976 0.001088082 0.9996278 -0.9427 0.3333984 0.01274186 0.3304159 0.9382055 -0.1029357 0.9427013 -0.3333947 -0.01274299 -0.330416 -0.9382057 0.1029348 -0.04627007 -0.09282666 -0.9946066 0.04627001 0.0928266 0.9946067 -0.9427002 0.3333978 0.01274174 0.3304159 0.9382056 -0.1029357 0.9427002 -0.3333979 -0.0127424 -0.3304159 -0.9382055 0.1029361 -0.04627007 -0.09282666 -0.9946067 0.04627001 0.09282654 0.9946066 -0.9427006 0.3333966 0.01274144 0.330416 0.9382056 -0.1029344 0.9426993 -0.3334004 -0.01274216 -0.330416 -0.9382057 0.1029347 -0.04627007 -0.09282666 -0.9946066 0.04627007 0.0928266 0.9946067 -0.04525703 0.9989753 1.48269e-4 0.9986034 0.04524433 -0.02728128 0.04525703 -0.9989754 -1.53052e-4 -0.9986035 -0.04524433 0.02728092 -0.02725976 -0.001088082 -0.9996278 0.02725976 0.001088082 0.9996278 -0.9427006 0.3333966 0.01274132 0.3304159 0.9382055 -0.1029365 0.9426995 -0.3333998 -0.01274037 -0.330416 -0.9382057 0.1029347 -0.04627007 -0.09282666 -0.9946067 0.04627007 0.0928266 0.9946067 -0.9427006 0.3333966 0.01274138 0.3304159 0.9382056 -0.1029353 0.9427003 -0.3333976 -0.01274156 -0.3304161 -0.938206 0.1029314 -0.04627007 -0.09282666 -0.9946067 0.04627007 0.0928266 0.9946066</float_array>
          <technique_common>
            <accessor source="#Cube_031-mesh-normals-array" count="54" stride="3">
              <param name="X" type="float"/>
              <param name="Y" type="float"/>
              <param name="Z" type="float"/>
            </accessor>
          </technique_common>
        </source>
        <source id="Cube_031-mesh-map-0">
          <float_array id="Cube_031-mesh-map-0-array" count="360">-0.02244138 0.5560374 0.1530991 0.6071521 -0.02244138 0.6071521 -1.275725 0.5560374 1.775698 0.6071521 -1.275725 0.6071522 0.3469004 0.5560373 0.5224409 0.6071521 0.3469005 0.6071521 -0.7756984 0.5560374 2.275724 0.6071521 -0.7756983 0.6071521 1.775698 0.4719006 -1.275725 0.6474413 -1.275725 0.4719005 2.275725 0.4719005 -0.7756983 0.6474416 -0.7756984 0.471901 -0.02244138 0.5560374 0.1530991 0.6071521 -0.02244138 0.6071521 -1.275725 0.5560374 1.775698 0.6071521 -1.275725 0.6071522 0.3469005 0.6071521 0.522441 0.5560374 0.5224409 0.6071521 -0.7756983 0.6071521 2.275725 0.5560373 2.275724 0.6071521 1.775698 0.4719006 -1.275725 0.6474413 -1.275725 0.4719005 -0.7756984 0.471901 2.275725 0.647441 -0.7756983 0.6474416 -0.02244138 0.6071521 0.1530991 0.5560374 0.1530991 0.6071521 -1.275725 0.5560374 1.775698 0.6071521 -1.275725 0.6071522 0.3469005 0.6071521 0.522441 0.5560374 0.5224409 0.6071521 -0.7756983 0.6071521 2.275725 0.5560373 2.275724 0.6071521 1.775698 0.4719006 -1.275725 0.6474413 -1.275725 0.4719005 2.275725 0.4719005 -0.7756983 0.6474416 -0.7756984 0.471901 -0.02244138 0.5560374 0.1530991 0.6071521 -0.02244138 0.6071521 -1.275725 0.5560374 1.775698 0.6071521 -1.275725 0.6071522 0.3469005 0.6071521 0.522441 0.5560374 0.5224409 0.6071521 -0.7756983 0.6071521 2.275725 0.5560373 2.275724 0.6071521 1.775698 0.4719006 -1.275725 0.6474413 -1.275725 0.4719005 -0.7756984 0.471901 2.275725 0.647441 -0.7756983 0.6474416 -0.02244138 0.5560374 0.1530991 0.6071521 -0.02244138 0.6071521 -1.275725 0.5560374 1.775698 0.6071521 -1.275725 0.6071522 0.3469005 0.6071521 0.522441 0.5560374 0.5224409 0.6071521 -0.7756983 0.6071521 2.275725 0.5560373 2.275724 0.6071521 1.775698 0.4719006 -1.275725 0.6474413 -1.275725 0.4719005 -0.7756984 0.471901 2.275725 0.647441 -0.7756983 0.6474416 -0.02244138 0.5560374 0.1530991 0.5560374 0.1530991 0.6071521 -1.275725 0.5560374 1.775698 0.5560373 1.775698 0.6071521 0.3469004 0.5560373 0.522441 0.5560374 0.5224409 0.6071521 -0.7756984 0.5560374 2.275725 0.5560373 2.275724 0.6071521 1.775698 0.4719006 1.775698 0.6474412 -1.275725 0.6474413 2.275725 0.4719005 2.275725 0.647441 -0.7756983 0.6474416 -0.02244138 0.5560374 0.1530991 0.5560374 0.1530991 0.6071521 -1.275725 0.5560374 1.775698 0.5560373 1.775698 0.6071521 0.3469005 0.6071521 0.3469004 0.5560373 0.522441 0.5560374 -0.7756983 0.6071521 -0.7756984 0.5560374 2.275725 0.5560373 1.775698 0.4719006 1.775698 0.6474412 -1.275725 0.6474413 -0.7756984 0.471901 2.275725 0.4719005 2.275725 0.647441 -0.02244138 0.6071521 -0.02244138 0.5560374 0.1530991 0.5560374 -1.275725 0.5560374 1.775698 0.5560373 1.775698 0.6071521 0.3469005 0.6071521 0.3469004 0.5560373 0.522441 0.5560374 -0.7756983 0.6071521 -0.7756984 0.5560374 2.275725 0.5560373 1.775698 0.4719006 1.775698 0.6474412 -1.275725 0.6474413 2.275725 0.4719005 2.275725 0.647441 -0.7756983 0.6474416 -0.02244138 0.5560374 0.1530991 0.5560374 0.1530991 0.6071521 -1.275725 0.5560374 1.775698 0.5560373 1.775698 0.6071521 0.3469005 0.6071521 0.3469004 0.5560373 0.522441 0.5560374 -0.7756983 0.6071521 -0.7756984 0.5560374 2.275725 0.5560373 1.775698 0.4719006 1.775698 0.6474412 -1.275725 0.6474413 -0.7756984 0.471901 2.275725 0.4719005 2.275725 0.647441 -0.02244138 0.5560374 0.1530991 0.5560374 0.1530991 0.6071521 -1.275725 0.5560374 1.775698 0.5560373 1.775698 0.6071521 0.3469005 0.6071521 0.3469004 0.5560373 0.522441 0.5560374 -0.7756983 0.6071521 -0.7756984 0.5560374 2.275725 0.5560373 1.775698 0.4719006 1.775698 0.6474412 -1.275725 0.6474413 -0.7756984 0.471901 2.275725 0.4719005 2.275725 0.647441</float_array>
          <technique_common>
            <accessor source="#Cube_031-mesh-map-0-array" count="180" stride="2">
              <param name="S" type="float"/>
              <param name="T" type="float"/>
            </accessor>
          </technique_common>
        </source>
        <vertices id="Cube_031-mesh-vertices">
          <input semantic="POSITION" source="#Cube_031-mesh-positions"/>
        </vertices>
        <triangles material="Material_001-material" count="60">
          <input semantic="VERTEX" source="#Cube_031-mesh-vertices" offset="0"/>
          <input semantic="NORMAL" source="#Cube_031-mesh-normals" offset="1"/>
          <input semantic="TEXCOORD" source="#Cube_031-mesh-map-0" offset="2" set="0"/>
          <p>1 0 0 2 0 1 0 0 2 3 1 3 6 1 4 2 1 5 7 2 6 4 2 7 6 2 8 5 3 9 0 3 10 4 3 11 6 4 12 0 4 13 2 4 14 3 5 15 5 5 16 7 5 17 9 6 18 10 6 19 8 6 20 11 7 21 14 7 22 10 7 23 14 8 24 13 8 25 12 8 26 12 9 27 9 9 28 8 9 29 14 10 30 8 10 31 10 10 32 15 11 33 9 11 34 13 11 35 16 12 36 19 12 37 18 12 38 19 13 39 22 13 40 18 13 41 22 14 42 21 14 43 20 14 44 20 15 45 17 15 46 16 15 47 22 16 48 16 16 49 18 16 50 19 17 51 21 17 52 23 17 53 25 18 54 26 18 55 24 18 56 27 19 57 30 19 58 26 19 59 30 20 60 29 20 61 28 20 62 28 21 63 25 21 64 24 21 65 30 22 66 24 22 67 26 22 68 31 23 69 25 23 70 29 23 71 33 24 72 34 24 73 32 24 74 35 25 75 38 25 76 34 25 77 38 26 78 37 26 79 36 26 80 36 27 81 33 27 82 32 27 83 38 28 84 32 28 85 34 28 86 39 29 87 33 29 88 37 29 89 1 0 90 3 0 91 2 0 92 3 1 93 7 1 94 6 1 95 7 2 96 5 2 97 4 2 98 5 3 99 1 3 100 0 3 101 6 4 102 4 4 103 0 4 104 3 5 105 1 5 106 5 5 107 9 30 108 11 30 109 10 30 110 11 31 111 15 31 112 14 31 113 14 32 114 15 32 115 13 32 116 12 33 117 13 33 118 9 33 119 14 34 120 12 34 121 8 34 122 15 35 123 11 35 124 9 35 125 16 36 126 17 36 127 19 36 128 19 37 129 23 37 130 22 37 131 22 38 132 23 38 133 21 38 134 20 39 135 21 39 136 17 39 137 22 40 138 20 40 139 16 40 140 19 41 141 17 41 142 21 41 143 25 42 144 27 42 145 26 42 146 27 43 147 31 43 148 30 43 149 30 44 150 31 44 151 29 44 152 28 45 153 29 45 154 25 45 155 30 46 156 28 46 157 24 46 158 31 47 159 27 47 160 25 47 161 33 48 162 35 48 163 34 48 164 35 49 165 39 49 166 38 49 167 38 50 168 39 50 169 37 50 170 36 51 171 37 51 172 33 51 173 38 52 174 36 52 175 32 52 176 39 53 177 35 53 178 33 53 179</p>
        </triangles>
      </mesh>
    </geometry>
    <geometry id="Cube_029-mesh" name="Cube.029">
      <mesh>
        <source id="Cube_029-mesh-positions">
          <float_array id="Cube_029-mesh-positions-array" count="24">-26.01663 -1.349396 -0.6815271 -26.01663 -1.349396 0.6815308 -25.92997 3.327248 -0.6815271 -25.92997 3.327248 0.6815308 25.92926 0.1569697 -0.6815308 25.92926 0.1569697 0.6815271 26.01592 4.833614 -0.6815308 26.01592 4.833614 0.6815271</float_array>
          <technique_common>
            <accessor source="#Cube_029-mesh-positions-array" count="8" stride="3">
              <param name="X" type="float"/>
              <param name="Y" type="float"/>
              <param name="Z" type="float"/>
            </accessor>
          </technique_common>
        </source>
        <source id="Cube_029-mesh-normals">
          <float_array id="Cube_029-mesh-normals-array" count="33">-0.9998285 0.01852649 0 -0.02898657 0.9995798 0 0.9998285 -0.01852768 0 0.02898657 -0.9995799 0 0 0 -1 0 0 1 -0.9998284 0.01852649 0 -0.02898657 0.9995799 0 0.9998285 -0.01852649 0 0 0 -1 0 0 1</float_array>
          <technique_common>
            <accessor source="#Cube_029-mesh-normals-array" count="11" stride="3">
              <param name="X" type="float"/>
              <param name="Y" type="float"/>
              <param name="Z" type="float"/>
            </accessor>
          </technique_common>
        </source>
        <source id="Cube_029-mesh-map-0">
          <float_array id="Cube_029-mesh-map-0-array" count="72">-0.05060255 0.5560374 0.1247715 0.6071521 -0.05060255 0.607152 -0.7223742 0.5560374 1.225597 0.6071521 -0.7223737 0.6071522 0.3187392 0.5560373 0.4941134 0.6071521 0.3187393 0.6071522 -0.2223478 0.5560374 1.725623 0.6071521 -0.2223473 0.6071521 -0.7223741 0.5002281 1.222347 0.6191136 -0.7256237 0.6756024 1.722374 0.5002281 -0.2223475 0.6191139 -0.2255973 0.4437397 -0.05060255 0.5560374 0.1247716 0.5560374 0.1247715 0.6071521 -0.7223742 0.5560374 1.225597 0.5560373 1.225597 0.6071521 0.3187392 0.5560373 0.4941134 0.5560374 0.4941134 0.6071521 -0.2223478 0.5560374 1.725623 0.5560373 1.725623 0.6071521 -0.7223741 0.5002281 1.225597 0.4437394 1.222347 0.6191136 1.722374 0.5002281 1.725624 0.6756023 -0.2223475 0.6191139</float_array>
          <technique_common>
            <accessor source="#Cube_029-mesh-map-0-array" count="36" stride="2">
              <param name="S" type="float"/>
              <param name="T" type="float"/>
            </accessor>
          </technique_common>
        </source>
        <vertices id="Cube_029-mesh-vertices">
          <input semantic="POSITION" source="#Cube_029-mesh-positions"/>
        </vertices>
        <triangles material="Material_001-material" count="12">
          <input semantic="VERTEX" source="#Cube_029-mesh-vertices" offset="0"/>
          <input semantic="NORMAL" source="#Cube_029-mesh-normals" offset="1"/>
          <input semantic="TEXCOORD" source="#Cube_029-mesh-map-0" offset="2" set="0"/>
          <p>1 0 0 2 0 1 0 0 2 3 1 3 6 1 4 2 1 5 7 2 6 4 2 7 6 2 8 5 3 9 0 3 10 4 3 11 2 4 12 4 4 13 0 4 14 3 5 15 5 5 16 7 5 17 1 6 18 3 6 19 2 6 20 3 7 21 7 7 22 6 7 23 7 8 24 5 8 25 4 8 26 5 3 27 1 3 28 0 3 29 2 9 30 6 9 31 4 9 32 3 10 33 1 10 34 5 10 35</p>
        </triangles>
      </mesh>
    </geometry>
    <geometry id="Cube_027-mesh" name="Cube.027">
      <mesh>
        <source id="Cube_027-mesh-positions">
          <float_array id="Cube_027-mesh-positions-array" count="24">-26.01663 -1.349396 -0.6815271 -26.01663 -1.349396 0.6815308 -25.92997 3.327248 -0.6815271 -25.92997 3.327248 0.6815308 25.92926 0.1569697 -0.6815308 25.92926 0.1569697 0.6815271 26.01592 4.833614 -0.6815308 26.01592 4.833614 0.6815271</float_array>
          <technique_common>
            <accessor source="#Cube_027-mesh-positions-array" count="8" stride="3">
              <param name="X" type="float"/>
              <param name="Y" type="float"/>
              <param name="Z" type="float"/>
            </accessor>
          </technique_common>
        </source>
        <source id="Cube_027-mesh-normals">
          <float_array id="Cube_027-mesh-normals-array" count="33">-0.9998285 0.01852649 0 -0.02898657 0.9995798 0 0.9998285 -0.01852768 0 0.02898657 -0.9995799 0 0 0 -1 0 0 1 -0.9998284 0.01852649 0 -0.02898657 0.9995799 0 0.9998285 -0.01852649 0 0 0 -1 0 0 1</float_array>
          <technique_common>
            <accessor source="#Cube_027-mesh-normals-array" count="11" stride="3">
              <param name="X" type="float"/>
              <param name="Y" type="float"/>
              <param name="Z" type="float"/>
            </accessor>
          </technique_common>
        </source>
        <source id="Cube_027-mesh-map-0">
          <float_array id="Cube_027-mesh-map-0-array" count="72">-0.05060255 0.5560374 0.1247715 0.6071521 -0.05060255 0.607152 -0.7223742 0.5560374 1.225597 0.6071521 -0.7223737 0.6071522 0.3187392 0.5560373 0.4941134 0.6071521 0.3187393 0.6071522 -0.2223478 0.5560374 1.725623 0.6071521 -0.2223473 0.6071521 -0.7223741 0.5002281 1.222347 0.6191136 -0.7256237 0.6756024 1.722374 0.5002281 -0.2223475 0.6191139 -0.2255973 0.4437397 -0.05060255 0.5560374 0.1247716 0.5560374 0.1247715 0.6071521 -0.7223742 0.5560374 1.225597 0.5560373 1.225597 0.6071521 0.3187392 0.5560373 0.4941134 0.5560374 0.4941134 0.6071521 -0.2223478 0.5560374 1.725623 0.5560373 1.725623 0.6071521 -0.7223741 0.5002281 1.225597 0.4437394 1.222347 0.6191136 1.722374 0.5002281 1.725624 0.6756023 -0.2223475 0.6191139</float_array>
          <technique_common>
            <accessor source="#Cube_027-mesh-map-0-array" count="36" stride="2">
              <param name="S" type="float"/>
              <param name="T" type="float"/>
            </accessor>
          </technique_common>
        </source>
        <vertices id="Cube_027-mesh-vertices">
          <input semantic="POSITION" source="#Cube_027-mesh-positions"/>
        </vertices>
        <triangles material="Material_001-material" count="12">
          <input semantic="VERTEX" source="#Cube_027-mesh-vertices" offset="0"/>
          <input semantic="NORMAL" source="#Cube_027-mesh-normals" offset="1"/>
          <input semantic="TEXCOORD" source="#Cube_027-mesh-map-0" offset="2" set="0"/>
          <p>1 0 0 2 0 1 0 0 2 3 1 3 6 1 4 2 1 5 7 2 6 4 2 7 6 2 8 5 3 9 0 3 10 4 3 11 2 4 12 4 4 13 0 4 14 3 5 15 5 5 16 7 5 17 1 6 18 3 6 19 2 6 20 3 7 21 7 7 22 6 7 23 7 8 24 5 8 25 4 8 26 5 3 27 1 3 28 0 3 29 2 9 30 6 9 31 4 9 32 3 10 33 1 10 34 5 10 35</p>
        </triangles>
      </mesh>
    </geometry>
    <geometry id="Cube_026-mesh" name="Cube.026">
      <mesh>
        <source id="Cube_026-mesh-positions">
          <float_array id="Cube_026-mesh-positions-array" count="48">-43.14919 -2.650249 -1.427714 -43.14919 -2.650249 -0.06465625 -43.14919 2.030831 -1.427714 -43.14919 2.030831 -0.06465625 38.22208 -2.650249 -1.427714 38.22208 -2.650249 -0.06465625 38.22208 2.030831 -1.427714 38.22208 2.030831 -0.06465625 -36.26439 12.99612 0.06465494 -36.26439 12.99612 1.427713 -34.55408 17.35357 0.06465584 -34.55408 17.35357 1.427714 39.4812 -16.73416 0.06465733 39.4812 -16.73416 1.427715 41.1915 -12.37671 0.06465828 41.1915 -12.37671 1.427716</float_array>
          <technique_common>
            <accessor source="#Cube_026-mesh-positions-array" count="16" stride="3">
              <param name="X" type="float"/>
              <param name="Y" type="float"/>
              <param name="Z" type="float"/>
            </accessor>
          </technique_common>
        </source>
        <source id="Cube_026-mesh-normals">
          <float_array id="Cube_026-mesh-normals-array" count="51">-1 0 0 0 1 0 1 0 0 0 -1 0 0 0 -1 0 0 1 -0.9308638 0.3653663 0 0.3653658 0.9308641 0 0.9308646 -0.3653645 0 -0.3653658 -0.9308641 0 0 1.66819e-7 -1 0 -1.78939e-7 1 -0.9308641 0.3653656 0 0.3653658 0.930864 0 0.9308639 -0.3653665 0 0 1.78939e-7 -1 0 -1.78939e-7 1</float_array>
          <technique_common>
            <accessor source="#Cube_026-mesh-normals-array" count="17" stride="3">
              <param name="X" type="float"/>
              <param name="Y" type="float"/>
              <param name="Z" type="float"/>
            </accessor>
          </technique_common>
        </source>
        <source id="Cube_026-mesh-map-0">
          <float_array id="Cube_026-mesh-map-0-array" count="144">-0.02244138 0.5560374 0.1530991 0.6071521 -0.02244138 0.6071521 -1.275725 0.5560374 1.775698 0.6071521 -1.275725 0.6071522 0.3469004 0.5560373 0.5224409 0.6071521 0.3469005 0.6071521 -0.7756984 0.5560374 2.275724 0.6071521 -0.7756983 0.6071521 1.775698 0.4719006 -1.275725 0.6474413 -1.275725 0.4719005 2.275725 0.4719005 -0.7756983 0.6474416 -0.7756984 0.471901 -0.02244138 0.5560374 0.1530991 0.6071521 -0.02244138 0.6071521 -1.275725 0.5560374 1.775698 0.6071521 -1.275725 0.6071522 0.3469005 0.6071521 0.522441 0.5560374 0.5224409 0.6071521 -0.7756984 0.5560374 2.275724 0.6071521 -0.7756983 0.6071521 1.775698 0.4719006 -1.275725 0.6474413 -1.275725 0.4719005 -0.7756984 0.471901 2.275725 0.647441 -0.7756983 0.6474416 -0.02244138 0.5560374 0.1530991 0.5560374 0.1530991 0.6071521 -1.275725 0.5560374 1.775698 0.5560373 1.775698 0.6071521 0.3469004 0.5560373 0.522441 0.5560374 0.5224409 0.6071521 -0.7756984 0.5560374 2.275725 0.5560373 2.275724 0.6071521 1.775698 0.4719006 1.775698 0.6474412 -1.275725 0.6474413 2.275725 0.4719005 2.275725 0.647441 -0.7756983 0.6474416 -0.02244138 0.5560374 0.1530991 0.5560374 0.1530991 0.6071521 -1.275725 0.5560374 1.775698 0.5560373 1.775698 0.6071521 0.3469005 0.6071521 0.3469004 0.5560373 0.522441 0.5560374 -0.7756984 0.5560374 2.275725 0.5560373 2.275724 0.6071521 1.775698 0.4719006 1.775698 0.6474412 -1.275725 0.6474413 -0.7756984 0.471901 2.275725 0.4719005 2.275725 0.647441</float_array>
          <technique_common>
            <accessor source="#Cube_026-mesh-map-0-array" count="72" stride="2">
              <param name="S" type="float"/>
              <param name="T" type="float"/>
            </accessor>
          </technique_common>
        </source>
        <vertices id="Cube_026-mesh-vertices">
          <input semantic="POSITION" source="#Cube_026-mesh-positions"/>
        </vertices>
        <triangles material="Material_001-material" count="24">
          <input semantic="VERTEX" source="#Cube_026-mesh-vertices" offset="0"/>
          <input semantic="NORMAL" source="#Cube_026-mesh-normals" offset="1"/>
          <input semantic="TEXCOORD" source="#Cube_026-mesh-map-0" offset="2" set="0"/>
          <p>1 0 0 2 0 1 0 0 2 3 1 3 6 1 4 2 1 5 7 2 6 4 2 7 6 2 8 5 3 9 0 3 10 4 3 11 6 4 12 0 4 13 2 4 14 3 5 15 5 5 16 7 5 17 9 6 18 10 6 19 8 6 20 11 7 21 14 7 22 10 7 23 14 8 24 13 8 25 12 8 26 13 9 27 8 9 28 12 9 29 14 10 30 8 10 31 10 10 32 15 11 33 9 11 34 13 11 35 1 0 36 3 0 37 2 0 38 3 1 39 7 1 40 6 1 41 7 2 42 5 2 43 4 2 44 5 3 45 1 3 46 0 3 47 6 4 48 4 4 49 0 4 50 3 5 51 1 5 52 5 5 53 9 12 54 11 12 55 10 12 56 11 13 57 15 13 58 14 13 59 14 14 60 15 14 61 13 14 62 13 9 63 9 9 64 8 9 65 14 15 66 12 15 67 8 15 68 15 16 69 11 16 70 9 16 71</p>
        </triangles>
      </mesh>
    </geometry>
    <geometry id="Cube_021-mesh" name="Cube.021">
      <mesh>
        <source id="Cube_021-mesh-positions">
          <float_array id="Cube_021-mesh-positions-array" count="96">-51.58041 8.401579 -0.5420007 -51.58041 8.401579 0.8210574 -51.58041 13.08266 -0.5420007 -51.58041 13.08266 0.8210574 29.79086 8.401579 -0.5420007 29.79086 8.401579 0.8210574 29.79086 13.08266 -0.5420007 29.79086 13.08266 0.8210574 -54.88879 -8.543548 -0.8210613 -54.88879 -8.543548 0.5419969 -56.59909 -4.186099 -0.8210616 -56.59909 -4.186099 0.5419966 20.85681 21.18674 -0.8210576 20.85681 21.18674 0.5420007 19.1465 25.54419 -0.8210578 19.1465 25.54419 0.5420004 25.0359 -45.28147 -0.5419964 25.0359 -45.28147 0.8210619 20.50918 -46.47365 -0.5419978 20.50918 -46.47365 0.8210604 4.312095 33.40658 -0.5419974 4.312095 33.40658 0.8210608 -0.2146272 32.21439 -0.5419989 -0.2146272 32.21439 0.8210594 42.26485 -44.16511 -0.8210543 42.26485 -44.16511 0.5420038 38.48668 -46.92879 -0.821056 38.48668 -46.92879 0.5420022 -5.776104 21.51099 -0.8210609 -5.776104 21.51099 0.5419973 -9.554282 18.74732 -0.8210625 -9.554282 18.74732 0.5419957</float_array>
          <technique_common>
            <accessor source="#Cube_021-mesh-positions-array" count="32" stride="3">
              <param name="X" type="float"/>
              <param name="Y" type="float"/>
              <param name="Z" type="float"/>
            </accessor>
          </technique_common>
        </source>
        <source id="Cube_021-mesh-normals">
          <float_array id="Cube_021-mesh-normals-array" count="120">-1 0 0 0 1 0 1 0 0 0 -1 0 0 0 -1 0 0 1 -0.9308637 -0.3653666 0 -0.3653658 0.930864 0 0.9308639 0.3653662 0 0.3653659 -0.930864 0 0 0 -1 0 0 1 0.2546818 -0.9670249 0 -0.9670249 -0.2546821 0 -0.2546815 0.9670251 0 0.9670249 0.2546821 0 3.00445e-7 0 -1 -3.0107e-7 0 1 0.5903928 -0.8071161 0 -0.8071166 -0.5903921 0 -0.5903921 0.8071167 0 0.8071166 0.5903921 0 3.26733e-7 1.46639e-7 -1 -3.08581e-7 -1.38531e-7 1 -0.9308644 -0.3653649 0 0.9308642 0.3653654 0 0.3653658 -0.9308641 0 0 0 -1 0 0 1 0.2546815 -0.9670251 0 -0.9670249 -0.2546821 0 -0.2546814 0.9670251 0 0.9670249 0.254682 0 3.08894e-7 0 -1 -3.20474e-7 0 1 0.590394 -0.8071153 0 -0.8071167 -0.5903921 0 -0.5903919 0.8071167 0 3.00444e-7 1.30422e-7 -1 -3.20474e-7 -1.38531e-7 1</float_array>
          <technique_common>
            <accessor source="#Cube_021-mesh-normals-array" count="40" stride="3">
              <param name="X" type="float"/>
              <param name="Y" type="float"/>
              <param name="Z" type="float"/>
            </accessor>
          </technique_common>
        </source>
        <source id="Cube_021-mesh-map-0">
          <float_array id="Cube_021-mesh-map-0-array" count="288">-0.02244138 0.5560374 0.1530991 0.6071521 -0.02244138 0.6071521 -1.275725 0.5560374 1.775698 0.6071521 -1.275725 0.6071522 0.3469004 0.5560373 0.5224409 0.6071521 0.3469005 0.6071521 -0.7756984 0.5560374 2.275724 0.6071521 -0.7756983 0.6071521 1.775698 0.4719006 -1.275725 0.6474413 -1.275725 0.4719005 2.275725 0.4719005 -0.7756983 0.6474416 -0.7756984 0.471901 -0.02244138 0.6071521 0.1530991 0.5560374 0.1530991 0.6071521 -1.275725 0.5560374 1.775698 0.6071521 -1.275725 0.6071522 0.3469004 0.5560373 0.5224409 0.6071521 0.3469005 0.6071521 -0.7756984 0.5560374 2.275724 0.6071521 -0.7756983 0.6071521 1.775698 0.4719006 -1.275725 0.6474413 -1.275725 0.4719005 -0.7756984 0.471901 2.275725 0.647441 -0.7756983 0.6474416 -0.02244138 0.6071521 0.1530991 0.5560374 0.1530991 0.6071521 -1.275725 0.5560374 1.775698 0.6071521 -1.275725 0.6071522 0.3469004 0.5560373 0.5224409 0.6071521 0.3469005 0.6071521 -0.7756984 0.5560374 2.275724 0.6071521 -0.7756983 0.6071521 -1.275725 0.4719005 1.775698 0.6474412 -1.275725 0.6474413 2.275725 0.4719005 -0.7756983 0.6474416 -0.7756984 0.471901 -0.02244138 0.6071521 0.1530991 0.5560374 0.1530991 0.6071521 -1.275725 0.5560374 1.775698 0.6071521 -1.275725 0.6071522 0.3469004 0.5560373 0.5224409 0.6071521 0.3469005 0.6071521 -0.7756984 0.5560374 2.275724 0.6071521 -0.7756983 0.6071521 1.775698 0.4719006 -1.275725 0.6474413 -1.275725 0.4719005 2.275725 0.4719005 -0.7756983 0.6474416 -0.7756984 0.471901 -0.02244138 0.5560374 0.1530991 0.5560374 0.1530991 0.6071521 -1.275725 0.5560374 1.775698 0.5560373 1.775698 0.6071521 0.3469004 0.5560373 0.522441 0.5560374 0.5224409 0.6071521 -0.7756984 0.5560374 2.275725 0.5560373 2.275724 0.6071521 1.775698 0.4719006 1.775698 0.6474412 -1.275725 0.6474413 2.275725 0.4719005 2.275725 0.647441 -0.7756983 0.6474416 -0.02244138 0.6071521 -0.02244138 0.5560374 0.1530991 0.5560374 -1.275725 0.5560374 1.775698 0.5560373 1.775698 0.6071521 0.3469004 0.5560373 0.522441 0.5560374 0.5224409 0.6071521 -0.7756984 0.5560374 2.275725 0.5560373 2.275724 0.6071521 1.775698 0.4719006 1.775698 0.6474412 -1.275725 0.6474413 -0.7756984 0.471901 2.275725 0.4719005 2.275725 0.647441 -0.02244138 0.6071521 -0.02244138 0.5560374 0.1530991 0.5560374 -1.275725 0.5560374 1.775698 0.5560373 1.775698 0.6071521 0.3469004 0.5560373 0.522441 0.5560374 0.5224409 0.6071521 -0.7756984 0.5560374 2.275725 0.5560373 2.275724 0.6071521 -1.275725 0.4719005 1.775698 0.4719006 1.775698 0.6474412 2.275725 0.4719005 2.275725 0.647441 -0.7756983 0.6474416 -0.02244138 0.6071521 -0.02244138 0.5560374 0.1530991 0.5560374 -1.275725 0.5560374 1.775698 0.5560373 1.775698 0.6071521 0.3469004 0.5560373 0.522441 0.5560374 0.5224409 0.6071521 -0.7756984 0.5560374 2.275725 0.5560373 2.275724 0.6071521 1.775698 0.4719006 1.775698 0.6474412 -1.275725 0.6474413 2.275725 0.4719005 2.275725 0.647441 -0.7756983 0.6474416</float_array>
          <technique_common>
            <accessor source="#Cube_021-mesh-map-0-array" count="144" stride="2">
              <param name="S" type="float"/>
              <param name="T" type="float"/>
            </accessor>
          </technique_common>
        </source>
        <vertices id="Cube_021-mesh-vertices">
          <input semantic="POSITION" source="#Cube_021-mesh-positions"/>
        </vertices>
        <triangles material="Material_001-material" count="48">
          <input semantic="VERTEX" source="#Cube_021-mesh-vertices" offset="0"/>
          <input semantic="NORMAL" source="#Cube_021-mesh-normals" offset="1"/>
          <input semantic="TEXCOORD" source="#Cube_021-mesh-map-0" offset="2" set="0"/>
          <p>1 0 0 2 0 1 0 0 2 3 1 3 6 1 4 2 1 5 7 2 6 4 2 7 6 2 8 5 3 9 0 3 10 4 3 11 6 4 12 0 4 13 2 4 14 3 5 15 5 5 16 7 5 17 8 6 18 11 6 19 10 6 20 11 7 21 14 7 22 10 7 23 15 8 24 12 8 25 14 8 26 13 9 27 8 9 28 12 9 29 14 10 30 8 10 31 10 10 32 15 11 33 9 11 34 13 11 35 16 12 36 19 12 37 18 12 38 19 13 39 22 13 40 18 13 41 23 14 42 20 14 43 22 14 44 21 15 45 16 15 46 20 15 47 18 16 48 20 16 49 16 16 50 19 17 51 21 17 52 23 17 53 24 18 54 27 18 55 26 18 56 27 19 57 30 19 58 26 19 59 31 20 60 28 20 61 30 20 62 29 21 63 24 21 64 28 21 65 30 22 66 24 22 67 26 22 68 27 23 69 29 23 70 31 23 71 1 0 72 3 0 73 2 0 74 3 1 75 7 1 76 6 1 77 7 2 78 5 2 79 4 2 80 5 3 81 1 3 82 0 3 83 6 4 84 4 4 85 0 4 86 3 5 87 1 5 88 5 5 89 8 24 90 9 24 91 11 24 92 11 7 93 15 7 94 14 7 95 15 25 96 13 25 97 12 25 98 13 26 99 9 26 100 8 26 101 14 27 102 12 27 103 8 27 104 15 28 105 11 28 106 9 28 107 16 29 108 17 29 109 19 29 110 19 30 111 23 30 112 22 30 113 23 31 114 21 31 115 20 31 116 21 32 117 17 32 118 16 32 119 18 33 120 22 33 121 20 33 122 19 34 123 17 34 124 21 34 125 24 35 126 25 35 127 27 35 128 27 36 129 31 36 130 30 36 131 31 37 132 29 37 133 28 37 134 29 21 135 25 21 136 24 21 137 30 38 138 28 38 139 24 38 140 27 39 141 25 39 142 29 39 143</p>
        </triangles>
      </mesh>
    </geometry>
    <geometry id="Cube_020-mesh" name="Cube.020">
      <mesh>
        <source id="Cube_020-mesh-positions">
          <float_array id="Cube_020-mesh-positions-array" count="24">-40.68599 -0.5984316 -0.6815291 -40.68599 -0.5984316 0.6815291 -40.68599 4.082649 -0.6815291 -40.68599 4.082649 0.6815291 40.68528 -0.5984316 -0.6815291 40.68528 -0.5984316 0.6815291 40.68528 4.082649 -0.6815291 40.68528 4.082649 0.6815291</float_array>
          <technique_common>
            <accessor source="#Cube_020-mesh-positions-array" count="8" stride="3">
              <param name="X" type="float"/>
              <param name="Y" type="float"/>
              <param name="Z" type="float"/>
            </accessor>
          </technique_common>
        </source>
        <source id="Cube_020-mesh-normals">
          <float_array id="Cube_020-mesh-normals-array" count="18">-1 0 0 0 1 0 1 0 0 0 -1 0 0 0 -1 0 0 1</float_array>
          <technique_common>
            <accessor source="#Cube_020-mesh-normals-array" count="6" stride="3">
              <param name="X" type="float"/>
              <param name="Y" type="float"/>
              <param name="Z" type="float"/>
            </accessor>
          </technique_common>
        </source>
        <source id="Cube_020-mesh-map-0">
          <float_array id="Cube_020-mesh-map-0-array" count="72">-0.02244138 0.5560374 0.1530991 0.6071521 -0.02244138 0.6071521 -1.275725 0.5560374 1.775698 0.6071521 -1.275725 0.6071522 0.3469004 0.5560373 0.5224409 0.6071521 0.3469005 0.6071521 -0.7756984 0.5560374 2.275724 0.6071521 -0.7756983 0.6071521 1.775698 0.4719006 -1.275725 0.6474413 -1.275725 0.4719005 2.275725 0.4719005 -0.7756983 0.6474416 -0.7756984 0.471901 -0.02244138 0.5560374 0.1530991 0.5560374 0.1530991 0.6071521 -1.275725 0.5560374 1.775698 0.5560373 1.775698 0.6071521 0.3469004 0.5560373 0.522441 0.5560374 0.5224409 0.6071521 -0.7756984 0.5560374 2.275725 0.5560373 2.275724 0.6071521 1.775698 0.4719006 1.775698 0.6474412 -1.275725 0.6474413 2.275725 0.4719005 2.275725 0.647441 -0.7756983 0.6474416</float_array>
          <technique_common>
            <accessor source="#Cube_020-mesh-map-0-array" count="36" stride="2">
              <param name="S" type="float"/>
              <param name="T" type="float"/>
            </accessor>
          </technique_common>
        </source>
        <vertices id="Cube_020-mesh-vertices">
          <input semantic="POSITION" source="#Cube_020-mesh-positions"/>
        </vertices>
        <triangles material="Material_001-material" count="12">
          <input semantic="VERTEX" source="#Cube_020-mesh-vertices" offset="0"/>
          <input semantic="NORMAL" source="#Cube_020-mesh-normals" offset="1"/>
          <input semantic="TEXCOORD" source="#Cube_020-mesh-map-0" offset="2" set="0"/>
          <p>1 0 0 2 0 1 0 0 2 3 1 3 6 1 4 2 1 5 7 2 6 4 2 7 6 2 8 5 3 9 0 3 10 4 3 11 6 4 12 0 4 13 2 4 14 3 5 15 5 5 16 7 5 17 1 0 18 3 0 19 2 0 20 3 1 21 7 1 22 6 1 23 7 2 24 5 2 25 4 2 26 5 3 27 1 3 28 0 3 29 6 4 30 4 4 31 0 4 32 3 5 33 1 5 34 5 5 35</p>
        </triangles>
      </mesh>
    </geometry>
    <geometry id="Cube_015-mesh" name="Cube.015">
      <mesh>
        <source id="Cube_015-mesh-positions">
          <float_array id="Cube_015-mesh-positions-array" count="24">-40.68599 -0.5984316 -0.6815291 -40.68599 -0.5984316 0.6815291 -40.68599 4.082649 -0.6815291 -40.68599 4.082649 0.6815291 40.68528 -0.5984316 -0.6815291 40.68528 -0.5984316 0.6815291 40.68528 4.082649 -0.6815291 40.68528 4.082649 0.6815291</float_array>
          <technique_common>
            <accessor source="#Cube_015-mesh-positions-array" count="8" stride="3">
              <param name="X" type="float"/>
              <param name="Y" type="float"/>
              <param name="Z" type="float"/>
            </accessor>
          </technique_common>
        </source>
        <source id="Cube_015-mesh-normals">
          <float_array id="Cube_015-mesh-normals-array" count="18">-1 0 0 0 1 0 1 0 0 0 -1 0 0 0 -1 0 0 1</float_array>
          <technique_common>
            <accessor source="#Cube_015-mesh-normals-array" count="6" stride="3">
              <param name="X" type="float"/>
              <param name="Y" type="float"/>
              <param name="Z" type="float"/>
            </accessor>
          </technique_common>
        </source>
        <source id="Cube_015-mesh-map-0">
          <float_array id="Cube_015-mesh-map-0-array" count="72">-0.02244138 0.5560374 0.1530991 0.6071521 -0.02244138 0.6071521 -1.275725 0.5560374 1.775698 0.6071521 -1.275725 0.6071522 0.3469004 0.5560373 0.5224409 0.6071521 0.3469005 0.6071521 -0.7756984 0.5560374 2.275724 0.6071521 -0.7756983 0.6071521 1.775698 0.4719006 -1.275725 0.6474413 -1.275725 0.4719005 2.275725 0.4719005 -0.7756983 0.6474416 -0.7756984 0.471901 -0.02244138 0.5560374 0.1530991 0.5560374 0.1530991 0.6071521 -1.275725 0.5560374 1.775698 0.5560373 1.775698 0.6071521 0.3469004 0.5560373 0.522441 0.5560374 0.5224409 0.6071521 -0.7756984 0.5560374 2.275725 0.5560373 2.275724 0.6071521 1.775698 0.4719006 1.775698 0.6474412 -1.275725 0.6474413 2.275725 0.4719005 2.275725 0.647441 -0.7756983 0.6474416</float_array>
          <technique_common>
            <accessor source="#Cube_015-mesh-map-0-array" count="36" stride="2">
              <param name="S" type="float"/>
              <param name="T" type="float"/>
            </accessor>
          </technique_common>
        </source>
        <vertices id="Cube_015-mesh-vertices">
          <input semantic="POSITION" source="#Cube_015-mesh-positions"/>
        </vertices>
        <triangles material="Material_001-material" count="12">
          <input semantic="VERTEX" source="#Cube_015-mesh-vertices" offset="0"/>
          <input semantic="NORMAL" source="#Cube_015-mesh-normals" offset="1"/>
          <input semantic="TEXCOORD" source="#Cube_015-mesh-map-0" offset="2" set="0"/>
          <p>1 0 0 2 0 1 0 0 2 3 1 3 6 1 4 2 1 5 7 2 6 4 2 7 6 2 8 5 3 9 0 3 10 4 3 11 6 4 12 0 4 13 2 4 14 3 5 15 5 5 16 7 5 17 1 0 18 3 0 19 2 0 20 3 1 21 7 1 22 6 1 23 7 2 24 5 2 25 4 2 26 5 3 27 1 3 28 0 3 29 6 4 30 4 4 31 0 4 32 3 5 33 1 5 34 5 5 35</p>
        </triangles>
      </mesh>
    </geometry>
    <geometry id="Cube_014-mesh" name="Cube.014">
      <mesh>
        <source id="Cube_014-mesh-positions">
          <float_array id="Cube_014-mesh-positions-array" count="96">-40.68599 -0.5984316 -0.6815291 -40.68599 -0.5984316 0.6815291 -40.68599 4.082649 -0.6815291 -40.68599 4.082649 0.6815291 40.68528 -0.5984316 -0.6815291 40.68528 -0.5984316 0.6815291 40.68528 4.082649 -0.6815291 40.68528 4.082649 0.6815291 -39.86013 6.401093 -0.7183963 -39.86013 6.401093 0.6446619 -36.96984 10.08331 -0.7183963 -36.96984 10.08331 0.6446618 24.14786 -43.84091 -0.7184 24.14786 -43.84091 0.6446582 27.03816 -40.1587 -0.7184 27.03816 -40.1587 0.6446581 -36.46268 13.18652 -1.342122 -36.46268 13.18652 0.02093595 -33.57239 16.86874 -1.342122 -33.57239 16.86874 0.02093589 27.54531 -37.05548 -1.342126 27.54531 -37.05548 0.02093225 30.4356 -33.37327 -1.342126 30.4356 -33.37327 0.02093219 -43.9474 12.01867 -0.9273586 -43.9474 12.01867 0.4356995 -42.03831 16.29276 -0.9273586 -42.03831 16.29276 0.4356995 30.34926 -21.16703 -0.9273605 30.34926 -21.16703 0.4356976 32.25835 -16.89294 -0.9273606 32.25835 -16.89294 0.4356975</float_array>
          <technique_common>
            <accessor source="#Cube_014-mesh-positions-array" count="32" stride="3">
              <param name="X" type="float"/>
              <param name="Y" type="float"/>
              <param name="Z" type="float"/>
            </accessor>
          </technique_common>
        </source>
        <source id="Cube_014-mesh-normals">
          <float_array id="Cube_014-mesh-normals-array" count="111">-1 0 0 0 1 0 1 0 0 0 -1 0 0 0 -1 0 0 1 -0.7866171 0.6174413 0 0.6174416 0.7866169 0 0.7866163 -0.6174421 0 -0.6174417 -0.7866168 0 0 0 -1 0 0 1 -0.7866167 0.6174417 0 0.786616 -0.6174425 0 0 0 -1 0 0 1 -0.9130566 0.407833 0 0.4078307 0.9130577 0 0.9130575 -0.4078309 0 -0.4078307 -0.9130576 0 0 0 -1 0 0 1 -0.7866168 0.6174415 0 0.6174417 0.7866168 0 0.7866167 -0.6174418 0 0 0 -1 0 0 1 0.6174416 0.7866168 0 0.7866166 -0.6174417 0 0 0 -1 0 0 1 -0.9130582 0.4078294 0 0.4078307 0.9130576 0 0.9130578 -0.4078304 0 -0.4078307 -0.9130576 0 0 0 -1 0 0 1</float_array>
          <technique_common>
            <accessor source="#Cube_014-mesh-normals-array" count="37" stride="3">
              <param name="X" type="float"/>
              <param name="Y" type="float"/>
              <param name="Z" type="float"/>
            </accessor>
          </technique_common>
        </source>
        <source id="Cube_014-mesh-map-0">
          <float_array id="Cube_014-mesh-map-0-array" count="288">-0.02244138 0.5560374 0.1530991 0.6071521 -0.02244138 0.6071521 -1.275725 0.5560374 1.775698 0.6071521 -1.275725 0.6071522 0.3469004 0.5560373 0.5224409 0.6071521 0.3469005 0.6071521 -0.7756984 0.5560374 2.275724 0.6071521 -0.7756983 0.6071521 1.775698 0.4719006 -1.275725 0.6474413 -1.275725 0.4719005 2.275725 0.4719005 -0.7756983 0.6474416 -0.7756984 0.471901 -0.02244138 0.5560374 0.1530991 0.6071521 -0.02244138 0.6071521 -1.275725 0.5560374 1.775698 0.6071521 -1.275725 0.6071522 0.3469004 0.5560373 0.5224409 0.6071521 0.3469005 0.6071521 -0.7756984 0.5560374 2.275724 0.6071521 -0.7756983 0.6071521 1.775698 0.4719006 -1.275725 0.6474413 -1.275725 0.4719005 2.275725 0.4719005 -0.7756983 0.6474416 -0.7756984 0.471901 -0.02244138 0.5560374 0.1530991 0.6071521 -0.02244138 0.6071521 -1.275725 0.5560374 1.775698 0.6071521 -1.275725 0.6071522 0.3469004 0.5560373 0.5224409 0.6071521 0.3469005 0.6071521 -0.7756984 0.5560374 2.275724 0.6071521 -0.7756983 0.6071521 1.775698 0.4719006 -1.275725 0.6474413 -1.275725 0.4719005 2.275725 0.4719005 -0.7756983 0.6474416 -0.7756984 0.471901 -0.02244138 0.5560374 0.1530991 0.6071521 -0.02244138 0.6071521 -1.275725 0.5560374 1.775698 0.6071521 -1.275725 0.6071522 0.3469004 0.5560373 0.5224409 0.6071521 0.3469005 0.6071521 -0.7756984 0.5560374 2.275724 0.6071521 -0.7756983 0.6071521 -1.275725 0.4719005 1.775698 0.6474412 -1.275725 0.6474413 2.275725 0.4719005 -0.7756983 0.6474416 -0.7756984 0.471901 -0.02244138 0.5560374 0.1530991 0.5560374 0.1530991 0.6071521 -1.275725 0.5560374 1.775698 0.5560373 1.775698 0.6071521 0.3469004 0.5560373 0.522441 0.5560374 0.5224409 0.6071521 -0.7756984 0.5560374 2.275725 0.5560373 2.275724 0.6071521 1.775698 0.4719006 1.775698 0.6474412 -1.275725 0.6474413 2.275725 0.4719005 2.275725 0.647441 -0.7756983 0.6474416 -0.02244138 0.5560374 0.1530991 0.5560374 0.1530991 0.6071521 -1.275725 0.5560374 1.775698 0.5560373 1.775698 0.6071521 0.3469004 0.5560373 0.522441 0.5560374 0.5224409 0.6071521 -0.7756984 0.5560374 2.275725 0.5560373 2.275724 0.6071521 1.775698 0.4719006 1.775698 0.6474412 -1.275725 0.6474413 2.275725 0.4719005 2.275725 0.647441 -0.7756983 0.6474416 -0.02244138 0.5560374 0.1530991 0.5560374 0.1530991 0.6071521 -1.275725 0.5560374 1.775698 0.5560373 1.775698 0.6071521 0.3469004 0.5560373 0.522441 0.5560374 0.5224409 0.6071521 -0.7756984 0.5560374 2.275725 0.5560373 2.275724 0.6071521 1.775698 0.4719006 1.775698 0.6474412 -1.275725 0.6474413 2.275725 0.4719005 2.275725 0.647441 -0.7756983 0.6474416 -0.02244138 0.5560374 0.1530991 0.5560374 0.1530991 0.6071521 -1.275725 0.5560374 1.775698 0.5560373 1.775698 0.6071521 0.3469004 0.5560373 0.522441 0.5560374 0.5224409 0.6071521 -0.7756984 0.5560374 2.275725 0.5560373 2.275724 0.6071521 -1.275725 0.4719005 1.775698 0.4719006 1.775698 0.6474412 2.275725 0.4719005 2.275725 0.647441 -0.7756983 0.6474416</float_array>
          <technique_common>
            <accessor source="#Cube_014-mesh-map-0-array" count="144" stride="2">
              <param name="S" type="float"/>
              <param name="T" type="float"/>
            </accessor>
          </technique_common>
        </source>
        <vertices id="Cube_014-mesh-vertices">
          <input semantic="POSITION" source="#Cube_014-mesh-positions"/>
        </vertices>
        <triangles material="Material_001-material" count="48">
          <input semantic="VERTEX" source="#Cube_014-mesh-vertices" offset="0"/>
          <input semantic="NORMAL" source="#Cube_014-mesh-normals" offset="1"/>
          <input semantic="TEXCOORD" source="#Cube_014-mesh-map-0" offset="2" set="0"/>
          <p>1 0 0 2 0 1 0 0 2 3 1 3 6 1 4 2 1 5 7 2 6 4 2 7 6 2 8 5 3 9 0 3 10 4 3 11 6 4 12 0 4 13 2 4 14 3 5 15 5 5 16 7 5 17 9 6 18 10 6 19 8 6 20 11 7 21 14 7 22 10 7 23 15 8 24 12 8 25 14 8 26 13 9 27 8 9 28 12 9 29 14 10 30 8 10 31 10 10 32 11 11 33 13 11 34 15 11 35 17 12 36 18 12 37 16 12 38 19 7 39 22 7 40 18 7 41 23 13 42 20 13 43 22 13 44 21 9 45 16 9 46 20 9 47 22 14 48 16 14 49 18 14 50 19 15 51 21 15 52 23 15 53 25 16 54 26 16 55 24 16 56 27 17 57 30 17 58 26 17 59 31 18 60 28 18 61 30 18 62 29 19 63 24 19 64 28 19 65 26 20 66 28 20 67 24 20 68 27 21 69 29 21 70 31 21 71 1 0 72 3 0 73 2 0 74 3 1 75 7 1 76 6 1 77 7 2 78 5 2 79 4 2 80 5 3 81 1 3 82 0 3 83 6 4 84 4 4 85 0 4 86 3 5 87 1 5 88 5 5 89 9 22 90 11 22 91 10 22 92 11 23 93 15 23 94 14 23 95 15 24 96 13 24 97 12 24 98 13 9 99 9 9 100 8 9 101 14 25 102 12 25 103 8 25 104 11 26 105 9 26 106 13 26 107 17 22 108 19 22 109 18 22 110 19 27 111 23 27 112 22 27 113 23 28 114 21 28 115 20 28 116 21 9 117 17 9 118 16 9 119 22 29 120 20 29 121 16 29 122 19 30 123 17 30 124 21 30 125 25 31 126 27 31 127 26 31 128 27 32 129 31 32 130 30 32 131 31 33 132 29 33 133 28 33 134 29 34 135 25 34 136 24 34 137 26 35 138 30 35 139 28 35 140 27 36 141 25 36 142 29 36 143</p>
        </triangles>
      </mesh>
    </geometry>
    <geometry id="Cube_008-mesh" name="Cube.008">
      <mesh>
        <source id="Cube_008-mesh-positions">
          <float_array id="Cube_008-mesh-positions-array" count="144">-40.68599 -0.5984316 -0.6815291 -40.68599 -0.5984316 0.6815291 -40.68599 4.082649 -0.6815291 -40.68599 4.082649 0.6815291 40.68528 -0.5984316 -0.6815291 40.68528 -0.5984316 0.6815291 40.68528 4.082649 -0.6815291 40.68528 4.082649 0.6815291 -24.32349 -51.40691 -0.6815306 -24.32349 -51.40691 0.6815276 -26.60391 -47.31885 -0.6815307 -26.60391 -47.31885 0.6815276 46.73931 -11.76649 -0.6815276 46.73931 -11.76649 0.6815306 44.4589 -7.678429 -0.6815277 44.4589 -7.678429 0.6815305 -27.74693 -41.99225 -0.6815305 -27.74693 -41.99225 0.6815277 -29.88294 -37.82692 -0.6815305 -29.88294 -37.82692 0.6815277 44.65903 -4.861916 -0.6815277 44.65903 -4.861916 0.6815305 42.52302 -0.6965866 -0.6815277 42.52302 -0.6965866 0.6815305 -32.20494 -30.36169 -1.38139 -32.20494 -30.36169 -0.01833134 -33.48487 -25.85899 -1.38139 -33.48487 -25.85899 -0.01833134 46.06554 -8.112705 -1.381388 46.06554 -8.112705 -0.01832967 44.78561 -3.610004 -1.381388 44.78561 -3.610004 -0.01832967 -33.50253 -25.91694 -0.9778255 -33.50253 -25.91694 0.3852328 -35.35667 -21.61873 -0.9778255 -35.35667 -21.61873 0.3852327 41.21343 6.313639 -0.9778231 41.21343 6.313639 0.3852351 39.35929 10.61186 -0.9778231 39.35929 10.61186 0.3852351 -32.27565 -24.77885 -1.310346 -32.27565 -24.77885 0.05271255 -35.07133 -21.02429 -1.310346 -35.07133 -21.02429 0.0527125 32.98986 23.81847 -1.310342 32.98986 23.81847 0.05271625 30.19418 27.57303 -1.310342 30.19418 27.57303 0.05271619</float_array>
          <technique_common>
            <accessor source="#Cube_008-mesh-positions-array" count="48" stride="3">
              <param name="X" type="float"/>
              <param name="Y" type="float"/>
              <param name="Z" type="float"/>
            </accessor>
          </technique_common>
        </source>
        <source id="Cube_008-mesh-normals">
          <float_array id="Cube_008-mesh-normals-array" count="192">-1 0 0 0 1 0 1 0 0 0 -1 0 0 0 -1 0 0 1 -0.8733151 -0.4871558 0 -0.487155 0.8733156 0 0.8733155 0.4871551 0 0.487155 -0.8733156 0 0 0 -1 0 0 1 -0.889822 -0.4563078 0 -0.4563077 0.8898221 0 0.8898226 0.4563069 0 0.4563077 -0.8898221 0 0 0 -1 0 0 1 -0.961893 -0.2734264 0 -0.2734255 0.9618932 0 0.9618933 0.2734253 0 0.2734255 -0.9618933 0 0 0 -1 0 0 1 -0.9182102 -0.3960934 0 -0.3960929 0.9182105 0 0.9182109 0.396092 0 0.3960928 -0.9182105 0 0 0 -1 0 0 1 -0.8020704 -0.5972296 0 -0.5972294 0.8020705 0 0.8020709 0.5972288 0 0.5972294 -0.8020705 0 0 0 -1 0 0 1 -0.8733159 -0.4871543 0 -0.4871549 0.8733156 0 0.8733154 0.4871554 0 0 0 -1 0 0 1 -0.8898223 -0.4563072 0 -0.4563077 0.8898221 0 0.8898218 0.4563082 0 0.4563077 -0.8898221 0 0 0 -1 0 0 1 -0.9618933 -0.2734252 0 -0.2734255 0.9618933 0 0.961893 0.2734264 0 0.2734255 -0.9618933 0 0 0 -1 0 0 1 -0.9182108 -0.396092 0 -0.3960928 0.9182105 0 0.9182104 0.396093 0 0 0 -1 0 0 1 -0.8020709 -0.5972288 0 -0.5972294 0.8020706 0 0.8020698 0.5972303 0 0.5972293 -0.8020705 0 0 0 -1 0 0 1</float_array>
          <technique_common>
            <accessor source="#Cube_008-mesh-normals-array" count="64" stride="3">
              <param name="X" type="float"/>
              <param name="Y" type="float"/>
              <param name="Z" type="float"/>
            </accessor>
          </technique_common>
        </source>
        <source id="Cube_008-mesh-map-0">
          <float_array id="Cube_008-mesh-map-0-array" count="432">-0.02244138 0.5560374 0.1530991 0.6071521 -0.02244138 0.6071521 -1.275725 0.5560374 1.775698 0.6071521 -1.275725 0.6071522 0.3469004 0.5560373 0.5224409 0.6071521 0.3469005 0.6071521 -0.7756984 0.5560374 2.275724 0.6071521 -0.7756983 0.6071521 1.775698 0.4719006 -1.275725 0.6474413 -1.275725 0.4719005 2.275725 0.4719005 -0.7756983 0.6474416 -0.7756984 0.471901 -0.02244138 0.5560374 0.1530991 0.6071521 -0.02244138 0.6071521 -1.275725 0.5560374 1.775698 0.6071521 -1.275725 0.6071522 0.3469004 0.5560373 0.5224409 0.6071521 0.3469005 0.6071521 -0.7756984 0.5560374 2.275724 0.6071521 -0.7756983 0.6071521 1.775698 0.4719006 -1.275725 0.6474413 -1.275725 0.4719005 2.275725 0.4719005 -0.7756983 0.6474416 -0.7756984 0.471901 -0.02244138 0.5560374 0.1530991 0.6071521 -0.02244138 0.6071521 -1.275725 0.5560374 1.775698 0.6071521 -1.275725 0.6071522 0.3469004 0.5560373 0.5224409 0.6071521 0.3469005 0.6071521 -0.7756984 0.5560374 2.275724 0.6071521 -0.7756983 0.6071521 1.775698 0.4719006 -1.275725 0.6474413 -1.275725 0.4719005 -0.7756984 0.471901 2.275725 0.647441 -0.7756983 0.6474416 -0.02244138 0.5560374 0.1530991 0.6071521 -0.02244138 0.6071521 -1.275725 0.5560374 1.775698 0.6071521 -1.275725 0.6071522 0.3469004 0.5560373 0.5224409 0.6071521 0.3469005 0.6071521 -0.7756984 0.5560374 2.275724 0.6071521 -0.7756983 0.6071521 1.775698 0.4719006 -1.275725 0.6474413 -1.275725 0.4719005 -0.7756984 0.471901 2.275725 0.647441 -0.7756983 0.6474416 -0.02244138 0.5560374 0.1530991 0.6071521 -0.02244138 0.6071521 -1.275725 0.5560374 1.775698 0.6071521 -1.275725 0.6071522 0.3469004 0.5560373 0.5224409 0.6071521 0.3469005 0.6071521 -0.7756984 0.5560374 2.275724 0.6071521 -0.7756983 0.6071521 -1.275725 0.4719005 1.775698 0.6474412 -1.275725 0.6474413 2.275725 0.4719005 -0.7756983 0.6474416 -0.7756984 0.471901 -0.02244138 0.5560374 0.1530991 0.6071521 -0.02244138 0.6071521 -1.275725 0.5560374 1.775698 0.6071521 -1.275725 0.6071522 0.3469004 0.5560373 0.5224409 0.6071521 0.3469005 0.6071521 -0.7756984 0.5560374 2.275724 0.6071521 -0.7756983 0.6071521 1.775698 0.4719006 -1.275725 0.6474413 -1.275725 0.4719005 2.275725 0.4719005 -0.7756983 0.6474416 -0.7756984 0.471901 -0.02244138 0.5560374 0.1530991 0.5560374 0.1530991 0.6071521 -1.275725 0.5560374 1.775698 0.5560373 1.775698 0.6071521 0.3469004 0.5560373 0.522441 0.5560374 0.5224409 0.6071521 -0.7756984 0.5560374 2.275725 0.5560373 2.275724 0.6071521 1.775698 0.4719006 1.775698 0.6474412 -1.275725 0.6474413 2.275725 0.4719005 2.275725 0.647441 -0.7756983 0.6474416 -0.02244138 0.5560374 0.1530991 0.5560374 0.1530991 0.6071521 -1.275725 0.5560374 1.775698 0.5560373 1.775698 0.6071521 0.3469004 0.5560373 0.522441 0.5560374 0.5224409 0.6071521 -0.7756984 0.5560374 2.275725 0.5560373 2.275724 0.6071521 1.775698 0.4719006 1.775698 0.6474412 -1.275725 0.6474413 2.275725 0.4719005 2.275725 0.647441 -0.7756983 0.6474416 -0.02244138 0.5560374 0.1530991 0.5560374 0.1530991 0.6071521 -1.275725 0.5560374 1.775698 0.5560373 1.775698 0.6071521 0.3469004 0.5560373 0.522441 0.5560374 0.5224409 0.6071521 -0.7756984 0.5560374 2.275725 0.5560373 2.275724 0.6071521 1.775698 0.4719006 1.775698 0.6474412 -1.275725 0.6474413 -0.7756984 0.471901 2.275725 0.4719005 2.275725 0.647441 -0.02244138 0.5560374 0.1530991 0.5560374 0.1530991 0.6071521 -1.275725 0.5560374 1.775698 0.5560373 1.775698 0.6071521 0.3469004 0.5560373 0.522441 0.5560374 0.5224409 0.6071521 -0.7756984 0.5560374 2.275725 0.5560373 2.275724 0.6071521 1.775698 0.4719006 1.775698 0.6474412 -1.275725 0.6474413 -0.7756984 0.471901 2.275725 0.4719005 2.275725 0.647441 -0.02244138 0.5560374 0.1530991 0.5560374 0.1530991 0.6071521 -1.275725 0.5560374 1.775698 0.5560373 1.775698 0.6071521 0.3469004 0.5560373 0.522441 0.5560374 0.5224409 0.6071521 -0.7756984 0.5560374 2.275725 0.5560373 2.275724 0.6071521 -1.275725 0.4719005 1.775698 0.4719006 1.775698 0.6474412 2.275725 0.4719005 2.275725 0.647441 -0.7756983 0.6474416 -0.02244138 0.5560374 0.1530991 0.5560374 0.1530991 0.6071521 -1.275725 0.5560374 1.775698 0.5560373 1.775698 0.6071521 0.3469004 0.5560373 0.522441 0.5560374 0.5224409 0.6071521 -0.7756984 0.5560374 2.275725 0.5560373 2.275724 0.6071521 1.775698 0.4719006 1.775698 0.6474412 -1.275725 0.6474413 2.275725 0.4719005 2.275725 0.647441 -0.7756983 0.6474416</float_array>
          <technique_common>
            <accessor source="#Cube_008-mesh-map-0-array" count="216" stride="2">
              <param name="S" type="float"/>
              <param name="T" type="float"/>
            </accessor>
          </technique_common>
        </source>
        <vertices id="Cube_008-mesh-vertices">
          <input semantic="POSITION" source="#Cube_008-mesh-positions"/>
        </vertices>
        <triangles material="Material_001-material" count="72">
          <input semantic="VERTEX" source="#Cube_008-mesh-vertices" offset="0"/>
          <input semantic="NORMAL" source="#Cube_008-mesh-normals" offset="1"/>
          <input semantic="TEXCOORD" source="#Cube_008-mesh-map-0" offset="2" set="0"/>
          <p>1 0 0 2 0 1 0 0 2 3 1 3 6 1 4 2 1 5 7 2 6 4 2 7 6 2 8 5 3 9 0 3 10 4 3 11 6 4 12 0 4 13 2 4 14 3 5 15 5 5 16 7 5 17 9 6 18 10 6 19 8 6 20 11 7 21 14 7 22 10 7 23 15 8 24 12 8 25 14 8 26 13 9 27 8 9 28 12 9 29 14 10 30 8 10 31 10 10 32 11 11 33 13 11 34 15 11 35 17 12 36 18 12 37 16 12 38 19 13 39 22 13 40 18 13 41 23 14 42 20 14 43 22 14 44 21 15 45 16 15 46 20 15 47 22 16 48 16 16 49 18 16 50 23 17 51 17 17 52 21 17 53 25 18 54 26 18 55 24 18 56 27 19 57 30 19 58 26 19 59 31 20 60 28 20 61 30 20 62 29 21 63 24 21 64 28 21 65 30 22 66 24 22 67 26 22 68 31 23 69 25 23 70 29 23 71 33 24 72 34 24 73 32 24 74 35 25 75 38 25 76 34 25 77 39 26 78 36 26 79 38 26 80 37 27 81 32 27 82 36 27 83 34 28 84 36 28 85 32 28 86 35 29 87 37 29 88 39 29 89 41 30 90 42 30 91 40 30 92 43 31 93 46 31 94 42 31 95 47 32 96 44 32 97 46 32 98 45 33 99 40 33 100 44 33 101 46 34 102 40 34 103 42 34 104 43 35 105 45 35 106 47 35 107 1 0 108 3 0 109 2 0 110 3 1 111 7 1 112 6 1 113 7 2 114 5 2 115 4 2 116 5 3 117 1 3 118 0 3 119 6 4 120 4 4 121 0 4 122 3 5 123 1 5 124 5 5 125 9 36 126 11 36 127 10 36 128 11 37 129 15 37 130 14 37 131 15 38 132 13 38 133 12 38 134 13 9 135 9 9 136 8 9 137 14 39 138 12 39 139 8 39 140 11 40 141 9 40 142 13 40 143 17 41 144 19 41 145 18 41 146 19 42 147 23 42 148 22 42 149 23 43 150 21 43 151 20 43 152 21 44 153 17 44 154 16 44 155 22 45 156 20 45 157 16 45 158 23 46 159 19 46 160 17 46 161 25 47 162 27 47 163 26 47 164 27 48 165 31 48 166 30 48 167 31 49 168 29 49 169 28 49 170 29 50 171 25 50 172 24 50 173 30 51 174 28 51 175 24 51 176 31 52 177 27 52 178 25 52 179 33 53 180 35 53 181 34 53 182 35 54 183 39 54 184 38 54 185 39 55 186 37 55 187 36 55 188 37 27 189 33 27 190 32 27 191 34 56 192 38 56 193 36 56 194 35 57 195 33 57 196 37 57 197 41 58 198 43 58 199 42 58 200 43 59 201 47 59 202 46 59 203 47 60 204 45 60 205 44 60 206 45 61 207 41 61 208 40 61 209 46 62 210 44 62 211 40 62 212 43 63 213 41 63 214 45 63 215</p>
        </triangles>
      </mesh>
    </geometry>
    <geometry id="Cylinder-mesh" name="Cylinder">
      <mesh>
        <source id="Cylinder-mesh-positions">
          <float_array id="Cylinder-mesh-positions-array" count="3129">4.389371 6.172851 1.781962 -9.08887 8.206052 0.6247277 -9.08887 0.6414418 4.171702 -8.852925 8.157814 0.5218506 -8.852925 0.5932036 4.068825 -8.794651 8.049424 0.2906876 -8.794651 0.4848137 3.837662 -8.95793 7.962501 0.105309 -8.95793 0.3978911 3.652284 -9.219809 7.962501 0.105309 -9.219809 0.3978911 3.652284 -9.383088 8.049424 0.2906876 -9.383088 0.4848137 3.837662 -9.324814 8.157814 0.5218506 -9.324814 0.5932036 4.068825 -9.162035 1.174487 -0.2156093 -9.162035 1.174487 -2.491978 -8.599714 1.174487 -2.491978 -8.599714 1.174487 -0.2156093 -9.162035 -2.120904 -0.2156093 -8.599714 -2.120904 -0.2156093 -8.599714 -2.120904 -2.491978 -9.162035 -2.120904 -2.491978 -9.162035 1.096385 -0.2794361 -9.162035 1.096385 -2.428151 -8.599714 1.096385 -2.428151 -8.599714 1.096385 -0.2794361 -9.162035 -2.042802 -0.2794361 -8.599714 -2.042802 -0.2794361 -8.599714 -2.042802 -2.428151 -9.162035 -2.042802 -2.428151 -9.328427 -6.433989 -4.95793 -9.328427 -6.433988 0.8816023 -9.328427 6.912811 -4.957929 -9.328427 6.912811 0.8816023 -8.851287 -6.433989 -4.95793 -8.851287 -6.433988 0.8816023 -8.851287 6.912811 -4.957929 -8.851287 6.912811 0.8816023 -9.328427 -6.88931 -4.957929 -9.328427 -6.88931 0.8816028 -9.328427 7.368134 0.881603 -9.328427 7.368134 -4.957929 -8.851287 7.368134 -4.957929 -8.851287 7.368134 0.881603 -8.851287 -6.88931 0.8816028 -8.851287 -6.88931 -4.957929 11.13724 6.912811 0.8816023 11.13724 6.912811 -4.957929 11.13724 -6.433988 0.8816023 11.13724 -6.433989 -4.95793 11.13724 7.368134 0.881603 11.13724 7.368134 -4.957929 11.13724 -6.88931 0.8816028 11.13724 -6.88931 -4.957929 11.59369 6.912811 0.8816023 11.59369 6.912811 -4.957929 11.59369 -6.433988 0.8816023 11.59369 -6.433989 -4.95793 11.59369 7.368134 0.881603 11.59369 7.368134 -4.957929 11.59369 -6.88931 0.8816028 11.59369 -6.88931 -4.957929 -0.5332241 7.368134 -4.957929 -0.5332236 6.912811 -4.957929 -0.5332241 7.368134 0.881603 -0.5332241 6.912811 0.8816023 -0.1780061 7.368134 -4.957929 -0.1780061 7.368134 0.881603 -0.1780061 6.912811 0.8816023 -0.1780042 6.912811 -4.957929 -0.1764755 -6.433989 -4.95793 -0.5426202 -6.433989 -4.95793 -0.5426202 -6.433988 0.8816023 -0.1764755 -6.433988 0.8816023 11.59369 -1.442049 -4.957929 11.13724 -1.442049 -4.957929 11.13724 -1.442049 0.881603 11.59369 -1.915847 -4.95793 11.13724 -1.915847 -4.95793 11.13724 -1.915847 0.881603 -0.1780042 -1.440777 -4.957929 -0.1780061 -1.440777 0.881603 -0.1780042 -1.901807 -4.957929 -0.1780061 -1.901807 0.881603 -0.5332236 -1.440777 -4.957929 -0.5332241 -1.440777 0.881603 -0.5332241 -1.901807 0.881603 -0.5332236 -1.901807 -4.957929 2.687338 -1.441099 0.881603 2.687338 -1.905362 0.8816028 2.687338 -1.905362 -4.957929 2.687338 -1.441099 -4.957929 3.102163 -1.905877 0.8816028 3.102163 -1.441146 -4.957929 3.102161 -1.441146 0.8816028 3.102163 -1.905877 -4.957929 2.724516 -6.433989 -4.95793 2.724518 -6.88931 -4.957929 2.724516 -6.433988 0.8816023 2.724518 -6.88931 0.8816028 3.123854 -6.433989 -4.95793 3.123854 -6.433988 0.8816023 3.123857 -6.88931 -4.957929 3.123857 -6.88931 0.8816028 -9.328427 5.873453 -4.957929 -9.328427 5.873452 -0.2687101 -8.851287 5.873453 -4.957929 -8.851287 5.873452 -0.2687101 -9.328427 3.870343 -4.957928 -8.851287 3.870343 -4.957928 -9.328427 3.870343 -0.2687104 -8.851287 3.870343 -0.2687104 -9.118803 1.174487 -2.491978 -8.641663 1.174487 -2.491978 -9.118803 1.174487 -0.2156093 -8.641663 1.174487 -0.2156093 -9.118803 -2.120904 -2.491978 -8.641663 -2.120904 -2.491978 -8.641663 -2.120904 -0.2156093 -9.118803 -2.120904 -0.2156093 2.707045 7.368134 -2.545079 2.707045 6.912811 -2.545079 2.707045 6.912811 -0.2687106 2.707045 7.368134 -0.2687101 7.735363 6.912811 -2.545079 7.735363 7.368134 -2.545079 7.735363 7.368134 -0.2687101 7.735363 6.912811 -0.2687106 0.2430677 -1.902329 -4.95793 0.2430677 -1.440824 -4.957929 0.2430677 -1.902329 -0.2687104 0.2430677 -1.440824 -0.2687101 2.246177 -1.904815 -4.957929 2.246177 -1.441049 -4.957929 2.246177 -1.441049 -0.2687104 2.246177 -1.904815 -0.2687101 3.112061 -3.972317 -4.957929 2.704307 -3.972317 -4.957929 2.704307 -3.972317 -0.2687101 3.112061 -3.972317 -0.2687101 2.720752 -5.975425 -4.957929 3.121657 -5.975425 -4.957929 3.121657 -5.975425 -0.2687104 2.720752 -5.975425 -0.2687104 -9.328427 0.2394113 3.803497 -8.851287 0.2394113 3.803497 11.13724 0.2333478 3.803497 -0.1780061 0.2367811 3.803497 11.59369 0.2332105 3.803497 -0.5332241 0.2368888 3.803497 -0.5426202 -6.88931 -4.957929 -0.5426202 -6.88931 0.8816028 -0.1764755 -6.88931 -4.957929 -0.1764755 -6.88931 0.8816028 -0.5416865 -5.983553 -0.2687104 -0.1766281 -5.980556 -0.2687104 -0.1773042 -3.977319 -0.2687104 -0.5375333 -3.980276 -0.2687104 -0.1773042 -3.977319 -4.957929 -0.5375333 -3.980276 -4.957929 -0.1766281 -5.980556 -4.957929 -0.5416865 -5.983554 -4.957929 11.13724 -6.88931 -5.372412 11.13724 7.368134 -5.372412 11.59369 -6.433988 -5.372412 11.59369 -6.88931 -5.372412 11.59369 6.91281 -5.372412 11.59369 7.368134 -5.372412 11.59369 -1.915847 -5.372412 11.59369 -1.442049 -5.372412 -12.97655 -1.442049 -5.372412 -12.97655 -1.442049 -4.957929 -12.97655 6.912811 -4.957929 -12.97655 6.91281 -5.372412 -12.97655 -6.433989 -4.95793 -12.97655 -6.88931 -4.957929 -12.97655 7.368134 -4.957929 -12.97655 -1.915847 -4.95793 -12.97655 -1.915847 -5.372412 -12.97655 -6.88931 -5.372412 -12.97655 -6.433988 -5.372412 -12.97655 7.368134 -5.372412 -12.94729 6.800185 -4.967231 -12.94729 6.800185 1.026962 -12.94729 7.323728 -4.967231 -12.94729 7.323728 1.026962 -12.42375 6.800185 -4.967231 -12.42375 6.800185 1.026962 -12.42375 7.323728 -4.967231 -12.42375 7.323728 1.026962 -12.94729 -6.866223 -4.967231 -12.94729 -6.866223 1.026962 -12.94729 -6.342681 -4.967232 -12.94729 -6.34268 1.026962 -12.42375 -6.866223 -4.967231 -12.42375 -6.866223 1.026962 -12.42375 -6.342681 -4.967232 -12.42375 -6.34268 1.026962 -12.88493 6.894547 0.8362224 -12.88493 -6.377281 0.8362219 -12.88493 6.894547 1.353782 -12.88493 -6.377281 1.353781 -12.48611 6.894547 0.8362224 -12.48611 -6.377281 0.8362219 -12.48611 6.894547 1.353782 -12.48611 -6.377281 1.353781 -12.94729 3.347216 -4.967231 -12.94729 3.347217 -2.537551 -12.94729 3.660506 -4.967231 -12.94729 3.660506 -2.537551 -12.6605 3.347216 -4.967231 -12.6605 3.347217 -2.537551 -12.6605 3.660506 -4.967231 -12.6605 3.660506 -2.537551 -12.4501 7.043764 -4.249944 -9.038924 7.043764 -4.249944 -12.4501 7.228477 -4.249944 -9.038924 7.228477 -4.249944 -12.4501 7.043764 -4.514774 -9.038924 7.043764 -4.514775 -12.4501 7.228477 -4.514774 -9.038924 7.228477 -4.514775 -12.4501 7.043763 -3.560008 -9.038924 7.043763 -3.560008 -12.4501 7.228477 -3.560008 -9.038924 7.228477 -3.560008 -12.4501 7.043763 -3.824838 -9.038924 7.043764 -3.824839 -12.4501 7.228477 -3.824838 -9.038924 7.228477 -3.824839 -12.4501 7.043764 -2.709212 -9.038924 7.043764 -2.709212 -12.4501 7.228477 -2.709213 -9.038924 7.228477 -2.709213 -12.4501 7.043763 -2.974043 -9.038924 7.043763 -2.974043 -12.4501 7.228477 -2.974043 -9.038924 7.228477 -2.974043 -12.4501 -6.750895 -4.249944 -9.038924 -6.750895 -4.249944 -12.4501 -6.566182 -4.249944 -9.038924 -6.566182 -4.249944 -12.4501 -6.750895 -4.514774 -9.038924 -6.750895 -4.514775 -12.4501 -6.566183 -4.514774 -9.038924 -6.566182 -4.514775 -12.4501 -6.750895 -3.560008 -9.038924 -6.750895 -3.560008 -12.4501 -6.566182 -3.560007 -9.038924 -6.566182 -3.560007 -12.4501 -6.750895 -3.824839 -9.038924 -6.750895 -3.824839 -12.4501 -6.566182 -3.824839 -9.038924 -6.566182 -3.824839 -12.4501 -6.750895 -2.709212 -9.038924 -6.750895 -2.709212 -12.4501 -6.566182 -2.709212 -9.038924 -6.566182 -2.709212 -12.4501 -6.750895 -2.974043 -9.038924 -6.750895 -2.974043 -12.4501 -6.566182 -2.974043 -9.038924 -6.566182 -2.974043 -12.70873 -6.376629 -4.249944 -12.70873 3.487737 -4.249943 -12.89344 -6.376629 -4.249944 -12.89344 3.487737 -4.249943 -12.70873 -6.376629 -4.514775 -12.70873 3.487738 -4.514775 -12.89344 -6.376629 -4.514775 -12.89344 3.487738 -4.514775 -12.70873 -6.376629 -3.560008 -12.70873 3.487738 -3.560008 -12.89344 -6.376629 -3.560008 -12.89344 3.487738 -3.560008 -12.70873 -6.376629 -3.824838 -12.70873 3.487737 -3.824838 -12.89344 -6.376629 -3.824838 -12.89344 3.487737 -3.824838 -12.70873 -6.376629 -2.709212 -12.70873 3.487737 -2.709212 -12.89344 -6.376629 -2.709212 -12.89344 3.487737 -2.709212 -12.70873 -6.376629 -2.974043 -12.70873 3.487737 -2.974044 -12.89344 -6.376629 -2.974043 -12.89344 3.487737 -2.974044 -12.92074 -1.516657 -4.967231 -12.92074 -1.516657 -2.645194 -12.92074 -1.288045 -4.967231 -12.92074 -1.288044 -2.645195 -12.68706 -1.516657 -4.967231 -12.68706 -1.516657 -2.645194 -12.68706 -1.288045 -4.967231 -12.68706 -1.288044 -2.645195 2.684429 6.870221 -0.2505651 2.684429 6.870221 -2.561371 2.684429 7.421991 -2.561371 2.684429 7.421991 -0.2505655 7.749763 6.870221 -0.2505651 7.749763 7.421991 -0.2505655 7.749763 7.421991 -2.561371 7.749763 6.870221 -2.561371 2.762531 6.87022 -0.3153572 2.762531 6.87022 -2.496578 2.762531 7.42199 -2.496578 2.762531 7.42199 -0.3153575 7.671663 6.87022 -0.3153572 7.671663 7.42199 -0.3153575 7.671663 7.42199 -2.496578 7.671663 6.87022 -2.496578 2.74637 6.981522 -0.2929626 2.74637 6.981523 -2.499162 2.74637 7.30117 -2.499162 2.74637 7.30117 -0.2929635 7.67753 6.981522 -0.2929626 7.67753 7.30117 -0.2929635 7.67753 7.30117 -2.499162 7.67753 6.981523 -2.499162 2.83006 6.981523 -0.3662477 2.83006 6.981522 -2.425878 2.83006 7.30117 -2.425878 2.83006 7.30117 -0.3662477 7.593842 6.981523 -0.3662477 7.593842 7.30117 -0.3662477 7.593842 7.30117 -2.425878 7.593842 6.981522 -2.425878 -12.07873 0.2802444 4.468947 -12.476 8.277737 0.9134214 -12.07985 8.278409 0.9149103 -12.47712 0.2802444 4.468947 -12.07873 0.2802444 4.152958 -12.476 8.277738 0.5974319 -12.07985 8.278408 0.5989213 -12.47712 0.2802444 4.152958 -10.16649 0.2802444 4.468947 -10.56375 8.277737 0.9134214 -10.16761 8.278409 0.9149103 -10.56487 0.2802444 4.468947 -10.16649 0.2802444 4.152958 -10.56375 8.277738 0.5974319 -10.16761 8.278408 0.5989213 -10.56487 0.2802444 4.152958 -8.254244 0.2802444 4.468947 -8.651509 8.277737 0.9134214 -8.255367 8.278409 0.9149103 -8.652628 0.2802444 4.468947 -8.254244 0.2802444 4.152958 -8.651509 8.277738 0.5974319 -8.255367 8.278408 0.5989213 -8.652628 0.2802444 4.152958 -6.342 0.2802444 4.468947 -6.739265 8.277737 0.9134214 -6.343123 8.278409 0.9149103 -6.740385 0.2802444 4.468947 -6.342 0.2802444 4.152958 -6.739265 8.277738 0.5974319 -6.343123 8.278408 0.5989213 -6.740385 0.2802444 4.152958 -4.429757 0.2802444 4.468947 -4.827021 8.277737 0.9134214 -4.430879 8.278409 0.9149103 -4.828141 0.2802444 4.468947 -4.429757 0.2802444 4.152958 -4.827021 8.277738 0.5974319 -4.430879 8.278408 0.5989213 -4.828141 0.2802444 4.152958 -2.517513 0.2802444 4.468947 -2.914777 8.277737 0.9134214 -2.518635 8.278409 0.9149103 -2.915897 0.2802444 4.468947 -2.517513 0.2802444 4.152958 -2.914777 8.277738 0.5974319 -2.518635 8.278408 0.5989213 -2.915897 0.2802444 4.152958 -0.605269 0.2802444 4.468947 -1.002533 8.277737 0.9134214 -0.6063914 8.278409 0.9149103 -1.003653 0.2802444 4.468947 -0.605269 0.2802444 4.152958 -1.002533 8.277738 0.5974319 -0.6063914 8.278408 0.5989213 -1.003653 0.2802444 4.152958 1.306974 0.2802444 4.468947 0.9097099 8.277737 0.9134214 1.305853 8.278409 0.9149103 0.9085913 0.2802444 4.468947 1.306974 0.2802444 4.152958 0.9097099 8.277738 0.5974319 1.305853 8.278408 0.5989213 0.9085913 0.2802444 4.152958 3.219219 0.2802444 4.468947 2.821955 8.277737 0.9134214 3.218097 8.278409 0.9149103 2.820836 0.2802444 4.468947 3.219219 0.2802444 4.152958 2.821955 8.277738 0.5974319 3.218097 8.278408 0.5989213 2.820836 0.2802444 4.152958 5.131463 0.2802444 4.468947 4.734197 8.277737 0.9134214 5.130341 8.278409 0.9149103 4.733079 0.2802444 4.468947 5.131463 0.2802444 4.152958 4.734197 8.277738 0.5974319 5.130341 8.278408 0.5989213 4.733079 0.2802444 4.152958 7.043707 0.2802444 4.468947 6.64644 8.277737 0.9134214 7.042583 8.278409 0.9149103 6.645322 0.2802444 4.468947 7.043707 0.2802444 4.152958 6.64644 8.277738 0.5974319 7.042583 8.278408 0.5989213 6.645322 0.2802444 4.152958 8.95595 0.2802444 4.468947 8.558686 8.277737 0.9134214 8.954827 8.278409 0.9149103 8.557564 0.2802444 4.468947 8.95595 0.2802444 4.152958 8.558686 8.277738 0.5974319 8.954827 8.278408 0.5989213 8.557564 0.2802444 4.152958 10.86819 0.2802444 4.468947 10.47093 8.277737 0.9134214 10.86707 8.278409 0.9149103 10.46981 0.2802444 4.468947 10.86819 0.2802444 4.152958 10.47093 8.277738 0.5974319 10.86707 8.278408 0.5989213 10.46981 0.2802444 4.152958 -9.08887 -0.1882786 4.20338 -9.08887 -7.84265 0.8545044 -8.852924 -0.1427345 4.099282 -8.852924 -7.797105 0.7504058 -8.794651 -0.04039812 3.865377 -8.794651 -7.694769 0.5164995 -8.95793 0.04166984 3.677798 -8.95793 -7.612701 0.328922 -9.219808 0.04166984 3.677798 -9.219808 -7.612701 0.328922 -9.383088 -0.04039812 3.865377 -9.383088 -7.694769 0.5164995 -9.324814 -0.1427345 4.099282 -9.324814 -7.797105 0.7504058 -12.07873 0.1827306 4.468946 -12.476 -7.814763 0.9134214 -12.07985 -7.815434 0.9149103 -12.47712 0.1827306 4.468946 -12.07873 0.1827306 4.152958 -12.476 -7.814762 0.5974317 -12.07985 -7.815434 0.5989208 -12.47712 0.1827306 4.152958 -10.16649 0.1827306 4.468946 -10.56375 -7.814763 0.9134214 -10.16761 -7.815434 0.9149103 -10.56487 0.1827306 4.468946 -10.16649 0.1827306 4.152958 -10.56375 -7.814762 0.5974317 -10.16761 -7.815434 0.5989208 -10.56487 0.1827306 4.152958 -8.254244 0.1827306 4.468946 -8.651509 -7.814763 0.9134214 -8.255367 -7.815434 0.9149103 -8.652628 0.1827306 4.468946 -8.254244 0.1827306 4.152958 -8.651509 -7.814762 0.5974317 -8.255367 -7.815434 0.5989208 -8.652628 0.1827306 4.152958 -6.342 0.1827306 4.468946 -6.739265 -7.814763 0.9134214 -6.343123 -7.815434 0.9149103 -6.740384 0.1827306 4.468946 -6.342 0.1827306 4.152958 -6.739265 -7.814762 0.5974317 -6.343123 -7.815434 0.5989208 -6.740384 0.1827306 4.152958 -4.429757 0.1827306 4.468946 -4.827021 -7.814763 0.9134214 -4.430879 -7.815434 0.9149103 -4.82814 0.1827306 4.468946 -4.429757 0.1827306 4.152958 -4.827021 -7.814762 0.5974317 -4.430879 -7.815434 0.5989208 -4.82814 0.1827306 4.152958 -2.517513 0.1827306 4.468946 -2.914777 -7.814763 0.9134214 -2.518635 -7.815434 0.9149103 -2.915897 0.1827306 4.468946 -2.517513 0.1827306 4.152958 -2.914777 -7.814762 0.5974317 -2.518635 -7.815434 0.5989208 -2.915897 0.1827306 4.152958 -0.605269 0.1827306 4.468946 -1.002533 -7.814763 0.9134214 -0.6063905 -7.815434 0.9149103 -1.003653 0.1827306 4.468946 -0.605269 0.1827306 4.152958 -1.002533 -7.814762 0.5974317 -0.6063905 -7.815434 0.5989208 -1.003653 0.1827306 4.152958 1.306975 0.1827306 4.468946 0.9097099 -7.814763 0.9134214 1.305853 -7.815434 0.9149103 0.9085913 0.1827306 4.468946 1.306975 0.1827306 4.152958 0.9097099 -7.814762 0.5974317 1.305853 -7.815434 0.5989208 0.9085913 0.1827306 4.152958 3.21922 0.1827306 4.468946 2.821955 -7.814763 0.9134214 3.218097 -7.815434 0.9149103 2.820836 0.1827306 4.468946 3.21922 0.1827306 4.152958 2.821955 -7.814762 0.5974317 3.218097 -7.815434 0.5989208 2.820836 0.1827306 4.152958 5.131463 0.1827306 4.468946 4.734197 -7.814763 0.9134214 5.130341 -7.815434 0.9149103 4.733079 0.1827306 4.468946 5.131463 0.1827306 4.152958 4.734197 -7.814762 0.5974317 5.130341 -7.815434 0.5989208 4.733079 0.1827306 4.152958 7.043707 0.1827306 4.468946 6.64644 -7.814763 0.9134214 7.042583 -7.815434 0.9149103 6.645322 0.1827306 4.468946 7.043707 0.1827306 4.152958 6.64644 -7.814762 0.5974317 7.042583 -7.815434 0.5989208 6.645322 0.1827306 4.152958 8.95595 0.1827306 4.468946 8.558686 -7.814763 0.9134214 8.954827 -7.815434 0.9149103 8.557564 0.1827306 4.468946 8.95595 0.1827306 4.152958 8.558686 -7.814762 0.5974317 8.954827 -7.815434 0.5989208 8.557564 0.1827306 4.152958 10.86819 0.1827306 4.468946 10.47093 -7.814763 0.9134214 10.86707 -7.815434 0.9149103 10.46981 0.1827306 4.468946 10.86819 0.1827306 4.152958 10.47093 -7.814762 0.5974317 10.86707 -7.815434 0.5989208 10.46981 0.1827306 4.152958 11.17193 6.895378 -5.368123 11.17193 6.895379 0.8492897 11.17193 7.377487 -5.368123 11.17193 7.377487 0.8492892 11.72879 6.895378 -5.368123 11.72879 6.895379 0.8492897 11.72879 7.377487 -5.368123 11.72879 7.377487 0.8492892 11.17193 -6.931216 -5.368123 11.17193 -6.931216 0.8492897 11.17193 -6.449108 -5.368122 11.17193 -6.449107 0.8492897 11.72879 -6.931216 -5.368123 11.72879 -6.931216 0.8492897 11.72879 -6.449108 -5.368122 11.72879 -6.449107 0.8492897 -0.3561101 8.206053 0.6247273 -0.3561101 0.6414423 4.171702 -0.1201658 8.157815 0.5218506 -0.1201658 0.593204 4.068826 -0.06189155 8.049425 0.2906871 -0.06189155 0.4848137 3.837662 -0.2251701 7.962502 0.1053087 -0.2251701 0.3978915 3.652284 -0.4870496 7.962502 0.1053087 -0.4870496 0.3978915 3.652284 -0.6503286 8.049425 0.2906871 -0.6503286 0.4848137 3.837662 -0.5920544 8.157815 0.5218506 -0.5920544 0.593204 4.068826 11.37614 8.206053 0.6247273 11.37614 0.6414423 4.171702 11.61209 8.157815 0.5218506 11.61209 0.593204 4.068826 11.67036 8.049425 0.2906871 11.67036 0.4848137 3.837662 11.50708 7.962502 0.1053087 11.50708 0.3978915 3.652284 11.2452 7.962502 0.1053087 11.2452 0.3978915 3.652284 11.08192 8.049425 0.2906871 11.08192 0.4848137 3.837662 11.1402 8.157815 0.5218506 11.1402 0.593204 4.068826 -9.562409 6.895378 -5.368123 -9.562409 6.895379 0.8492897 -9.562409 7.377487 -5.368123 -9.562409 7.377487 0.8492892 -9.005552 6.895378 -5.368123 -9.005552 6.895379 0.8492897 -9.005552 7.377487 -5.368123 -9.005552 7.377487 0.8492892 -13.91368 0.2394123 4.506282 -13.7873 0.2394123 4.644492 12.30219 6.912784 1.722535 12.42858 6.91281 1.584092 12.3022 0.2394123 4.644492 12.42858 0.2394123 4.506025 -13.7873 8.308107 1.073296 -13.7873 8.423679 0.8957598 -13.91368 8.297294 0.9398713 12.3022 8.309016 1.075303 12.42858 8.297294 0.9422002 12.3022 8.423679 0.8957598 12.42858 -7.818471 0.9396257 12.3022 -7.944855 1.022145 -13.91368 -7.81847 0.939872 -13.7873 -7.944855 1.022145 12.33403 6.91279 1.198096 12.42858 6.912812 1.298608 -13.91368 0.2394123 4.2202 -13.81913 0.2394123 4.120037 12.42858 0.2394118 4.22047 12.33404 0.2394123 4.120037 -13.81913 8.263725 0.5684843 -13.91368 8.297294 0.6536691 -13.74564 8.337224 0.5359542 -13.7873 8.423679 0.5975361 12.26031 8.337903 0.5374551 12.3022 8.423678 0.5975998 12.33404 8.264182 0.5716336 12.42858 8.297294 0.6565175 12.33404 -7.784901 0.5684841 12.42858 -7.81847 0.6537984 12.26054 -7.858401 0.5359533 12.3022 -7.944855 0.5975468 -13.74564 -7.858401 0.5359533 -13.7873 -7.944856 0.597501 -13.81913 -7.784901 0.5684841 -13.91368 -7.81847 0.6536515 12.23931 0.2469291 4.097249 12.23931 6.837636 1.198589 -13.70547 -7.677976 0.5739949 -13.63255 -7.750566 0.541724 12.1664 -7.750566 0.541724 12.23931 -7.677976 0.5739949 -13.63255 8.244422 0.541724 -13.70547 8.171833 0.5739946 12.23931 8.172285 0.5771189 12.16618 8.245094 0.5432127 -13.70547 0.2469291 4.097249 12.23921 0.2469139 4.366707 12.23921 6.83762 1.468047 -13.70557 -7.677991 0.8434522 -13.63265 -7.75058 0.8111804 12.1663 -7.75058 0.8111804 12.23921 -7.677991 0.8434522 -13.63265 8.244406 0.8111811 -13.70557 8.171817 0.8434522 12.23921 8.172269 0.846576 12.16608 8.245078 0.8126702 -13.70557 0.2469139 4.366707 -9.562409 -6.931215 -5.368124 -9.562409 -6.931216 0.8492897 -9.562409 -6.449106 -5.368123 -9.562409 -6.449107 0.8492897 -9.005551 -6.931215 -5.368124 -9.005551 -6.931216 0.8492897 -9.005551 -6.449106 -5.368123 -9.005551 -6.449107 0.8492897 -0.3561101 -0.1882786 4.20338 -0.3561101 -7.84265 0.8545044 -0.1201658 -0.1427345 4.099282 -0.1201658 -7.797105 0.7504058 -0.06189155 -0.04039812 3.865377 -0.06189155 -7.694769 0.5164995 -0.2251701 0.04166984 3.677798 -0.2251701 -7.612701 0.328922 -0.4870496 0.04166984 3.677798 -0.4870496 -7.612701 0.328922 -0.6503286 -0.04039812 3.865377 -0.6503286 -7.694769 0.5164995 -0.5920544 -0.1427345 4.099282 -0.5920544 -7.797105 0.7504058 11.37614 -0.1882786 4.203381 11.37614 -7.84265 0.8545039 11.61209 -0.1427345 4.099282 11.61209 -7.797107 0.7504063 11.67036 -0.04039764 3.865377 11.67036 -7.694769 0.5164995 11.50708 0.04166984 3.677798 11.50708 -7.612701 0.3289216 11.2452 0.04166984 3.677798 11.2452 -7.612701 0.3289216 11.08193 -0.04039764 3.865377 11.08193 -7.694769 0.5164995 11.1402 -0.1427345 4.099282 11.1402 -7.797107 0.7504063 -0.3512893 -6.552191 0.7710106 -0.3512893 -6.55219 1.083299 -0.3512893 -1.176925 0.7710106 -0.3512893 -1.176925 1.083298 11.19904 -6.552191 0.7710106 11.19904 -6.55219 1.083299 11.19904 -1.176925 0.7710106 11.19904 -1.176925 1.083298 -13.12486 6.770491 0.8188017 -13.12486 6.770491 1.454455 -13.12486 7.406144 0.8188017 -13.12486 7.406144 1.454455 11.89985 6.770491 0.8188017 11.89985 6.770491 1.454455 11.89985 7.406144 0.8188017 11.89985 7.406144 1.454455 -13.12486 -6.947332 0.8188017 -13.12486 -6.947332 1.454455 -13.12486 -6.311678 0.8188019 -13.12486 -6.311678 1.454455 11.89985 -6.947332 0.8188017 11.89985 -6.947332 1.454455 11.89985 -6.311678 0.8188019 11.89985 -6.311678 1.454455 -13.12486 -0.05019998 3.719363 -13.12486 -0.05019998 4.355017 -13.12486 0.585453 3.719363 -13.12486 0.5854535 4.355017 11.89985 -0.05019998 3.719363 11.89985 -0.05019998 4.355017 11.89985 0.585453 3.719363 11.89985 0.5854535 4.355017 -9.39221 3.892188 -4.957928 -8.787504 3.892188 -4.957928 -9.39221 3.892188 -0.3200747 -8.787504 3.892188 -0.3200747 -8.787504 3.780962 -4.957928 -9.39221 3.780962 -4.957928 -9.39221 3.780962 -0.3200747 -8.787504 3.780962 -0.3200747 -9.39221 5.961238 -4.957928 -8.787504 5.961238 -4.957928 -9.39221 5.961238 -0.3200747 -8.787504 5.961238 -0.3200747 -8.787504 5.850011 -4.957928 -9.39221 5.850011 -4.957928 -9.39221 5.850011 -0.3200747 -8.787504 5.850011 -0.3200747 -9.39221 3.892188 -0.2137613 -8.787504 3.892188 -0.2137613 -9.39221 3.780962 -0.2137613 -8.787504 3.780962 -0.2137613 -9.39221 5.961238 -0.2137613 -8.787504 5.961238 -0.2137613 -9.39221 5.850011 -0.2137613 -8.787504 5.850011 -0.2137613 2.5767 -5.936256 -4.957928 3.181406 -5.936256 -4.957928 2.5767 -5.936256 -0.3200747 3.181406 -5.936256 -0.3200747 3.181406 -6.047482 -4.957928 2.5767 -6.047482 -4.957928 2.5767 -6.047482 -0.3200747 3.181406 -6.047482 -0.3200747 2.5767 -3.867207 -4.957928 3.181406 -3.867207 -4.957928 2.5767 -3.867207 -0.3200747 3.181406 -3.867207 -0.3200747 3.181406 -3.978433 -4.957928 2.5767 -3.978433 -4.957928 2.5767 -3.978433 -0.3200747 3.181406 -3.978433 -0.3200747 2.5767 -5.936256 -0.2137613 3.181406 -5.936256 -0.2137613 2.5767 -6.047482 -0.2137613 3.181406 -6.047482 -0.2137613 2.5767 -3.867207 -0.2137613 3.181406 -3.867207 -0.2137613 2.5767 -3.978433 -0.2137613 3.181406 -3.978433 -0.2137613 2.239579 -1.974838 -4.957928 2.239579 -1.370133 -4.957928 2.239579 -1.974838 -0.3200749 2.239579 -1.370133 -0.3200749 2.350806 -1.370133 -4.957928 2.350806 -1.974838 -4.957928 2.350806 -1.974838 -0.3200749 2.350806 -1.370133 -0.3200749 0.1705302 -1.974839 -4.957928 0.1705302 -1.370133 -4.957928 0.1705302 -1.974839 -0.3200749 0.1705302 -1.370133 -0.3200749 0.2817563 -1.370133 -4.957928 0.2817563 -1.974839 -4.957928 0.2817563 -1.974839 -0.3200749 0.2817563 -1.370133 -0.3200749 2.239579 -1.974838 -0.2137614 2.239579 -1.370133 -0.2137614 2.350806 -1.974838 -0.2137614 2.350806 -1.370133 -0.2137614 0.1705302 -1.974839 -0.2137614 0.1705302 -1.370133 -0.2137614 0.2817563 -1.974839 -0.2137614 0.2817563 -1.370133 -0.2137614 -12.70873 -3.372587 -2.776834 -12.89344 -3.372587 -2.776834 -12.89344 -3.372587 -3.041666 -12.70873 -3.372587 -3.041666 -12.89344 -4.79788 -2.757543 -12.89344 -4.79788 -3.022374 -12.70873 -4.79788 -3.022374 -12.70873 -4.79788 -2.757543 -12.70873 -2.993227 -2.761061 -12.89344 -2.993227 -2.761061 -12.89344 -2.993227 -3.025892 -12.70873 -2.993227 -3.025892 -12.70873 -2.438229 -2.718141 -12.70873 -2.438229 -2.982972 -12.89344 -2.438229 -2.982972 -12.89344 -2.438229 -2.718141 -12.89344 2.09933 -3.696205 -12.89344 2.194257 -3.824838 -12.70873 2.09933 -3.696205 -12.70873 2.194257 -3.824838 -12.70873 2.583988 -4.352964 -12.89344 2.583988 -4.352964 -12.70873 2.507963 -4.249943 -12.89344 2.507963 -4.249943 -12.70873 2.422177 -4.514775 -12.89344 2.422177 -4.514775 -12.70873 1.963134 -3.560008 -12.89344 1.963133 -3.560008 -12.89344 0.1177589 -3.824839 -12.70873 0.1833455 -3.560008 -12.89344 0.1833455 -3.560008 -12.70873 0.1177589 -3.824839 -12.70873 -0.4103079 -4.514775 -12.89344 -0.4103079 -4.514775 -12.70873 -0.6571658 -4.249943 -12.89344 -0.6571658 -4.249943 -10.934 7.043764 -3.824839 -11.00024 7.043763 -3.560008 -11.07905 7.228476 -3.560008 -10.55578 7.043764 -4.249944 -11.01281 7.228477 -3.824839 -10.48857 7.228477 -4.514774 -10.40306 7.228477 -4.249944 -10.48954 7.043764 -4.514774 -11.82527 7.043763 -3.560008 -11.75807 7.228477 -3.824839 -11.82431 7.228477 -3.560008 -11.66957 7.228478 -4.249944 -11.75903 7.043763 -3.824839 -11.67053 7.043764 -4.249944 -11.66377 7.228476 -4.514774 -11.60429 7.043764 -4.514774 6.82278 -1.441564 -1.523642 6.809136 -1.910477 -1.590665 6.759715 -1.441557 -2.308451 6.746074 -1.910398 -2.375464 5.925748 -1.441463 -2.943686 5.912135 -1.909364 -3.010565 6.551299 -1.441534 -1.218341 6.537664 -1.91014 -1.285321 6.753168 -1.441556 -1.310984 6.739527 -1.91039 -1.377997 5.067172 -1.441367 -2.823542 5.053586 -1.908298 -2.890282 4.764484 -1.441333 -1.396296 4.750909 -1.907923 -1.462988 5.542153 -1.44142 -1.191762 5.528552 -1.908888 -1.258579 4.731889 -1.441329 -2.695754 4.718314 -1.907882 -2.76244 4.458423 -1.441298 -2.462249 4.444858 -1.907543 -2.528891 4.062481 -1.441254 -1.931015 4.048928 -1.907052 -1.997593 11.59369 6.411664 -3.667125 11.13724 6.411665 -3.667125 11.59369 6.272459 -2.913099 11.13724 6.272459 -2.913099 11.59369 6.040452 -4.281948 11.13724 6.040452 -4.281948 11.59369 6.30726 -2.565087 11.13724 6.30726 -2.565087 11.59369 6.144855 -2.472283 11.13724 6.144855 -2.472283 11.59369 6.260859 -2.298277 11.13724 6.260859 -2.298277 11.59369 6.086853 -1.753058 11.13724 6.086853 -1.753058 11.59369 5.483631 -4.316749 11.13724 5.483631 -4.316749 11.59369 5.785243 -1.764659 11.13724 5.785243 -1.764659 11.59369 5.47203 -1.335443 11.13724 5.47203 -1.335443 11.59369 5.216822 -1.312241 11.13724 5.216822 -1.312241 11.59369 5.367627 -1.451447 11.13724 5.367627 -1.451447 11.59369 4.253988 -4.571959 11.13724 4.253988 -4.571959 11.59369 4.6136 -1.184638 11.13724 4.6136 -1.184638 11.59369 4.845609 -1.405046 11.13724 4.845609 -1.405046 11.59369 4.567199 -1.474647 11.13724 4.567199 -1.474647 11.59369 3.813173 -1.405046 11.13724 3.813173 -1.405046 11.59369 3.325954 -1.25424 11.13724 3.325954 -1.25424 11.59369 4.079981 -1.25424 11.13724 4.079981 -1.25424 11.59369 2.89674 -1.521051 11.13724 2.89674 -1.521051 11.59369 3.035944 -2.031468 11.13724 3.035944 -2.031468 11.59369 2.513926 -2.715892 11.13724 2.513926 -2.715892 11.59369 2.745934 -3.597523 11.13724 2.745934 -3.597523 11.59369 3.46516 -4.386351 11.13724 3.46516 -4.386351 11.59369 2.525527 -3.864332 11.13724 2.525527 -3.864332 -3.980977 7.368134 -2.952042 -3.980977 6.912811 -2.952042 -4.489442 7.368134 -3.256834 -4.489441 6.912811 -3.256833 -4.56715 7.368134 -2.879292 -4.56715 6.912811 -2.879292 -4.255998 7.368134 -3.190444 -4.255998 6.912811 -3.190444 -4.629214 7.368134 -3.029128 -4.629214 6.912811 -3.029128 -4.417315 7.368134 -2.817228 -4.417314 6.912811 -2.817228 -4.994569 7.368134 -1.303564 -4.994569 6.912811 -1.303564 -5.480458 7.368134 -1.92053 -5.480458 6.912811 -1.92053 -5.334455 7.368134 -1.030671 -5.334456 6.912811 -1.030671 -5.007916 7.368134 -1.786143 -5.007916 6.912811 -1.786143 -6.358894 7.368134 -1.600998 -6.358894 6.912811 -1.600998 -5.932767 7.368134 -0.972146 -5.932767 6.912811 -0.972146 4.661223 5.419325 2.374263 4.411987 6.110163 1.781962 4.661223 5.419325 2.089405 4.389371 6.172851 2.040423 4.188043 6.109551 1.781962 3.758674 5.974554 2.127424 3.758674 5.974554 1.841459 3.301962 4.546823 2.758478 3.301962 4.546823 2.475562 4.70472 3.793298 3.088412 4.70472 3.793298 2.806971 3.769548 3.039772 3.418345 3.769548 3.039772 3.138379 -3.569732 -1.541616 3.856211 -3.569732 -1.541616 3.571562 -3.31476 -4.028595 2.755477 -3.31476 -4.028595 2.4659 -3.912433 -4.336502 2.329011 -5.558171 -5.184346 2.243943 -5.558171 -5.184346 1.952077 -4.376087 -4.707877 1.984762 -4.430428 -4.603361 2.342216 -4.7731 -4.912407 1.892762 -4.827442 -4.807892 2.250216 -4.827442 -4.807892 2.131412 -4.429999 -1.366512 3.386733 -4.429998 -1.541617 3.454858 -4.429999 -1.541616 3.702722 -5.352207 -1.541616 3.856211 -5.352207 -1.541616 3.571562 -4.827899 -1.366511 3.386348 -4.827899 -1.541616 3.702337 -7.212461 -3.401871 3.032864 -7.212461 -3.401871 2.74453 -6.739949 -2.929356 3.085375 -6.739949 -2.929357 2.892348 -6.342381 -2.53179 3.262732 -6.39517 -2.410689 2.897578 -6.792737 -2.808257 2.720221 -6.137841 -5.184346 2.243943 -6.137841 -5.184346 1.952077 -6.342706 -4.844537 2.235047 -6.739773 -4.185921 2.526732 -6.33739 -4.934524 1.816868 -6.734457 -4.275908 2.108552 8.336493 -4.122271 2.743605 8.336493 -4.122271 2.391391 7.20374 -5.096588 2.312373 7.203739 -5.096588 1.958229 7.043003 -4.827467 2.242633 6.886389 -5.076376 1.866078 7.043003 -4.941667 1.926643 6.886388 -4.962177 2.182067 8.336493 -3.493428 3.02193 8.336493 -3.493428 2.670962 7.254667 -3.107997 3.192521 7.254667 -3.107997 2.842317 7.043208 -3.3667 2.891734 6.928297 -3.183693 2.593419 7.043208 -3.224634 2.575745 6.928297 -3.325759 2.909408 8.336493 -3.699256 2.930831 6.645812 -3.183694 2.593153 6.645812 -3.325759 2.909142 5.351592 -3.107997 3.192521 5.351592 -3.107997 2.842317 6.646046 -4.997645 2.054548 6.646046 -5.111845 1.849866 6.646046 -4.997645 2.165855 5.130705 -5.221272 1.751654 4.469032 -5.500164 2.133751 4.469032 -5.500164 1.778808 4.733842 -5.279839 2.040397 4.733842 -5.27984 1.724408 5.130705 -5.221272 2.067643 1.622177 -4.436707 2.604435 1.622177 -4.436708 2.251599 3.21862 -4.089489 2.570558 3.217286 -3.995643 2.287179 2.821454 -4.23099 2.506695 2.820119 -4.137145 2.223315 2.821454 -4.23099 2.365096 4.733601 -3.549734 2.809568 4.733601 -3.40722 2.493578 5.130959 -3.265649 2.557321 5.130959 -3.408163 2.87331 3.047266 -5.500164 2.133751 3.047266 -5.500164 1.778808 3.218463 -5.206084 2.074392 3.219285 -5.28175 1.731445 2.82157 -5.06468 2.136053 2.822392 -5.140346 1.793106 1.622177 -4.992435 2.358471 1.622177 -4.992435 2.004534</float_array>
          <technique_common>
            <accessor source="#Cylinder-mesh-positions-array" count="1043" stride="3">
              <param name="X" type="float"/>
              <param name="Y" type="float"/>
              <param name="Z" type="float"/>
            </accessor>
          </technique_common>
        </source>
        <source id="Cylinder-mesh-normals">
          <float_array id="Cylinder-mesh-normals-array" count="4821">0.2999343 -0.9539598 0 5.05398e-7 0.424538 0.9054102 0.7818314 0.2646955 0.5645139 0 0.4245384 0.90541 0.9749279 -0.0944696 -0.2014731 0.9749281 -0.09446758 -0.2014725 0.4338848 -0.3824953 -0.815746 0.4338839 -0.3824964 -0.8157459 -0.4338845 -0.3824961 -0.8157456 -0.9749279 -0.09446763 -0.2014734 -0.974928 -0.09446907 -0.2014724 -3.33493e-7 -0.9054098 0.4245389 0 -0.9054106 0.4245371 4.44657e-7 -0.9054099 0.4245385 -0.7818314 0.2646956 0.5645139 0 0.9054108 -0.4245364 0 0.9054101 -0.424538 0 0.9054099 -0.4245384 0 1 0 0 -1 1.86257e-7 0 -1 1.86257e-7 0 -1 1.86257e-7 0 0 -1 0 0 -1 0 0 -1 0 0 1 0 -1 0 0 1 0 0 1 1.65168e-7 0 0 1 0 0 1 0 0 1 0 0 -1 1 5.0151e-6 0 1 -2.84273e-6 0 1 -3.40238e-6 0 -1 0 0 -1 -2.18799e-6 0 -1 -2.51546e-6 0 1 -1.35555e-7 0 1 0 0 -1 -1.13414e-6 0 -1 0 0 -1 0 0 -1 0 0 1 1.95813e-7 0 1 4.23135e-6 0 -1 -9.47919e-7 0 0 -5.31744e-7 1 0 -5.03207e-7 1 0 -5.03207e-7 1 0 1.04725e-6 1 0 1.04725e-6 1 0 1 0 0 -1 -1.59751e-7 0 -1 0 0 -1 0 -1 1.35099e-6 0 -1 -2.13225e-6 0 -1 -1.10919e-6 0 -0.9996319 0.02377951 -0.01306462 -1 -1.67939e-6 0 -1 2.86941e-6 0 0 -1 3.32142e-7 0 -1 -1.70009e-7 0 -1 -1.22129e-7 0 4.95089e-7 1 0 -5.31744e-7 1 0 1 -1.63041e-7 0 -1 0 0 -1 -1.79316e-7 1 2.2873e-6 0 1 -6.08926e-7 0 1 5.73883e-6 0 1 0 0 1 1.22512e-6 0 1 1.02651e-6 0 1 1.50005e-6 0 0 1 0 -1 0 0 -1 0 0 -1 0 0 0 -1 0 0 -1 -3.2824e-7 0 -1 0 0 1 -1.07207e-6 0 1 -3.01367e-6 0 1 0 0 1.04725e-6 1 0 4.9509e-7 1 0 1 0 0 1 0 -1 0 0 -1 0 0 0 0 1 0 -1.57817e-7 1 0 0 1 -1 0 0 -1 0 0 -1 0 0 1 -4.31643e-7 0 1 -2.06415e-6 0 1 4.94544e-7 0 -1 0 0 -1 0 0 -1 0 0 -1 0 0 1 0 2.58686e-7 1 0 0 1 0 3.26627e-7 -1 0 0 -0.9999995 0.001036584 0 -1 0 0 1.12263e-4 1 0 1.12787e-4 1 0 1.12371e-4 1 0 -1 0 0 -1 0 0 1.12471e-4 1 1.69164e-7 1.12469e-4 1 0 -0.00124073 -0.9999992 1.54191e-7 -0.001240611 -0.9999992 -2.29971e-7 -0.00124073 -0.9999993 0 0 -1 0 0 -1 -1.81783e-7 0 -1 0 0 1 0 0 1 -1.59086e-7 0 1 -2.25183e-7 1 0 0 1 0 0 0 -1 0 1 1.41045e-6 0 0 -1 1.26019e-6 -0.9986537 0.0215615 0.04718077 -0.9997693 0.01625537 0.01404654 -0.9991249 -0.03997701 -0.01230329 -0.9983564 -0.04101419 0.04002958 -0.9983391 -0.03809428 0.04322022 0.9975534 0.0559321 0.04194021 0.9983391 0.03809422 -0.04322022 0.9991249 0.03997683 0.01230329 0.9988186 -0.04259115 0.02340126 0.9986537 -0.02156132 -0.04718077 0.9987629 -0.03081387 0.03902709 1 0 0 1 -2.35674e-7 0 -1 0 0 -1 2.12892e-7 0 -1 2.43494e-7 0 0 -1.57088e-6 1 0 1.04725e-6 -1 0 1 0 0 1 -2.06532e-7 0 1 -7.73151e-7 0 1 0 0 -1 0 0 -1 0 0 -1 0 0 -1 0 0 -1 3.86576e-7 0 2.09451e-6 1 0 2.0945e-6 1 1.12778e-4 1 0 1.12797e-4 1 -1.68781e-7 1.12594e-4 1 -1.63883e-7 -0.001240611 -0.9999993 2.32671e-7 -0.00124073 -0.9999993 0 -0.001240491 -0.9999993 0 0.9999886 0.004789948 0 0.9999886 0.004790186 0 0.9999886 0.004790008 -1.22487e-7 0 -1 1.18292e-6 1 0 0 -0.9999663 -0.008209288 0 -0.9999664 -0.008208453 -1.99807e-7 -0.9999664 -0.00820899 -2.17093e-7 0 1 -1.57246e-7 0 1 -1.57246e-7 0 -1 0 0 0 -1 0 0 -1 0 0 -1 0.008208036 -0.9999663 0 0.008209228 -0.9999663 1.3425e-7 0.008207976 -0.9999663 0 -0.008210361 0.9999663 0 -0.008209168 0.9999664 -2.64766e-7 -0.00821042 0.9999664 0 1 3.37907e-4 4.85975e-7 1 3.3734e-4 4.21273e-7 1 3.37763e-4 5.35106e-7 -0.9999979 0.002073228 0 -0.9999979 0.002072751 0 -0.9999979 0.002072989 0 1 7.67153e-5 -5.61494e-5 1 2.36787e-4 -1.73309e-4 -0.9999984 0.001453518 -0.001063942 -0.9999999 4.70905e-4 -3.44685e-4 -1 4.37436e-6 0 -1 -3.44667e-6 0 -1 -3.93456e-6 0 1 4.38319e-6 0 1 -3.2964e-6 0 1 4.86225e-6 0 -1 4.59258e-6 0 -1 2.69671e-7 0 -1 4.86225e-6 0 0 1 -1.43517e-7 0 1 0 1 1.20551e-7 0 1 2.05303e-6 0 1 2.17358e-6 0 0 -1 1.43517e-7 0 -1 0 -1 0 0 -1 0 0 0 0 1 0 0 1 1 0 0 1 1.33623e-7 0 1 0 0 0 0 -1 -1 3.12231e-7 0 -1 3.51239e-6 0 -1 3.82462e-6 0 0 -1 3.54951e-7 0 -1 5.00435e-7 0 -1 5.13232e-7 0 0 1 0 0 1 3.56396e-7 1 -7.27807e-6 -3.57416e-7 1 -1.90733e-6 -6.10915e-7 1 0 0 -1 -3.32857e-7 0 -1 -1.30865e-6 -5.37129e-7 1 0 -1.75611e-7 1 0 -7.78602e-7 -1.07584e-6 -1 -1.54765e-7 -2.12412e-7 -1 -9.33881e-7 -1.29076e-6 -1 0 -1 -6.64947e-7 0 -1 -2.03023e-6 0 2.5815e-6 1 0 2.58149e-6 1 0 2.58149e-6 1 0 1 -2.08285e-7 0 1 -4.01439e-6 0 1 -4.22268e-6 0 -1.2463e-6 -1 -1.82678e-7 0 -1 -1.89193e-7 0 -1 0 -1 2.08285e-7 0 -1 4.01438e-6 0 -1 4.22267e-6 -1.32892e-7 1 0 0 1 0 -3.65355e-7 0 -1 0 2.4926e-6 -1 0 2.5815e-6 -1 0 -5.16301e-6 1 0 -5.16298e-6 1 0 -5.16298e-6 1 0 1.24629e-6 -1 0 0 -1 0 -1.29075e-6 1 0 -1.29074e-6 1 0 -1.29074e-6 1 0 0 1 0 0 1 0 0 1 -1 0 0 -1 3.05536e-7 0 -1 3.14809e-7 0 1 1.86877e-7 0 1 2.99422e-7 1.46024e-7 1 1.8339e-7 0 -1 -2.98826e-7 0 -1 0 3.52014e-6 -1 -3.06786e-7 0 0 0 -1 0 0 -1 0 0 -1 1 2.74535e-7 -3.55534e-6 1 2.77172e-7 0 1 2.77244e-7 0 0 -0.001506745 0.9999989 0 -0.03933376 0.9992262 0 -0.03933376 0.9992262 -1 -1.52843e-6 0 -1 0 0 -1 -9.18763e-7 0 0 0.001506626 -0.9999989 0 0.0393337 -0.9992262 0 0.0393337 -0.9992262 1 -1.85692e-7 0 1 2.9974e-7 0 1 2.96406e-7 0 -1 -2.7615e-7 0 -1 -4.14395e-6 0 0 1 -2.19694e-7 0 1 -2.19693e-7 0 1 -2.19693e-7 0 -1 0 0 -1 0 0 1.0429e-6 1 0 1.0429e-6 1 0 1 -2.19509e-7 0 1 -2.19509e-7 0 1 -2.19509e-7 0 0 1 0 0 1 0 0 1 1 0 0 1 -2.5446e-7 0 1 -3.02113e-7 0 -1 0 0 -1 0 0 0 4.32097e-7 1 0 4.32098e-7 1 0 4.32098e-7 1 0 -4.32097e-7 -1 0 -4.32098e-7 -1 0 -4.32097e-7 -1 -6.82723e-6 1 2.2232e-7 5.86464e-6 1 1.38951e-5 -5.86473e-6 1 0 6.82739e-6 -1 1.059e-5 5.86473e-6 -1 -1.24657e-5 6.82722e-6 -1 -1.059e-5 -6.8274e-6 1 -2.22322e-7 -5.86484e-6 1 0 -5.86466e-6 -1 1.33979e-5 5.86485e-6 -1 1.24658e-5 -5.86467e-6 -1 -1.33978e-5 -6.82727e-6 -1 -1.13697e-5 6.82735e-6 1 -1.18502e-5 6.82726e-6 1 1.18501e-5 5.86468e-6 1 -1.38952e-5 -6.8273e-6 -1 1.13697e-5 1 -4.15604e-7 0 1 -4.12154e-6 0 1 -4.53714e-6 0 0 2.9835e-6 1 -1 0 0 -1 5.30677e-7 0 0 1.49175e-6 1 0 1.49175e-6 1 0 1.49175e-6 1 0 1 0 0 1 -5.89797e-6 5.8279e-6 -1 -1.00243e-5 -5.16396e-6 -1 -1.12337e-5 5.73464e-6 -1 -1.12338e-5 0 1 0 -5.97274e-6 -1 -9.97354e-6 5.16377e-6 -1 -9.50671e-6 -5.73469e-6 -1 -1.2203e-5 -5.82801e-6 -1 -1.08747e-5 0 1 5.28631e-6 0 1 -5.28631e-6 0 1 5.89797e-6 5.97258e-6 -1 -8.45807e-6 0 8.64196e-7 1 0 8.64196e-7 1 -1.18698e-4 0.4062372 0.9137676 -0.004002332 0.4060724 0.9138321 0 0.4062422 0.9137656 0.004002094 -0.4060711 -0.9138329 1.18698e-4 -0.4062371 -0.9137677 0 -0.4062422 -0.9137656 1 1.38869e-4 0 1 1.39234e-4 0 1 1.38862e-4 0 -1 1.38913e-4 0 -1 1.411e-4 0 -1 1.41138e-4 0 -1.18695e-4 0.4062364 0.913768 -0.004002332 0.4060729 0.913832 0 0.4062414 0.9137659 0.004002153 -0.4060726 -0.9138321 1.18695e-4 -0.4062364 -0.9137679 0 -0.4062414 -0.9137659 1 1.41843e-4 0 1 1.39655e-4 0 1 1.41881e-4 0 -1 1.389e-4 0 -1 1.40358e-4 0 -1 1.40384e-4 0 -1.18695e-4 0.4062373 0.9137676 -0.004002332 0.4060736 0.9138316 0.004002094 -0.4060736 -0.9138316 1.18695e-4 -0.4062373 -0.9137677 1 1.40381e-4 0 1 1.40928e-4 0 1 1.40372e-4 0 -1 1.40371e-4 0 -1 1.39641e-4 0 -1 1.39629e-4 0 -1.18695e-4 0.4062372 0.9137676 -0.004002332 0.4060726 0.9138322 0.004002094 -0.4060727 -0.9138321 1.18695e-4 -0.4062373 -0.9137677 -1 1.40362e-4 0 -1 1.39085e-4 0 -1 1.39063e-4 0 -1.18695e-4 0.4062364 0.9137681 -0.004002332 0.4060733 0.9138318 0 0.4062412 0.913766 1.18695e-4 -0.4062363 -0.9137681 0 -0.4062412 -0.913766 1 1.4037e-4 0 1 1.40279e-4 0 -1 1.38905e-4 0 -1 1.40636e-4 0 -1 1.40667e-4 0 -1.18698e-4 0.4062373 0.9137677 -0.004002332 0.4060725 0.9138321 0 0.4062421 0.9137655 0.004002094 -0.4060723 -0.9138322 1.18698e-4 -0.4062372 -0.9137677 0 -0.4062421 -0.9137655 1 1.40368e-4 0 1 1.4014e-4 0 -1 1.40378e-4 0 -1 1.40013e-4 0 -1 1.40006e-4 0 -1.18695e-4 0.406237 0.9137678 -0.004002332 0.4060727 0.9138321 0 0.4062419 0.9137656 1.18695e-4 -0.406237 -0.9137678 0 -0.4062419 -0.9137656 1 1.40371e-4 0 1 1.40337e-4 0 -1 1.39823e-4 0 -1 1.40119e-4 0 -1 1.40124e-4 0 -1.18698e-4 0.406237 0.9137678 -0.004002332 0.4060727 0.9138321 0.004002094 -0.4060727 -0.9138321 1.18698e-4 -0.406237 -0.9137678 1 1.40003e-4 0 1 1.40482e-4 0 1 1.39995e-4 0 -1 1.40004e-4 0 -1 1.39844e-4 0 -1 1.39841e-4 0 -1.18695e-4 0.4062371 0.9137677 0 0.406242 0.9137656 1.18695e-4 -0.4062371 -0.9137677 0 -0.406242 -0.9137656 1 1.40367e-4 0 1 1.40094e-4 0 -1.18694e-4 0.4062372 0.9137677 -0.004002332 0.4060722 0.9138323 0.004002094 -0.406072 -0.9138323 1.18694e-4 -0.4062372 -0.9137678 1 1.41838e-4 0 1 1.39377e-4 0 -1 1.40376e-4 0 -1 1.3992e-4 0 -1 1.39912e-4 0 -1.18695e-4 0.4062365 0.9137681 -0.004002332 0.4060728 0.913832 0.004002094 -0.4060729 -0.913832 1.18695e-4 -0.4062364 -0.913768 1 1.40359e-4 0 1 1.3963e-4 0 -1 1.38897e-4 0 -1 1.40173e-4 0 -1 1.40195e-4 0 -1.18695e-4 0.4062365 0.9137681 -0.004002332 0.4060733 0.9138318 0 0.4062414 0.9137659 0.004002094 -0.4060736 -0.9138317 1.18695e-4 -0.4062365 -0.913768 0 -0.4062414 -0.9137659 1 1.40388e-4 0 1 1.41299e-4 0 -1 1.40374e-4 0 -1 1.39827e-4 0 -1 1.39817e-4 0 -1.18695e-4 0.4062355 0.9137685 -0.004002332 0.406073 0.913832 0 0.4062403 0.9137663 0.004002094 -0.4060744 -0.9138313 1.18695e-4 -0.4062355 -0.9137685 0 -0.4062403 -0.9137663 1 1.41849e-4 0 1 1.40026e-4 0 -1 1.38925e-4 0 -1 1.41842e-4 0 -1 1.41893e-4 0 -3.36931e-7 -0.4008269 0.9161539 0.7818329 -0.2499112 0.5712108 0.7818309 -0.2499111 0.5712135 0.9749277 0.08919477 -0.2038632 0.4338828 0.361132 -0.8254268 0.4338828 0.3611355 -0.8254253 -0.4338836 0.361133 -0.825426 -0.4338821 0.3611331 -0.8254266 -0.9749279 0.08919215 -0.203864 1.38524e-6 -0.9161544 -0.4008257 0 -0.9161523 -0.4008305 -3.82614e-7 -0.9161531 -0.4008285 -0.9749275 0.08919364 -0.2038651 -0.7818309 -0.249912 0.5712132 -0.7818338 -0.2499105 0.5712099 -2.38044e-7 0.9161536 0.4008275 0 0.9161534 0.4008281 0 0.916153 0.400829 -0.004002094 -0.4060727 0.9138321 -1.18688e-4 -0.4062372 0.9137677 0 -0.4062421 0.9137656 1.18764e-4 0.4062373 -0.9137677 0.004004538 0.4060727 -0.9138321 0 0.4062421 -0.9137655 1 -1.41846e-4 0 1 -1.39841e-4 0 1 -1.39806e-4 0 -1 -1.38906e-4 0 -1 -1.4073e-4 0 -1 -1.38874e-4 0 -0.004002094 -0.4060736 0.9138317 -1.18685e-4 -0.4062364 0.9137681 0 -0.4062413 0.9137659 1.18757e-4 0.4062365 -0.9137681 0.004004597 0.4060726 -0.913832 0 0.4062413 -0.9137659 1 -1.38869e-4 0 1 -1.39234e-4 0 1 -1.3924e-4 0 -1 -1.38918e-4 0 -1 -1.41472e-4 0 -1.18685e-4 -0.4062372 0.9137678 1.18757e-4 0.4062372 -0.9137676 0.004004597 0.4060735 -0.9138317 1 -1.40362e-4 0 1 -1.39816e-4 0 -1 -1.40364e-4 0 -1 -1.39271e-4 0 -1 -1.40383e-4 0 -1.18189e-4 -0.4060859 0.913835 -0.00131762 -0.4062318 0.9137691 0 -0.4060714 0.9138414 -0.002570629 0.4354221 -0.9002228 -0.02847385 0.4324516 -0.9012076 -0.03019136 0.4322441 -0.9012512 0.9918051 0.03968715 -0.1214402 0.9999591 0.002691924 -0.008638679 1 -1.41201e-4 0 -0.9999985 0.00157833 -6.53095e-4 -0.9998911 0.005925416 -0.01352083 -0.9999991 0.001357674 0 -1.16977e-4 -0.4060938 0.9138315 -7.67008e-4 -0.4062194 0.9137753 0 -0.4060711 0.9138416 1.25136e-4 0.4433482 -0.8963495 7.43407e-4 0.4434768 -0.8962856 8.68641e-4 0.4435029 -0.8962726 1 -9.0362e-5 -4.46499e-5 1 -8.28438e-5 -4.7016e-5 1 -1.38321e-4 -6.83039e-6 -0.9890773 -0.0692591 -0.1301125 -0.8872429 -0.4613027 0 -0.9867681 0.04296761 -0.156341 -0.004002094 -0.4060727 0.913832 -1.18685e-4 -0.4062368 0.9137679 0 -0.4062417 0.9137657 1.18757e-4 0.4062373 -0.9137677 0.004004597 0.4060727 -0.913832 0 0.4062422 -0.9137654 1 -1.40377e-4 0 1 -1.40651e-4 0 1 -1.40655e-4 0 -1 -1.40379e-4 0 -1 -1.40106e-4 0 -0.004002094 -0.4060724 0.9138321 -1.18688e-4 -0.406237 0.9137679 0 -0.4062418 0.9137657 1.18764e-4 0.4062371 -0.9137678 0.004004597 0.4060726 -0.9138321 0 0.406242 -0.9137656 1 -1.40185e-4 0 1 -1.40288e-4 0 1 -1.4029e-4 0 -1 -1.40006e-4 0 -1 -1.40007e-4 0 -1 -1.40006e-4 0 -0.004002094 -0.4060725 0.9138321 -1.18685e-4 -0.406237 0.9137678 0 -0.4062419 0.9137656 1.18757e-4 0.4062371 -0.9137678 0.004004538 0.4060727 -0.913832 0 0.4062419 -0.9137656 1 -1.40373e-4 0 1 -1.40442e-4 0 1 -1.40443e-4 0 -1 -1.39816e-4 0 -1 -1.39771e-4 0 -1 -1.39817e-4 0 -1.18532e-4 -0.4060805 0.9138374 -0.002100467 -0.4062339 0.9137668 0 -0.4060713 0.9138415 8.31809e-5 0.4077364 -0.9130997 0.001441955 0.4078434 -0.9130508 0.001509368 0.4078487 -0.9130483 0.9999908 0.001368939 -0.004074871 1 -8.91575e-5 -1.38817e-4 1 -1.40581e-4 0 -1 2.06727e-4 -1.32631e-4 -0.9999964 9.86549e-4 -0.002501606 -1 1.63067e-4 0 -1.18437e-4 -0.4060823 0.9138365 -0.001749813 -0.4062323 0.9137682 0 -0.4060714 0.9138415 -2.5698e-4 0.4199177 -0.9075623 -0.003665208 0.4195916 -0.9077057 -0.003873467 0.4195715 -0.9077141 1 -1.21156e-4 -5.18473e-5 1 -1.39043e-4 -2.47543e-6 1 -1.39939e-4 0 -1 -1.39348e-4 0 -1 -1.40143e-4 0 -1 -1.39299e-4 0 -0.002607226 -0.4061454 0.9138048 -0.004119336 -0.4060668 0.9138342 -7.84764e-5 -0.4061815 0.9137926 1.98897e-4 0.4203423 -0.9073656 0.01008915 0.4200402 -0.9074495 0.005849599 0.4202097 -0.9074083 1 -1.22638e-4 -5.18063e-5 1 -1.3985e-4 -2.50315e-6 1 -1.40724e-4 0 -1 -1.15555e-4 4.08282e-5 -1 -1.53785e-4 5.23033e-5 1.18699e-4 0.4062365 -0.9137681 0.004002571 0.4060723 -0.9138323 0 0.4062414 -0.9137658 1.18758e-4 0.4062374 -0.9137676 0.004004597 0.4060724 -0.9138321 0 0.4062424 -0.9137654 1 -1.40378e-4 0 1 -1.40743e-4 0 1 -1.4075e-4 0 -1 -1.40383e-4 0 -1 -1.40384e-4 0 -1 -1.40383e-4 0 1.18699e-4 0.4062372 -0.9137678 0.004002571 0.406073 -0.9138319 0 0.4062421 -0.9137656 1.18758e-4 0.4062372 -0.9137676 0.004004597 0.4060724 -0.9138323 1 -1.38878e-4 0 1 -1.3979e-4 0 -1 4.5133e-6 0 -1 -6.04938e-6 0 -1 -6.62665e-6 0 1 4.65592e-6 0 1 -3.29699e-6 0 1 -3.73163e-6 0 0 -1 1.37726e-7 -1 -1.51356e-7 0 -1 -2.92084e-6 0 -1 -3.0722e-6 0 0 1 0 0 1 -2.59789e-7 0 1 -2.75453e-7 1 4.83977e-6 0 1 2.50794e-7 0 1 5.09056e-6 0 0 -1 0 0 -1 -1.29895e-7 0 -1 -1.37726e-7 3.15873e-7 0.4245383 0.9054101 0.7818309 0.2646956 0.5645146 1.89523e-7 0.4245383 0.90541 0.7818305 0.2646958 0.5645151 0.9749282 -0.09446811 -0.2014716 0.9749283 -0.09446775 -0.2014709 0.4338837 -0.3824957 -0.8157463 0.433884 -0.3824957 -0.8157461 -0.4338831 -0.3824958 -0.8157466 -0.4338836 -0.3824958 -0.8157463 -0.9749281 -0.09446829 -0.2014719 0 -0.9054098 0.4245387 -3.95782e-7 -0.9054099 0.4245385 -1.24579e-7 -0.90541 0.4245383 -0.9749281 -0.09446853 -0.2014724 -0.7818307 0.2646957 0.5645149 -7.14135e-7 0.9054104 -0.4245377 0 0.9054102 -0.424538 4.42834e-7 0.9054096 -0.4245393 2.77968e-6 0.4245387 0.9054098 0.7818328 0.2646943 0.5645126 3.47459e-6 0.4245386 0.9054099 0.7818322 0.2646952 0.564513 0.9749277 -0.0944702 -0.201473 0.9749281 -0.09446698 -0.2014727 0.4338834 -0.3824967 -0.815746 0.4338844 -0.3824945 -0.8157466 -0.4338812 -0.3824961 -0.8157474 -0.4338815 -0.3824968 -0.8157469 -0.9749273 -0.09447026 -0.2014753 0 -0.9054102 0.4245378 -7.78152e-7 -0.9054096 0.4245391 0 -0.9054098 0.4245389 -0.9749271 -0.09447056 -0.2014758 -0.7818306 0.2646958 0.5645151 -7.14129e-7 0.9054085 -0.4245413 -6.03112e-7 0.9054091 -0.4245404 2.20204e-7 0.9054102 -0.424538 -1 -2.31898e-6 0 -1 1.82188e-6 0 -1 2.04818e-6 0 1 -2.27872e-6 0 1 2.59865e-6 0 1 2.8652e-6 0 0 -1 1.37726e-7 0 -1 1.37726e-7 0.9219115 -0.1584643 -0.3535087 0.8667404 0.420012 0.2689819 0.9227249 0.1591071 0.3510897 -0.9602134 1.20497e-6 -0.2792676 -0.8971273 -0.3702373 0.2410125 -0.8984272 -1.83591e-7 0.4391227 -0.3951516 -0.7905504 -0.4678518 -0.8897141 -0.2382289 -0.3894301 0.3383246 0.9101721 0.239005 0.8911945 0.2324157 -0.3895578 0.3976556 0.7866243 -0.4723265 0.5116266 -0.1204447 -0.8507239 0.07645738 -0.1390014 -0.9873363 0.2391338 0.2009327 -0.949969 -0.8671198 0.4174433 0.2717432 0.9602292 4.7786e-4 -0.2792127 0.8988252 -0.001099526 0.4383059 -0.3383482 0.9090533 0.2431926 -0.8897209 0.2382529 -0.3894 0.897244 -0.3701845 0.2406588 0.3367997 0.5998235 0.7257946 -0.3385961 0.5903987 0.7326542 -5.88282e-4 0.4095464 0.9122892 0.3809056 0.3795976 0.8430995 0.3952208 -0.7905913 -0.4677244 -0.375006 -0.7769113 0.5057464 -0.395147 0.7906073 -0.4677597 0.3760206 -0.7771168 0.5046761 0.3704721 -7.31648e-4 0.9288433 -0.3694345 -2.01245e-4 0.9292569 -0.001351773 -0.4038588 0.9148204 -0.001159369 -0.3967973 0.9179055 0.5379356 0.009800791 -0.842929 0.5165585 -0.3548519 -0.7792609 -0.5074509 0.1091638 -0.8547379 0.5163647 0.1008231 -0.850413 0.2378857 -0.2170249 -0.9467368 -0.4989535 -0.116495 -0.8587632 -0.2348164 0.202039 -0.950811 -0.5222806 0.006934642 -0.8527456 0.8898615 -0.2383119 -0.3890426 -0.2369005 -0.2098219 -0.9486058 0.3075626 0.319059 -0.8964411 0.2324259 -0.01908391 -0.972427 0.8811202 -0.4728924 2.94259e-4 0.4151602 -0.9097483 1.02316e-4 0.9548288 -0.2971563 3.34516e-4 1 0 3.6808e-4 1 0 3.6808e-4 -0.07243382 0.1288827 -0.989011 0.08366972 0.126109 -0.9884817 -0.2631624 0.3268133 -0.9077107 0.2767209 -0.3393861 -0.8990232 -0.06225228 -0.1373208 -0.9885686 -0.2259244 -0.3346248 -0.9148686 -0.1954114 -0.01774817 -0.9805608 0.3031052 -0.3884029 -0.8702129 0.001994788 0.003909647 -0.9999905 -0.001279115 0.4148901 -0.9098706 -0.001496136 0.4072045 -0.9133358 1.6017e-4 -0.402925 -0.9152331 0.001552939 -0.4131392 -0.9106666 0.340404 0.9402793 1.74065e-4 -0.4149494 0.9098445 -1.02896e-4 -0.3404968 0.9402457 -6.88396e-5 -1 3.58464e-7 -3.75159e-4 -1 -1.68129e-4 -3.75169e-4 -1 -1.69847e-4 -3.75169e-4 -0.9558467 -0.2938655 -3.75054e-4 -0.8789807 -0.4768573 -3.53809e-4 -0.4162675 -0.9092423 -2.09964e-4 -0.338411 -0.9409984 -1.81592e-4 0.8811433 0.4728492 3.51807e-4 0.4151632 0.909747 2.00892e-4 -0.9547228 0.2974966 -3.40924e-4 -1 0 -3.75159e-4 0.9548243 0.2971708 3.68773e-4 -0.8810607 0.4730033 -2.96199e-4 0.3403977 -0.9402816 7.13603e-5 -1 -1.49887e-7 0 -1 -2.89249e-6 0 -1 -3.04237e-6 0 0 1 1.37726e-7 0 1 1.37726e-7 0 1 1.37726e-7 1 1.41158e-7 0 1 2.72404e-6 0 1 2.8652e-6 0 0 -1 -1.37726e-7 0 -1 -1.37726e-7 3.36931e-7 -0.4008278 0.9161534 0.7818325 -0.2499114 0.5712112 0.7818303 -0.2499126 0.5712137 0.9749286 0.08919131 -0.2038605 0.4338837 0.3611333 -0.8254258 0.4338846 0.3611332 -0.8254253 -0.4338841 0.3611333 -0.8254256 -0.4338827 0.3611335 -0.8254262 -0.9749283 0.08919191 -0.2038617 1.38523e-6 -0.9161533 -0.4008283 0 -0.9161517 -0.4008319 -3.82611e-7 -0.9161531 -0.4008287 -0.974928 0.08919239 -0.2038629 -0.78183 -0.2499128 0.5712141 -0.7818328 -0.2499113 0.5712108 -2.38045e-7 0.9161531 0.4008284 0 0.9161533 0.4008284 1.42981e-7 0.9161531 0.4008287 -2.29534e-6 -0.4008283 0.9161532 0.7818338 -0.2499106 0.5712099 -3.36931e-6 -0.4008279 0.9161534 0.9749272 0.08919346 -0.2038665 0.974927 0.08919453 -0.2038668 0.4338835 0.3611336 -0.8254258 0.4338845 0.3611343 -0.825425 -0.4338851 0.3611317 -0.8254258 -0.4338834 0.3611345 -0.8254255 -0.9749289 0.08918976 -0.20386 4.73042e-7 -0.9161534 -0.4008281 5.04792e-7 -0.9161531 -0.4008284 4.02626e-7 -0.9161535 -0.4008277 -0.9749284 0.08919233 -0.2038609 -0.7818319 -0.2499123 0.5712116 3.95784e-7 0.9161531 0.4008288 -4.44663e-7 0.9161534 0.4008281 -2.46767e-7 0.916153 0.4008287 0 1.77419e-7 1 0 1.77419e-7 1 1 0 0 1 0 0 1 0 0 0 -1 -1.88748e-6 0 -1 0 0 -1 -1.91849e-6 0 3.75076e-7 -1 0 3.75076e-7 -1 0 1 -7.19436e-7 0 1 -7.19436e-7 0 -1 0 0 1 0 -1.21777e-7 1 0 0 1 0 0 0 1 0 0 1 1.21777e-7 -1 0 0 -1 0 0 0 -1 0 0 -1 0 0 -1 0 0 1 -1.21777e-7 1 0 -1 -3.75551e-7 0 -1 -2.5693e-7 0 -1 2.37311e-6 0 0 0.05933272 -0.9982383 0 0.04154199 -0.9991368 0 0.04154187 -0.9991368 0 -0.05933266 0.9982383 0 -0.04154217 0.9991368 0 -0.04154229 0.9991368 1 -6.61762e-7 0 1 -8.01695e-7 0 0 0.03059899 0.9995318 0 0.03059887 0.9995318 0 0.03059887 0.9995318 -1 -5.10813e-7 0 -1 0 0 0 -0.03059923 -0.9995318 0 -0.03059899 -0.9995318 0 -0.03059923 -0.9995318 1 -1.36554e-7 0 1 9.91913e-7 0 1 -2.85121e-7 0 1 -9.99443e-7 0 0 0.05933278 -0.9982383 -1 -2.14387e-6 0 0 -0.0593326 0.9982383 0 -0.7071033 0.7071104 0 0.9706752 -0.240395 0 0.7314925 0.6818494 0 1.56381e-7 1 0 1.5638e-7 1 0 1.56381e-7 1 5.62854e-6 -0.7071085 -0.7071052 0 -0.8046311 -0.5937752 0 -0.8046247 -0.5937838 -1 -6.13387e-7 2.16951e-6 -1 2.44695e-7 0 -1 1.06318e-6 4.5846e-7 1 0 -3.91698e-6 1 0 -6.17004e-7 -2.52048e-7 1 2.67984e-7 -4.61968e-7 1 3.33891e-6 -4.83145e-7 1 3.6487e-6 0 -1 -4.27592e-6 0 -1 -5.45833e-7 0 -1 -4.74808e-6 1.41e-7 -1.22934e-6 1 -2.9955e-7 0 1 1.64476e-7 -1.29074e-6 1 0 -1 -5.81187e-7 2.29378e-7 -1 -6.92902e-6 0 0 -1 -6.34987e-7 0 -1 -6.8111e-7 0 -1 0 0 -1 -8.18556e-7 0 -1 0 0 -1 -0.3496835 0.93004 0.1129033 0 1 -5.24161e-6 -0.6594725 0.7514809 -0.01930201 -0.8963588 -0.3824571 -0.2242047 -0.8963587 -0.3824567 -0.2242049 -0.8963589 -0.3824562 -0.2242054 -0.9053369 0.4199698 0.06317043 -0.9701004 0.005059123 -0.2426518 0.9701012 -0.005061388 0.2426478 0.9701012 -0.005056798 0.2426481 0.9701012 -0.005049645 0.2426487 0.9871153 0.1183179 0.1077235 0.9701189 0.1866888 0.154973 0.9997469 -0.005223453 0.02188539 -0.6031713 -0.09563302 0.7918578 0.2522237 0.1297262 -0.958934 0.7970919 -0.1081096 0.5941017 0.6441265 -0.1265671 0.7543752 -0.9966335 0.01755011 0.08008617 0.3524969 -0.1424568 0.9249066 -0.9479152 0.07193207 -0.3102944 -0.001240789 -0.9999992 0 -0.00124073 -0.9999992 0 -0.001240789 -0.9999992 0 0.1371229 -0.1440677 0.9800213 1.12441e-4 1 0 1.12399e-4 1 0 1.12524e-4 1 0 -0.4129406 0.1406324 -0.8998348 -0.02604579 0.1421905 -0.9894967 0.6031714 0.09563338 -0.7918578 -6.98109e-7 -0.4961432 -0.8682408 0 0.7951216 -0.60645 0 0.2425408 -0.9701413 0 -0.6782855 -0.7347985 0 -0.9950371 0.09950488 4.26071e-7 0.4920611 -0.8705607 0 0.743294 -0.6689649 0 0.4856422 0.8741577 0 -0.4121665 -0.9111086 0 -0.8320511 0.5546991 0 -0.9833819 -0.1815493 -1 2.72542e-6 0 -1 0 0 0 -0.6887488 -0.7250001 0 0.7709621 -0.6368811 -2.86474e-7 0.9670747 0.2544929 -9.68366e-7 -0.8560639 0.5168701 -9.12659e-7 -0.9526594 -0.3040397 -8.16581e-7 -0.06237673 0.9980527 1 1.48706e-7 0 1 -2.92091e-7 0 0 0.0384348 -0.9992612 0 -0.8077887 -0.5894722 0 -0.203217 0.9791337 0 0.5279369 -0.8492836 0 0.2290394 0.9734172 0 0.9874407 -0.1579902 0 0.9647642 0.2631164 0 -0.2956845 -0.9552857 0.8522477 5.06471e-7 0.5231385 -0.6550109 0 0.7556194 -0.2951982 -5.73285e-7 -0.9554361 0 -1 -1.30836e-7 0 -1 -2.31492e-7 0 -1 -1.92932e-7 0 1 0 0 1 -9.28541e-7 0 1 -3.15896e-7 0.923879 -1.18072e-6 -0.382685 0.382685 0 -0.9238789 -0.2735447 1.07875e-6 0.9618594 0.3418386 -5.6018e-7 0.9397587 -0.9996178 0 0.02764725 -0.6260712 0 -0.7797659 0 -1 -1.30132e-6 0 -1 1.9087e-7 0.827839 0 -0.5609659 0 1 7.13707e-7 0 1 2.57879e-6 0 1 0 -0.09735161 0 -0.9952501 -0.2735438 0 0.9618597 -0.9406518 -0.3393734 0 2.90401e-4 -0.4128112 -0.9108166 0.001112639 -0.4062325 -0.9137691 8.69757e-4 -0.4073309 -0.9132803 0.9524554 -0.3046782 0 -0.6274279 0.7786748 0 0 0.4010903 0.9160385 0.9550858 0.2963295 0 0 1.91867e-7 1 -0.9996425 -0.02674013 0 0.8564024 0.516309 0 0.8297256 0.5477564 -0.107324 0.8564023 0.5163092 1.51807e-6 -0.9947856 -0.1019883 -9.87997e-7 -0.4579721 0.8889667 6.54795e-6 -0.3004641 0.9021918 -0.3094695 0.9998902 -0.006204009 0.01346307 0.9999973 -0.002243816 8.12689e-4 0.9999981 -0.001989364 0 -0.9892705 -0.1046574 0.1019361 -1 -1.40619e-4 0 -0.9999685 -0.002705156 0.00747627 -0.002655744 -0.4060797 0.9138339 -0.004003345 -0.406226 0.9137639 -0.002566337 -0.4060699 0.9138384 -0.002655506 -0.4062336 0.9137654 -0.004003942 -0.40608 0.9138287 -0.004122912 -0.4060664 0.9138343 0.9834836 -0.07417893 0.1650981 0.9997661 -0.02024698 0.00760734 0.9998447 -0.01762938 0 0 0.406242 -0.9137656 0 0.4062421 -0.9137655 7.53107e-7 0.4062419 -0.9137656 -0.02279025 0.3924702 -0.9194824 0.001843869 0.3896581 -0.9209578 -0.02414041 0.3926173 -0.9193851 -0.2886368 -0.8374519 -0.4640724 0.00196582 0.4072791 -0.9133017 0.003945708 0.4074698 -0.9132102 0.004123985 0.407487 -0.9132018 0 -0.4047288 0.9144368 0 -0.4047303 0.9144361 -1 -1.2362e-4 -6.02996e-5 -1 -1.38559e-4 -6.8018e-6 -1 -1.21545e-4 -6.77309e-5 0.7071076 -0.707106 0 0.8327904 -0.5535885 9.91604e-7 -0.4579731 0.8889662 0 -0.457972 0.8889667 2.50362e-7 -0.4579734 0.8889659 3.51871e-6 0.001841247 -0.4098888 0.9121337 1.64157e-4 -0.4134844 0.9105112 3.85581e-4 -0.912061 -0.4100547 3.85668e-4 -0.912061 -0.4100545 -0.183452 -0.8965823 -0.4030953 0.3001044 0.9316548 -0.2048336 -0.9999877 -0.003653347 0.003354787 -1 -1.39921e-4 0 -1 -1.88979e-4 1.31515e-4 -0.1125811 0.6635473 -0.7396152 -0.4439727 0.7420073 -0.5023082 0.003418445 0.4203571 -0.9073523 1 -1.40787e-4 0 1 -1.41047e-4 0 1 -1.41063e-4 0 1 -1.65294e-4 5.80384e-5 1 -1.47791e-4 2.4212e-6 1 -1.47029e-4 0 0.003622353 0.408137 -0.9129136 0.00407499 0.4080777 -0.9129382 0.003582835 0.4081422 -0.9129114 -0.00291866 -0.4060831 0.9138315 -0.004004001 -0.4062237 0.9137649 -0.002811312 -0.4060692 0.9138381 0.002918779 0.4060832 -0.9138315 0.004005134 0.4062243 -0.9137647 0.004123866 0.4062397 -0.9137573 -1 -1.21269e-4 -5.17073e-5 -1 -1.39228e-4 -2.36791e-6 -1 -1.20351e-4 -5.42311e-5 -0.001909792 -0.4059805 0.9138798 -0.004121959 -0.4062392 0.9137576 -0.004003524 -0.40622 0.9137666 0.999996 -0.001294255 0.002560317 1 -5.15731e-4 1.44035e-4 0.9999999 -4.69322e-4 0 -0.002868771 -0.4062281 0.9137672 -0.004003942 -0.4060829 0.9138275 -0.004122555 -0.4060677 0.9138338 1.41501e-7 0.3946326 -0.9188391 1.84962e-4 0.3951893 -0.9185997 0.005593299 0.4038741 -0.9147975 -1 -1.21168e-4 -5.14938e-5 -1 -1.38875e-4 -2.51884e-6 -1 -1.20197e-4 -5.4179e-5 0.4484256 -0.8478704 -0.2828963 0.1779565 -0.9840385 0 -0.1779566 -0.9840384 -2.21338e-7 0.1619015 -0.9868069 0 0.3639325 -0.8490657 -0.382937 0.3639326 -0.8490657 -0.3829368 0.363932 -0.8490657 -0.3829373 -1 1.05423e-6 0 -1 4.51854e-7 0 -1 3.30043e-6 0 -0.8593598 0.5113716 0 -0.4423561 0.8968395 1.90622e-6 -0.9451162 0.3267343 0 0.1618626 0.9868134 -3.13462e-7 0.1779243 0.9840442 0 -0.07466644 0.9972086 -2.33559e-6 0.3356143 0.9419995 0 -0.06222099 0.9609633 -0.269589 -0.3478457 0.8949548 -0.2793914 -0.1459944 0.9892855 0 -0.1459945 0.9892855 0 -0.1459941 0.9892855 0 0.2999333 -0.9539602 0 0.299934 -0.9539601 0 0.7818327 0.2646939 0.5645129 -0.4338842 -0.382495 -0.8157464 -1.66746e-6 -0.9054112 0.424536 2.22329e-6 -0.9054111 0.4245361 0 -0.9054095 0.4245393 0 -0.9054089 0.4245409 -0.7818323 0.2646954 0.5645129 0 0.9054089 -0.4245409 0 0.9054111 -0.4245362 0 0.905412 -0.4245339 0 0.9054109 -0.4245364 0 -1 1.86257e-7 0 0 -1 0 1 1.97322e-7 0 0 1 0 -1 -1.71138e-7 -1 2.86941e-6 0 0 -1 -1.602e-6 0 -1 2.29641e-7 0 1 9.64988e-7 -1 2.27178e-7 0 -1 5.32607e-7 0 -1 3.7221e-6 0 -1 3.38514e-6 0 -1 6.93517e-7 0 -1 -2.86339e-7 0 1 0 0 1 1.76634e-6 0 1 1.28796e-6 0 1 3.84049e-7 0 1 -2.63649e-6 0 1 -1.25158e-6 0 1 -1.15e-6 0 1 -6.10937e-6 0 1 -4.47854e-7 0 1 -1.54581e-6 0 1 1.45055e-6 0 -1 1.50813e-7 0 -1 0 0 1 0 3.26627e-7 -0.9999995 0.001036763 0 1.12408e-4 1 0 1.12422e-4 1 1.39138e-7 1.12385e-4 1 -1.63682e-7 1.12402e-4 1 -1.36204e-7 1.12397e-4 1 0 -0.001240789 -0.9999992 0 -0.001240909 -0.9999993 -6.21944e-7 -0.00124067 -0.9999992 1.6768e-7 -0.00124073 -0.9999993 0 -0.001240789 -0.9999992 0 -0.001240789 -0.9999993 0 -0.9987629 0.03081411 -0.03902709 -0.9975534 -0.05593216 -0.04194021 -0.9986472 -0.008738219 -0.05125796 -1 4.49337e-7 0 1 0 0 1 1.66575e-7 0 1 1.43444e-7 0 0.9986472 0.008738219 0.05125796 0.9983564 0.04101389 -0.04002958 0.9990772 -0.03250074 -0.02808302 1 -2.6955e-7 0 0 1 3.2628e-7 1.12111e-4 1 0 1.12169e-4 1 0 1.12951e-4 1 0 -0.001240789 -0.9999992 0 -0.001240789 -0.9999993 0 -0.001240551 -0.9999992 0 -0.00124067 -0.9999993 0 -0.001240551 -0.9999992 0 0.9999886 0.004789948 0 0.9999886 0.004789948 0 0.9999886 0.004788994 0 0.9999886 0.004790186 1.51757e-7 0.9999886 0.004788875 0 -0.9999664 -0.008208096 0 -0.9999664 -0.008208096 0 -0.9999663 -0.008209288 0 -0.9999663 -0.008209168 0 -0.9999664 -0.008209109 0 0.008209288 -0.9999664 1.41139e-7 -0.008209109 0.9999663 -2.78543e-7 1 3.37281e-4 0 1 3.37471e-4 0 1 3.36558e-4 0 1 3.36926e-4 1.64728e-7 1 3.36563e-4 0 -0.9999979 0.002072811 0 -0.9999979 0.002072811 0 -0.9999979 0.002073407 0 1 3.37729e-4 -2.4719e-4 -0.9999967 0.002073168 -0.001517474 -1 4.86225e-6 0 1 -3.77546e-6 0 0 1 -1.51945e-7 0 -1 1.51944e-7 -1 0 0 1 1.38838e-7 0 0 -1 3.42155e-7 0 0 1 6.0641e-7 1 -9.15919e-6 0 -1 -1.59658e-6 -6.89037e-7 1 0 0 0 -1 0 -1 -2.60543e-6 0 2.5815e-6 1 0 -1.29075e-6 -1 -1.39787e-7 1 0 -3.78387e-7 0 -1 0 -5.16301e-6 1 0 1.29074e-6 -1 0 -1.29075e-6 1 0 0 1 1 3.01782e-7 1.48995e-7 -1 0 3.60108e-6 0 0 -1 1 2.74473e-7 -3.63708e-6 0 -0.001506745 0.9999989 0 0.001506626 -0.9999989 1 -2.08888e-7 0 -1 -4.4201e-6 0 0 1 -2.19694e-7 0 1 -2.19509e-7 0 0 1 -1 1.30086e-7 0 0 4.32097e-7 1 0 -4.32098e-7 -1 -1 5.88347e-7 0 0 1.49175e-6 1 -0.004121661 0.4060673 0.9138339 0.004121422 -0.4060659 -0.9138346 1 1.3924e-4 0 -1 1.38874e-4 0 -0.00412172 0.4060677 0.9138337 0.004121482 -0.4060675 -0.9138339 1 1.39617e-4 0 -0.004121661 0.4060686 0.9138334 0.004121482 -0.4060685 -0.9138334 1 1.40938e-4 0 -1 1.40384e-4 0 -0.00412172 0.4060674 0.9138339 0.004121482 -0.4060676 -0.9138338 -0.004121661 0.406068 0.9138335 1 1.40278e-4 0 -0.004121661 0.4060674 0.9138339 0.004121422 -0.4060671 -0.913834 1 1.40136e-4 0 -0.00412172 0.4060676 0.9138338 1 1.40337e-4 0 -1 1.39818e-4 0 -0.004121661 0.4060676 0.9138337 0.004121422 -0.4060676 -0.9138337 1 1.4049e-4 0 -1 1.40007e-4 0 -0.00412172 0.4060676 0.9138338 1 1.40089e-4 0 -0.004121661 0.406067 0.913834 0.004121422 -0.4060668 -0.9138342 1 1.39334e-4 0 -0.004121661 0.4060677 0.9138337 0.004121422 -0.4060677 -0.9138337 -0.00412172 0.4060682 0.9138335 0.004121482 -0.4060684 -0.9138334 1 1.41315e-4 0 -0.00412172 0.406068 0.9138337 0.004121482 -0.4060693 -0.913833 1 1.39995e-4 0 -1.17926e-6 -0.4008281 0.9161533 0.9749275 0.08919239 -0.2038652 -3.89078e-6 -0.9161523 -0.4008305 -1.84487e-7 -0.9161528 -0.4008291 0 -0.9161531 -0.4008286 3.95062e-7 -0.9161538 -0.4008269 2.22329e-6 0.9161539 0.4008268 0 0.9161528 0.4008294 1.11165e-6 0.9161527 0.4008296 2.22329e-7 0.9161536 0.4008275 -0.004121422 -0.4060676 0.9138337 0.004123985 0.4060676 -0.9138337 1 -1.41881e-4 0 -1 -1.40761e-4 0 -0.004121482 -0.4060684 0.9138334 0.004123985 0.4060675 -0.9138338 1 -1.38862e-4 0 -1 -1.41516e-4 0 0.004123985 0.4060684 -0.9138334 1 -1.40372e-4 0 -1 -1.39252e-4 0 -0.001395046 -0.4062412 0.9137648 0 0.4357007 -0.9000916 0.9907165 0.04223746 -0.1292161 -0.9998832 0.006094157 -0.01402026 -8.8408e-4 -0.406242 0.9137651 0 0.4433221 -0.8963624 1 -1.40021e-4 0 1 1.09865e-5 1.92378e-6 -0.9998276 0.01857495 1.2996e-7 -0.9997394 0.02132606 -0.00815767 -0.004121422 -0.4060675 0.9138337 0.004123985 0.4060676 -0.9138338 -1 -1.40101e-4 0 -0.004121422 -0.4060673 0.9138339 0.004123985 0.4060675 -0.9138338 1 -1.40183e-4 0 -1 -1.40007e-4 0 -0.004121422 -0.4060674 0.9138339 0.004123985 0.4060676 -0.9138337 -1 -1.39771e-4 0 -0.00219655 -0.4062413 0.9137633 0 0.4077298 -0.9131028 0.9999901 0.001428544 -0.004235863 -0.9999961 0.00102669 -0.002623498 -0.001845777 -0.4062412 0.9137641 0 0.4199421 -0.9075509 1 -1.202e-4 -5.44866e-5 -1 -1.40192e-4 0 -4.01256e-5 -0.4061863 0.9137903 -8.58161e-4 -0.4062418 0.9137653 8.53506e-4 0.4204056 -0.9073359 4.1294e-5 0.4203509 -0.9073618 1 -1.21706e-4 -5.44749e-5 -1 -1.4404e-4 0 -1 -1.44946e-4 2.49045e-6 0.004121959 0.4060672 -0.913834 0.004123985 0.4060673 -0.9138339 -1 -1.40384e-4 0 0.004121959 0.4060679 -0.9138337 0.004123985 0.4060673 -0.9138339 -1 5.09056e-6 0 0 -0.9054101 0.4245381 -1.58313e-6 -0.9054101 0.4245384 3.33493e-6 -0.9054106 0.4245371 6.66985e-7 -0.9054099 0.4245385 -0.7818306 0.2646958 0.564515 0 0.9054076 -0.4245434 3.4044e-6 0.9054093 -0.4245398 6.80883e-7 0.9054097 -0.4245389 -7.14134e-7 0.9054099 -0.4245385 -3.89078e-6 -0.90541 0.4245385 3.33489e-6 -0.9054104 0.4245377 6.66986e-7 -0.9054086 0.4245413 0 -0.9054098 0.424539 -0.7818303 0.2646966 0.5645149 1.11164e-6 0.9054092 -0.4245401 -2.22929e-7 0.9054108 -0.4245365 3.40441e-6 0.9054109 -0.4245364 6.80882e-7 0.9054094 -0.4245396 -1 -2.54528e-6 0 1 -2.54528e-6 0 0 -1 1.37726e-7 -1.4636e-4 0.401389 0.9159077 -7.98326e-4 0.4033916 0.9150271 -6.45332e-4 0.4031097 0.9151515 -0.001118659 0.4046759 0.9144596 0 -0.4047287 0.9144369 0 -0.4047284 0.914437 -0.002768754 -0.4060159 0.9138618 -0.003720402 -0.4023255 0.9154891 -0.009922325 -0.4238682 0.9056695 0.004576206 -0.4027218 0.915311 0.006822586 -0.4047192 0.9144155 5.32901e-4 -0.3986129 0.9171192 0.00516057 0.4084357 -0.9127726 0.006092309 0.4047606 -0.9144025 0 0.406242 -0.9137656 0 0.406242 -0.9137655 4.99403e-4 3.42396e-4 -0.9999998 -0.004127383 0.4088773 -0.9125801 -0.006277322 0.4051355 -0.9142352 5.9708e-4 0.4129396 -0.9107583 0 -0.4025931 -0.9153791 0.001016438 -0.4065753 -0.9136167 6.38908e-4 -0.4046704 -0.9144625 0 -1 -1.37726e-7 -3.15873e-7 -0.4008276 0.9161535 0.9749283 0.08919215 -0.2038623 -3.89075e-6 -0.9161538 -0.4008272 -1.84473e-7 -0.9161535 -0.4008278 0 -0.916153 -0.4008286 3.95061e-7 -0.9161532 -0.4008284 0 0.9161524 0.4008301 1.11164e-6 0.9161533 0.4008281 2.22329e-7 0.9161533 0.4008284 -2.38044e-7 0.9161531 0.4008286 0.7818321 -0.2499113 0.5712119 -2.91802e-6 -0.9161502 -0.4008352 0 -0.9161536 -0.4008275 -1.23681e-6 -0.9161522 -0.4008306 0 -0.916152 -0.4008309 -0.7818297 -0.249913 0.5712144 0 0.9161534 0.4008278 -2.22332e-6 0.916152 0.4008314 0 0.9161538 0.400827 7.91567e-7 0.9161524 0.4008302 0 1.77419e-7 1 0 0 -1 0 0.03059899 0.9995318 -1 -5.7024e-7 0 0 -0.03059899 -0.9995318 1 1.14048e-6 0 0 -0.7071096 0.707104 0 0.9706768 -0.2403883 0 0.7314925 0.6818496 0 1.5638e-7 1 0 -0.7071085 -0.7071052 0 -0.8046263 -0.5937817 0 -0.8046294 -0.5937774 -1 1.39201e-6 0 -1 -2.13443e-6 6.28067e-6 1 0 -8.53884e-6 -2.33729e-7 1 0 -3.29053e-7 0 1 2.5162e-7 -1 -7.60089e-6 0 0 -1 -8.90396e-7 0 -1 0 1 -5.27962e-6 -0.8963587 -0.3824576 -0.2242041 0.9701014 -0.00506854 0.2426474 0.9259797 0.2981917 0.2316105 -0.603171 -0.09563469 0.7918578 0.2522233 0.1297261 -0.9589341 0.797092 -0.1081104 0.5941014 0.6441255 -0.1265661 0.7543762 -0.9966335 0.01755231 0.08008581 0.3524974 -0.1424563 0.9249064 -0.9479152 0.07193005 -0.3102947 -0.001240789 -0.9999992 0 -0.001240789 -0.9999993 0 -0.001240789 -0.9999992 -7.61202e-7 0.1371225 -0.144068 0.9800214 1.12462e-4 1 -1.48743e-7 1.1239e-4 1 0 1.1224e-4 1 0 1.12393e-4 1 -1.92593e-7 -0.4129411 0.140631 -0.8998348 -0.02604615 0.1421902 -0.9894967 0.6031712 0.0956338 -0.7918577 0 -0.4961411 -0.868242 0 0.7951229 -0.6064485 0 0.2425395 -0.9701416 0 -0.6782818 -0.7348019 0 -0.9950372 0.09950447 0 0.4920617 -0.8705604 0 0.7432973 -0.6689613 -1.94372e-6 0.4856435 0.874157 0 -0.4121661 -0.9111087 -1.24882e-6 -0.8320535 0.5546956 -1.13659e-6 -0.9833819 -0.1815493 -1 -4.52231e-7 0 -1 1.17966e-5 0 -1 -1.64052e-6 0 -1 -1.88842e-6 0 -1 -2.21128e-6 0 -1 3.59493e-6 0 -1 7.44417e-6 0 0 -0.6887505 -0.7249985 7.54647e-7 0.7709629 -0.6368802 0 0.9670744 0.2544938 -7.27274e-7 -0.8560659 0.5168666 0 -0.9526594 -0.3040397 0 -0.06237697 0.9980527 1 -6.93517e-7 0 1 0 0 1 0 0 0 0.03843456 -0.9992612 -7.94908e-7 -0.8077901 -0.5894703 0 -0.2032168 0.9791338 0 0.2290405 0.9734169 4.93637e-7 0.9647644 0.2631155 -3.17572e-7 -0.2956852 -0.9552856 0.8522495 0 0.5231354 -0.65501 0 0.7556203 -0.295198 0 -0.9554361 0 -1 -2.32142e-7 0 -1 2.44494e-7 0 1 6.02342e-7 0 1 -1.40866e-6 0 1 8.96235e-7 0 1 -1.48777e-6 0.9238802 0 -0.382682 0.3826828 -8.07164e-7 -0.9238798 -0.2735427 0 0.96186 0.3418379 -2.01045e-7 0.939759 -0.9996178 0 0.02764737 -0.6260695 0 -0.7797672 0 -1 1.52464e-6 0 -1 -1.60597e-6 0 -1 3.4073e-7 0 -1 -2.29914e-6 0.8278384 0 -0.5609667 -0.09735167 2.17754e-7 -0.9952501 -0.2735443 -5.3292e-7 0.9618594 -0.940655 -0.3393644 -1.13366e-6 -0.940655 -0.3393644 0 3.76445e-5 -0.4221234 -0.9065385 0.001663565 -0.420971 -0.9070726 8.22334e-4 -0.4049646 -0.914332 0.001204967 -0.4138026 -0.9103658 0.9524554 -0.304678 0 -0.6274271 0.7786754 0 0.9550855 0.2963304 0 -0.9996425 -0.02673977 0 0.8564022 0.5163093 -2.8797e-6 0.8564021 0.5163095 -7.78017e-6 0.8386383 0.5345941 -0.1043791 0.8297253 0.5477569 -0.1073241 -0.8120788 -0.5610029 0.1606355 0.8285648 0.5558003 -0.06757682 -0.9947856 -0.1019883 0 -0.4579744 0.8889654 0 -0.457974 0.8889657 -2.44922e-6 -0.457973 0.8889662 0 -0.457973 0.8889662 0 -0.3283057 0.8354864 -0.4406564 -0.4579745 0.8889654 0 0.9998803 -0.006399035 0.01408618 -0.9883827 -0.1078062 0.107133 -0.9166941 -0.3995899 2.33744e-6 -0.004122316 -0.4062389 0.9137576 -0.002584815 -0.4062417 0.913762 0.9821881 -0.0764153 0.1716604 -7.00565e-7 0.4062463 -0.9137637 -8.02688e-7 0.4062472 -0.9137634 0 0.4062424 -0.9137654 -1.22217e-7 0.4062412 -0.9137659 8.49098e-7 0.406242 -0.9137656 0.004122853 0.3893858 -0.9210656 9.02502e-4 -0.3625785 -0.9319528 -3.01922e-7 -1 2.41742e-6 0.001830279 0.4072659 -0.9133079 -1 -1.40459e-4 0 0.7071068 -0.7071068 0 0.7031034 -0.4619271 -0.5406192 0.7379688 -0.6014006 -0.3061365 -0.4579731 0.888966 0 -0.4579735 0.8889659 3.70412e-6 0.005387246 -0.4059648 0.9138728 -0.04420077 -0.5467236 0.8361457 -0.361737 -0.8502965 -0.3822858 -0.184189 -0.8964561 -0.4030395 -0.3617376 -0.8502956 -0.3822869 0.3001047 0.9316544 -0.2048345 -0.9999874 -0.003599286 0.003516495 -0.9998992 -0.01420849 0 0.004123806 0.4204192 -0.9073207 -0.04588538 0.6565373 -0.7528967 1 -1.40772e-4 0 1 -1.66057e-4 6.04641e-5 0.004123926 0.4080712 -0.9129409 -0.004122614 -0.406239 0.9137576 0.002811312 0.4060692 -0.9138381 -1 -1.4009e-4 0 -0.004123449 -0.4060681 0.9138336 -0.003189742 -0.4060261 0.913856 0.9999955 -0.001336872 0.002692699 -0.002772927 -0.4062404 0.9137622 -0.01128822 0.3841016 -0.9232218 -0.01365554 0.3739498 -0.9273485 0.002151727 0.3999938 -0.9165153 -0.2371718 -0.7217473 -0.6502541 -1 -1.39785e-4 0 0.3356116 -0.9420005 3.99356e-6 0.3598251 -0.7764635 -0.5173301 -0.1619017 -0.9868069 0 0.3356139 -0.9419997 2.59186e-6 0.3356139 -0.9419997 2.73085e-6 0.3639332 -0.8490656 -0.3829365 -0.3356143 -0.9419996 -1.94937e-6 -0.3356142 -0.9419995 -2.36606e-6 -0.3839578 0.9233508 2.05998e-6 -0.07165139 0.9974298 -2.88884e-6 -0.5608876 0.7786046 -0.2813898 -0.1459934 0.9892857 0 -0.1459948 0.9892854 0</float_array>
          <technique_common>
            <accessor source="#Cylinder-mesh-normals-array" count="1607" stride="3">
              <param name="X" type="float"/>
              <param name="Y" type="float"/>
              <param name="Z" type="float"/>
            </accessor>
          </technique_common>
        </source>
        <source id="Cylinder-mesh-map-0">
          <float_array id="Cylinder-mesh-map-0-array" count="9408">0.3918211 0.3874953 0.3918211 0.2962224 0.5288649 0.2772324 -3.750481 0.6909048 -3.629608 4.541507 -3.750481 4.566219 1.061206 -2.989984 2.759881 0.9408572 0.9427827 -2.934457 2.759881 0.9408572 0.8478136 -2.889927 0.9427827 -2.934457 0.7026749 4.730704 4.57799 4.864863 4.577989 4.730704 0.8478136 -2.889927 2.759881 0.9408572 0.9427827 -2.934457 -3.599754 2.623342 -3.750481 2.794469 -3.901207 2.623342 2.759881 0.9408572 1.061206 -2.989984 0.9427827 -2.934457 4.678046 4.918657 0.8274446 4.797784 4.702759 4.797784 0.9427829 4.94851 1.061206 4.918657 1.061206 4.676911 -3.499889 0.5468689 -3.787964 -0.6193044 -3.787964 0.5468689 -3.787964 -0.6193044 -3.499889 0.5468689 -3.787964 0.5468689 -3.499889 0.9639811 -3.787964 -0.7242327 -3.787964 0.9639811 -3.499889 0.9639811 -3.787964 -0.7242323 -3.499889 -0.7242323 -3.787964 -0.586606 -3.499889 0.5141707 -3.787964 0.5141707 -3.499889 0.5141707 -3.787964 -0.586606 -3.787964 0.5141707 -3.787964 -0.684221 -3.499889 0.9239705 -3.787964 0.9239705 -3.787964 -0.684221 -3.499889 0.9239705 -3.499889 -0.684221 0.459762 -0.6193044 -1.18844 -0.586606 -1.228452 -0.6193044 -1.228451 0.5468689 -1.18844 -0.586606 -1.228452 -0.6193044 -1.228451 0.5468689 -1.18844 -0.586606 -1.18844 0.5141707 0.459762 0.5468689 -1.18844 0.5141707 -1.228451 0.5468689 0.459762 -0.6193044 -1.18844 -0.586606 0.4197515 -0.586606 0.459762 0.5468689 0.4197515 -0.586606 0.459762 -0.6193044 -1.228451 0.5468689 0.4197515 0.5141707 0.459762 0.5468689 0.459762 -0.6193044 0.4197515 0.5141707 0.459762 0.5468689 -0.2399187 -5.563959 -0.4826427 6.789427 -0.4826431 -5.563959 -0.4826431 -5.563959 -2.797266 6.789427 -2.797266 -5.563959 -3.873205 1.108966 -3.628769 -1.8826 -3.873205 -1.8826 -3.628769 1.108966 -3.873205 -1.8826 -3.628769 -1.8826 -1.958398 -5.563959 -1.74606 6.789428 -1.74606 -5.563959 3.399479 1.108965 3.632738 -1.8826 3.399479 -1.8826 -3.438025 1.108965 -3.671284 -1.8826 -3.671284 1.108966 6.611261 -1.8826 6.8451 1.108966 6.611261 1.108966 4.040238 -5.563958 -0.2399177 6.789427 -0.2399187 -5.563959 2.506041 1.108965 6.611261 -1.8826 2.506041 -1.8826 2.506042 -1.8826 6.611261 1.108966 2.506042 1.108966 3.399479 1.108965 3.632738 -1.8826 3.632738 1.108966 -3.438025 1.108965 -3.671284 -1.8826 -3.438025 -1.8826 -1.74606 2.170705 -1.958398 4.485328 -1.958398 2.170705 6.611261 1.108966 6.8451 -1.8826 6.611261 -1.8826 -1.123402 -1.8826 -3.438025 1.108965 -1.123402 1.108966 -3.628769 1.108965 -1.827112 0.1293162 0.6325368 1.108965 -1.394215 -1.011136 -1.274623 -0.9771253 0.6325368 -1.8826 6.611261 4.136958 -5.742125 3.903699 6.611261 3.903699 0.6325368 1.108966 0.814513 -1.8826 0.6325368 -1.8826 -1.74606 2.170705 -1.958398 4.485328 -1.74606 4.485328 0.6325368 -0.61199 0.8152975 -2.933806 0.814513 -0.61199 3.399479 -1.8826 -0.8806774 -1.8826 2.037376 -1.684869 -1.74606 -2.352176 -1.958398 -2.585435 -1.74606 -2.585435 2.661374 -0.02681708 2.976344 -0.2407593 3.399479 1.108965 -0.02237921 2.605839 -1.123402 1.108966 -3.438025 1.108965 3.399479 -1.8826 -0.8800255 -1.8826 -0.880025 1.108966 3.399479 1.108965 -0.880025 1.108966 -0.8800255 -1.8826 -1.74606 2.170705 -1.958398 1.92798 -1.958398 2.170705 -0.8800255 -1.8826 -1.116209 1.108966 -0.880025 1.108966 0.6325368 -0.375806 0.814513 -0.61199 0.814513 -0.375806 -1.74606 4.485328 -1.958398 4.718587 -1.74606 4.718587 2.494929 1.108966 2.282416 -1.8826 2.282416 1.108966 -1.74606 1.92798 -1.958398 -2.352176 -1.958398 1.92798 -1.74606 -2.352176 -1.958398 -2.585435 -1.958398 -2.352176 3.744925 0.04679065 3.346529 -0.05799132 2.494929 1.108966 3.494635 -0.8233537 3.322876 -0.7578608 2.494929 -1.8826 0.8152975 -1.8826 2.301463 1.108966 0.8152975 1.108966 0.8152975 1.108965 2.301462 -1.8826 0.8152975 -1.8826 -1.74606 1.92798 -1.958398 -2.352176 -1.74606 -2.352176 2.301463 -1.8826 2.506042 1.108966 2.301463 1.108966 -1.74606 -5.797797 -1.958398 -5.563959 -1.74606 -5.563959 -3.438025 -1.8826 -3.671284 -2.094938 -3.438025 -2.094938 -1.74606 -5.563959 -1.958398 6.789428 -1.958398 -5.563959 -3.438025 1.108965 -1.228452 -0.6193044 -3.438025 -1.8826 1.840836 0.5196652 1.840836 -1.8826 0.459762 -0.6193044 0.459762 0.5468689 0.459762 -0.6193044 1.840836 0.5196652 -3.438025 1.108965 -1.228452 -0.6193044 -1.228451 0.5468689 3.632738 -0.6465076 3.399479 0.5196652 3.399479 -0.646508 3.632738 -0.6465076 3.399479 0.5196652 3.632738 0.5196657 4.868496 4.136958 2.292511 3.903699 4.868496 3.903699 4.868496 3.903699 2.292511 4.136958 4.868496 4.136958 0.814513 1.108966 4.868496 0.5196657 2.292511 0.5196657 6.611261 -1.8826 0.814513 -1.8826 4.868496 -0.6465076 4.868496 -0.646508 2.292511 -0.646508 0.8145149 -1.8826 4.868496 0.5196652 0.814513 1.108965 2.292511 0.5196652 -2.797266 -5.563959 -3.030525 6.789428 -3.030525 -5.563959 2.056411 0.5196652 1.030228 0.5196657 0.814513 1.108966 2.282416 1.108966 0.814513 1.108966 2.056411 0.5196657 -1.118294 1.108966 -3.438025 1.108965 -2.176922 0.5196657 6.611261 -1.8826 6.8451 -2.094938 6.8451 -1.8826 -1.74606 2.170705 -1.958398 1.92798 -1.74606 1.92798 -2.176922 0.5196657 -3.203105 0.5196652 -3.438025 1.108965 -3.628769 1.108965 0.6277233 -1.8826 -3.628769 -1.8826 -3.628769 -1.8826 0.6277233 1.108966 -3.628769 1.108966 0.6277233 -1.8826 0.8152975 1.108966 0.6277233 1.108966 0.6303296 -1.67678 0.8152193 -2.701515 0.6282019 -2.70305 0.6303296 0.5196652 0.8148726 -1.8826 0.8148726 0.5196652 0.6282019 -1.8826 0.8152193 0.5196652 0.8152193 -1.8826 -1.116209 1.108966 -3.438025 1.108965 -2.179484 0.5196652 -2.180999 0.5196652 -3.207269 0.5196652 -3.438025 1.108965 -0.02062016 2.605839 -1.116209 1.108966 -0.880025 1.108966 -1.116209 1.108966 -0.02056485 2.605839 -0.880025 1.108966 3.341781 1.183432 3.609991 -1.887365 3.341781 -1.887365 -5.727135 1.183432 -5.458926 -1.887365 -5.727135 -1.887365 3.609991 -1.887365 3.341781 1.183432 3.341781 -1.887365 -5.458926 1.183432 -5.727135 -1.887365 -5.458926 -1.887365 -3.659457 -1.887365 -3.391248 1.183432 -3.391248 -1.887365 -5.727135 1.183432 -5.458926 -1.887365 -5.727135 -1.887365 -3.391248 1.183432 -3.659457 -1.887365 -3.391248 -1.887365 -5.458926 1.183432 -5.727135 -1.887365 -5.458926 -1.887365 1.222258 4.456276 1.4874 -2.34282 1.222257 -2.34282 -2.768214 6.74249 4.030882 6.538176 4.030881 6.74249 1.4874 -2.34282 1.222258 4.456276 1.222257 -2.34282 -2.768214 6.538176 4.030881 6.74249 4.030882 6.538176 1.572842 -0.6426512 1.733339 -1.887365 1.572841 -1.887365 -5.727135 -0.6426512 -5.580213 -1.887365 -5.727135 -1.887365 1.733339 -1.887365 1.572842 -0.6426512 1.572841 -1.887365 -5.580213 -0.6426512 -5.727135 -1.887365 -5.580213 -1.887365 -5.727135 2.077061 -5.580213 2.237558 -5.727135 2.237558 -5.073055 3.970785 -5.472425 4.065412 -5.472425 3.970785 -5.072562 -1.519902 -5.472425 -1.655574 -5.472425 -1.519902 -5.069592 4.065412 -5.472425 3.970785 -5.472425 4.065412 -5.472425 -1.655574 -5.073056 -1.519902 -5.472425 -1.519902 -5.152328 3.970785 -5.472425 4.065412 -5.472425 3.970785 -5.151835 -1.166451 -5.472425 -1.302122 -5.472425 -1.166451 -5.472425 4.065412 -5.118394 3.970785 -5.472425 3.970785 -5.472425 -1.302122 -5.152328 -1.166451 -5.472425 -1.166451 -3.724894 3.970785 -5.472425 4.065412 -5.472425 3.970785 -3.724894 -0.7305927 -5.472425 -0.8662641 -5.472425 -0.7305927 -3.724894 4.065412 -5.472425 3.970785 -5.472425 4.065412 -3.724894 -0.8662641 -5.472425 -0.7305925 -5.472425 -0.8662641 -3.724894 -3.096156 -5.472425 -3.001528 -5.472425 -3.096156 -3.724894 -1.519902 -5.472425 -1.655574 -5.472425 -1.519902 -3.724894 -3.001528 -5.472425 -3.096156 -5.472425 -3.001528 -3.724894 -1.655574 -5.472425 -1.519902 -5.472425 -1.655574 -3.724894 -3.096156 -5.472425 -3.001528 -5.472425 -3.096156 -3.724894 -1.166451 -5.472425 -1.302122 -5.472425 -1.166451 -3.724894 -3.001528 -5.472425 -3.096156 -5.472425 -3.001528 -3.724894 -1.302123 -5.472425 -1.166451 -5.472425 -1.302122 -3.724894 -3.096156 -5.472425 -3.001528 -5.472425 -3.096156 -3.724894 -0.7305925 -5.472425 -0.8662645 -5.472425 -0.7305925 -3.724894 -3.001528 -5.472425 -3.096156 -5.472425 -3.001528 -3.724894 -0.8662645 -5.472425 -0.7305925 -5.472425 -0.8662645 -5.604919 0.02563428 -5.699546 -2.904421 -5.604918 -2.904421 -0.4785847 -1.519902 -3.40864 -1.655574 -3.40864 -1.519902 -5.699546 0.1520982 -5.604918 -2.904421 -5.699546 -2.904421 -3.40864 -1.655574 -0.478585 -1.519902 -3.40864 -1.519902 -5.604919 0.456224 -5.699546 -2.904421 -5.604918 -2.904421 -3.40864 -1.166451 -0.08159446 -1.302122 -3.40864 -1.302122 -5.699546 0.4226247 -5.604918 -2.904421 -5.699546 -2.904421 -0.08159446 -1.302122 -3.40864 -1.166451 -3.40864 -1.302122 -5.60492 2.149049 -5.699546 -0.8867964 -5.604919 -0.8867965 -1.391016 -0.7305925 1.64483 -0.8662645 -1.391015 -0.8662642 -5.699546 2.149049 -5.604919 -0.8867964 -5.699545 -0.8867964 1.64483 -0.8662645 -1.391015 -0.7305925 -1.391016 -0.8662642 -0.9188986 -1.887365 -0.8017812 -0.6977964 -0.8017815 -1.887365 -5.71353 -0.6977964 -5.593817 -1.887365 -5.71353 -1.887365 -0.8017812 -0.6977964 -0.9188986 -1.887365 -0.8017815 -1.887365 -5.593817 -0.6977964 -5.71353 -1.887365 -5.593817 -1.887365 -5.71353 -0.4146795 -5.593817 -0.2975621 -5.71353 -0.2975621 -3.521379 -0.6193044 -3.765815 0.5468689 -3.521379 0.5468689 -3.765815 0.9639811 -3.521379 -0.7242323 -3.765815 -0.7242323 -3.765815 -0.6193044 -3.521379 0.5468689 -3.765815 0.5468689 -3.765815 -0.7242327 -3.521379 0.9639811 -3.765815 0.9639811 3.37766 -0.6216612 3.660329 0.4957683 3.37766 0.4957683 3.660329 0.4957683 3.37766 -0.6216612 3.37766 0.4957683 4.835863 3.881878 2.320937 4.164548 2.320937 3.881878 4.835863 3.881878 2.320937 4.164548 4.835863 4.164548 4.875874 -0.6548541 2.320937 -0.6216612 4.835863 -0.6216612 4.875874 0.5289614 4.835863 -0.6216612 4.875874 -0.6548541 4.875874 0.5289608 4.835863 -0.6216612 4.835863 0.4957683 4.875874 0.5289614 2.320937 0.4957683 4.835863 0.4957683 4.875874 -0.6548541 2.320937 -0.6216612 2.280925 -0.6548541 2.280925 0.5289608 2.320937 -0.6216612 2.280925 -0.6548541 4.875874 0.5289608 2.320937 0.4957683 2.280925 0.5289608 2.280925 0.5289614 2.320937 -0.6216612 2.320937 0.4957683 3.598433 0.5072405 3.43468 -0.6229848 3.434679 0.5072411 3.43468 -0.6229848 3.598433 0.5072405 3.434679 0.5072411 2.312658 4.102652 4.838868 3.938899 2.312658 3.938899 2.312658 4.102652 4.838868 3.938898 4.838868 4.102652 3.434679 -0.5854414 3.598433 0.4696975 3.43468 0.4696975 3.598433 0.4696975 3.434679 -0.5854414 3.43468 0.4696975 4.795996 3.938898 2.355532 4.102652 2.355532 3.938898 4.795996 3.938899 2.355532 4.102652 4.795996 4.102652 4.838868 -0.6229848 2.355532 -0.5854417 4.795996 -0.5854417 4.838868 -0.6229848 4.795996 0.4696975 4.795996 -0.5854414 4.838868 -0.6229848 4.795996 0.4696975 4.838868 0.5072405 4.838868 0.5072411 2.355532 0.4696975 4.795996 0.4696975 4.838868 -0.6229848 2.355532 -0.5854414 2.312658 -0.6229848 2.312658 0.5072405 2.355532 -0.5854417 2.312658 -0.6229848 4.838868 0.5072405 2.355532 0.4696975 2.312658 0.5072405 2.312658 -0.6229848 2.355532 0.4696975 2.312658 0.5072411 4.875874 4.164549 2.280925 3.881879 4.875874 3.881879 3.66033 0.5289608 3.377661 -0.6548541 3.377661 0.5289614 2.280925 4.164549 4.875874 3.881879 2.280925 3.881879 3.66033 0.5289608 3.377661 -0.6548541 3.66033 -0.6548541 -5.282173 0.5058649 -5.485691 4.602943 -5.486265 0.5058649 -5.485691 4.602943 -5.282173 0.5058649 -5.486265 0.5058649 0.001645505 2.784866 4.099068 1.126029 0.001645505 2.946745 4.098725 1.125266 0.001645505 2.784866 0.001645505 2.946745 -4.302539 0.5058649 -4.506057 4.602943 -4.50663 0.5058649 -4.506057 4.602943 -4.302539 0.5058649 -4.50663 0.5058649 0.001645505 2.784866 4.099068 1.126029 0.001645505 2.946745 4.098725 1.125266 0.001645505 2.784866 0.001645505 2.946745 -3.322906 0.5058649 -3.526423 4.602943 -3.526997 0.5058649 -3.526423 4.602943 -3.322906 0.5058649 -3.526997 0.5058649 0.001645505 2.784866 4.099068 1.126029 0.001645505 2.946745 4.098725 1.125266 0.001645505 2.784866 0.001645505 2.946745 -2.343272 0.5058649 -2.54679 4.602943 -2.547363 0.5058649 -2.54679 4.602943 -2.343272 0.5058649 -2.547363 0.5058649 0.001645505 2.784866 4.099068 1.126029 0.001645505 2.946745 4.098725 1.125266 0.001645505 2.784866 0.001645505 2.946745 -1.363639 0.5058649 -1.567156 4.602943 -1.567729 0.5058649 -1.567156 4.602943 -1.363639 0.5058649 -1.567729 0.5058649 0.001645505 2.784866 4.099068 1.126029 0.001645505 2.946745 4.098725 1.125266 0.001645505 2.784866 0.001645505 2.946745 -0.3840054 0.5058649 -0.5875218 4.602943 -0.5880958 0.5058649 -0.5875218 4.602943 -0.3840054 0.5058649 -0.5880958 0.5058649 0.001645505 2.784866 4.099068 1.126029 0.001645505 2.946745 4.098725 1.125266 0.001645505 2.784866 0.001645505 2.946745 0.5956284 0.5058649 0.3921117 4.602943 0.3915381 0.5058649 0.3921117 4.602943 0.5956284 0.5058649 0.3915381 0.5058649 0.001645505 2.784866 4.099068 1.126029 0.001645505 2.946745 4.098725 1.125266 0.001645505 2.784866 0.001645505 2.946745 1.575262 0.5058649 1.371746 4.602943 1.371172 0.5058649 1.371746 4.602943 1.575262 0.5058649 1.371172 0.5058649 0.001645505 2.784866 4.099068 1.126029 0.001645505 2.946745 4.098725 1.125266 0.001645505 2.784866 0.001645505 2.946745 2.554897 0.5058649 2.35138 4.602943 2.350806 0.5058649 2.35138 4.602943 2.554897 0.5058649 2.350806 0.5058649 0.001645505 2.784866 4.099068 1.126029 0.001645505 2.946745 4.098725 1.125266 0.001645505 2.784866 0.001645505 2.946745 3.534529 0.5058649 3.331012 4.602943 3.330439 0.5058649 3.331012 4.602943 3.534529 0.5058649 3.330439 0.5058649 0.001645505 2.784866 4.099068 1.126029 0.001645505 2.946745 4.098725 1.125266 0.001645505 2.784866 0.001645505 2.946745 4.514163 0.5058649 4.310646 4.602943 4.310073 0.5058649 4.310646 4.602943 4.514163 0.5058649 4.310073 0.5058649 0.001645505 2.784866 4.099068 1.126029 0.001645505 2.946745 4.098725 1.125266 0.001645505 2.784866 0.001645505 2.946745 5.493798 0.5058649 5.29028 4.602943 5.289705 0.5058649 5.29028 4.602943 5.493798 0.5058649 5.289705 0.5058649 0.001645505 2.784866 4.099068 1.126029 0.001645505 2.946745 4.098725 1.125266 0.001645505 2.784866 0.001645505 2.946745 6.473431 0.5058649 6.269913 4.602943 6.269339 0.5058649 6.269913 4.602943 6.473431 0.5058649 6.269339 0.5058649 0.001645505 2.784866 4.099068 1.126029 0.001645505 2.946745 4.098725 1.125266 0.001645505 2.784866 0.001645505 2.946745 0.4023829 4.797784 -3.495584 4.676909 0.4257145 4.676909 1.178294 5.183646 2.774079 1.209921 2.893908 1.262347 2.774079 1.209921 0.9623695 5.089176 2.677984 1.167878 -3.401115 4.730704 0.520184 4.864863 0.520184 4.730704 0.9623695 5.089176 2.774079 1.209921 2.677984 1.167878 1.058465 4.94851 0.9623695 4.864863 0.9623695 4.730704 1.058465 5.131219 2.893908 1.262347 2.774079 1.209921 -3.495584 4.918657 0.4023829 4.797784 0.4257145 4.918657 -3.81756 2.541444 -3.901207 2.637539 -3.629607 2.757368 -5.485691 -3.64117 -5.282173 0.4559093 -5.486265 0.4559093 -5.282173 0.4559093 -5.485691 -3.641169 -5.486265 0.4559093 -4.145733 1.126029 -0.04831004 2.784866 -0.04831004 2.946745 -4.145389 1.125266 -0.04831004 2.784866 -4.145389 0.9633862 -4.506057 -3.64117 -4.302539 0.4559093 -4.50663 0.4559093 -4.302539 0.4559093 -4.506057 -3.641169 -4.50663 0.4559093 -4.145733 1.126029 -0.04831004 2.784866 -0.04831004 2.946745 -4.145389 1.125266 -0.04831004 2.784866 -4.145389 0.9633862 -3.526423 -3.64117 -3.322906 0.4559093 -3.526997 0.4559093 -3.322906 0.4559093 -3.526423 -3.641169 -3.526997 0.4559093 -4.145733 1.126029 -0.04831004 2.784866 -0.04831004 2.946745 -4.145389 1.125266 -0.04831004 2.784866 -4.145389 0.9633862 -2.547363 0.4559093 -2.343467 -0.934727 -2.343272 0.4559093 -2.547363 0.4559093 -2.370547 -0.8922534 -2.574219 -1.095929 -1.438946 2.328807 -0.04831004 2.784866 -0.04831004 2.946745 -4.145389 1.125266 -2.332451 1.737526 -4.145389 0.9633862 -1.567729 0.4559093 -1.363763 -0.4274654 -1.363639 0.4559093 -1.567729 0.4559093 -1.363779 -0.3525553 -1.567621 -0.3525614 -0.9316849 2.554212 -0.8419797 2.392333 -0.04831004 2.784866 -2.604983 1.8101 -2.604983 1.749237 -2.65853 1.626978 -0.5875218 -3.64117 -0.3840054 0.4559093 -0.5880958 0.4559093 -0.3840054 0.4559093 -0.5875218 -3.641169 -0.5880958 0.4559093 -4.145733 1.126029 -0.04831004 2.784866 -0.04831004 2.946745 -4.145389 1.125266 -0.04831004 2.784866 -4.145389 0.9633862 0.3921124 -3.64117 0.5956284 0.4559093 0.3915381 0.4559093 0.5956284 0.4559093 0.3921124 -3.641169 0.3915381 0.4559093 -4.145733 1.126029 -0.04831004 2.784866 -0.04831004 2.946745 -4.145389 1.125266 -0.04831004 2.784866 -4.145389 0.9633862 1.371746 -3.64117 1.575262 0.4559093 1.371172 0.4559093 1.575262 0.4559093 1.371746 -3.641169 1.371172 0.4559093 -4.145733 1.126029 -0.04831004 2.784866 -0.04831004 2.946745 -4.145389 1.125266 -0.04831004 2.784866 -4.145389 0.9633862 2.350806 0.4559093 2.55459 -1.732729 2.554897 0.4559093 2.350806 0.4559093 2.553901 -1.68638 2.350434 -1.758875 -2.236949 1.974209 -0.04831004 2.784866 -0.04831004 2.946745 -4.145389 1.125266 -2.775297 1.575925 -4.145389 0.9633862 3.330439 0.4559093 3.534272 -1.383689 3.534529 0.4559093 3.330439 0.4559093 3.534244 -1.322721 3.330679 -1.395252 -1.887908 2.129307 -0.04831004 2.784866 -0.04831004 2.946745 -4.145389 1.125266 -2.84676 1.540731 -4.145389 0.9633862 4.455039 -1.34153 4.513907 -1.362447 4.514163 0.4559093 4.514163 0.4559093 4.513881 -1.301672 4.455013 -1.280756 -1.866667 2.138746 -0.04831004 2.784866 -0.04831004 2.946745 -2.702193 1.766882 -2.702193 1.70986 -2.760696 1.605002 5.493798 0.4559093 5.29028 -3.64117 5.289705 0.4559093 5.493798 0.4559093 5.29028 -3.641169 5.289705 0.4559093 -4.145733 1.126029 -0.04831004 2.784866 -0.04831004 2.946745 -4.145389 1.125266 -0.04831004 2.784866 -4.145389 0.9633862 6.473431 0.4559093 6.269913 -3.64117 6.269339 0.4559093 6.473431 0.4559093 6.269913 -3.641169 6.269339 0.4559093 -4.145733 1.126029 -0.04831004 2.784866 -0.04831004 2.946745 -4.145389 1.125266 -0.04831004 2.784866 -4.145389 0.9633862 3.390549 1.092412 3.63753 -2.09274 3.390548 -2.09274 6.629034 1.092411 6.914309 -2.09274 6.629034 -2.09274 3.63753 1.092411 3.390548 -2.09274 3.63753 -2.09274 6.914309 1.092412 6.629034 -2.09274 6.914309 -2.09274 -3.692753 1.092412 -3.445771 -2.09274 -3.692752 -2.09274 6.629034 1.092412 6.914309 -2.09274 6.629034 -2.09274 -3.445771 -2.09274 -3.692753 1.092412 -3.692752 -2.09274 6.914309 1.092412 6.629034 -2.09274 6.914309 -2.09274 0.8274446 0.3240314 4.678048 0.2031583 4.702759 0.3240314 2.878305 0.8853293 0.9427815 -2.934457 1.061206 -2.989986 2.759881 0.9408572 0.8478134 -2.889929 0.9427815 -2.934457 0.702675 0.2569513 4.57799 0.3911109 4.57799 0.2569513 2.664913 0.9853869 0.9427815 -2.934457 0.8478134 -2.889929 0.6561916 2.528373 0.7903515 2.528373 0.7232715 2.794469 2.759881 0.9408572 1.061206 -2.989986 0.9427815 -2.934457 4.678048 0.4449039 0.8274446 0.3240314 4.702759 0.3240314 0.9427816 0.4747581 1.061206 0.4449042 1.061206 0.2031584 0.8274446 -5.68635 4.678047 -5.80722 4.702759 -5.68635 2.878305 0.8853293 0.9427815 -2.934457 1.061206 -2.989986 2.759881 0.9408572 0.8478134 -2.889929 0.9427815 -2.934457 0.7026749 -5.753427 4.57799 -5.619269 4.57799 -5.753427 2.664913 0.9853869 0.9427815 -2.934457 0.8478134 -2.889929 6.800731 2.528373 6.884377 2.623342 6.733653 2.794469 2.759881 0.9408572 1.061206 -2.989986 0.9427815 -2.934457 4.678047 -5.565474 0.8274446 -5.68635 4.702759 -5.68635 0.8478131 -5.619269 0.9427815 -5.53562 1.061206 -5.80722 3.390549 1.092412 3.63753 -2.09274 3.390548 -2.09274 -3.993072 1.092411 -3.707798 -2.09274 -3.993072 -2.09274 3.63753 1.092411 3.390548 -2.09274 3.63753 -2.09274 -3.707798 1.092412 -3.993072 -2.09274 -3.707798 -2.09274 0.9749401 0.6159893 1.085898 0.5874254 0.97494 0.6388693 0.4401065 0.8501376 -0.205685 0.5872388 0.4401065 0.8730655 -0.2158141 0.5597998 -0.205685 0.5872388 -0.205685 0.5642999 1.570759 0.5837035 1.580888 0.5645295 1.570759 0.5598077 1.573311 1.128085 1.559858 1.126554 1.567402 1.133993 1.085898 0.5872388 0.4401065 0.8501376 0.4401065 0.8730655 0.4401064 0.8501594 0.97494 0.6388693 0.4401065 0.873045 -0.5201593 0.5837035 -0.5302882 0.5643013 -0.5302882 0.5872388 -0.205685 0.5872191 0.4401064 0.8501594 0.4401065 0.873045 1.570759 0.4849466 -0.5201593 0.4850195 0.9365939 0.6567196 -6.157464 1.207169 -6.157464 1.116218 -6.22221 1.138817 1.570759 0.5980928 1.580888 0.5874254 1.570759 0.5837035 0.9749378 0.6499646 0.4401065 0.873045 0.97494 0.6388693 -0.5201593 0.597932 1.570759 0.5837035 -0.5201593 0.5837035 1.570759 0.5598034 -0.5201593 0.5938324 -0.5201593 0.5597998 -0.5201593 0.5598025 1.570759 0.5837035 1.570759 0.5598077 1.570759 0.5598034 1.580888 0.5872191 1.570759 0.5938324 0.4401065 0.8841421 -0.205685 0.5872191 0.4401065 0.873045 1.086765 0.597932 0.4401065 0.8730655 0.4401065 0.8841421 0.4401065 0.8841421 -0.205685 0.5872388 -0.2158141 0.5938324 1.086837 0.5980928 0.97494 0.6388693 1.085898 0.5874254 0.2987182 0.3422078 1.01371 0.2175492 1.570759 0.4849466 0.9749401 0.6159893 0.4401065 0.8421102 0.9749382 0.6079339 -0.5227109 -0.1581544 -0.5201593 -0.1709741 -0.5302882 -0.1608449 1.573311 -0.1581544 1.570759 -0.1709738 1.567421 -0.1640451 -0.5227109 1.128048 -0.5201593 1.140867 -0.5168207 1.133938 1.573311 1.128085 1.570759 1.140867 1.580888 1.130738 0.4401065 0.8421102 -0.205685 0.5642999 0.4401065 0.8501376 0.4401065 0.8421102 1.085898 0.5643013 1.083208 0.5574743 0.9749382 0.6079339 1.085898 0.5645295 0.9749401 0.6159893 0.4401065 0.8421102 -0.205685 0.5643117 -0.2029947 0.5574742 1.567402 1.133993 -0.5201593 1.140867 1.570759 1.140867 1.567421 -0.1640451 -0.5201593 -0.1709741 -0.5168207 -0.1640451 1.573311 0.4849466 1.56572 -0.149585 1.56572 0.485549 -0.5136013 0.5579159 -0.5077658 0.576925 -0.5136094 0.5795114 0.4407089 0.840284 1.075842 0.5795114 0.4407078 0.8618794 1.567421 -0.1640451 -0.5077577 -0.1554027 1.559876 -0.1554027 -0.5227109 0.4849466 -0.5136013 -0.149585 -0.5227109 -0.1581544 1.573311 1.019778 1.56572 1.12072 1.573311 1.128085 -0.5168207 -0.1640451 -0.5136013 -0.149585 -0.5077577 -0.1554027 1.567402 1.133993 -0.5077577 1.126501 -0.5168207 1.133938 1.573311 -0.1581544 1.559876 -0.1554027 1.56572 -0.149585 -0.5227109 0.4849466 -0.5136013 1.120683 -0.5136013 0.485549 -0.5168207 1.133938 -0.5136013 1.120683 -0.5227109 1.128048 1.573311 0.4849466 1.565719 1.013755 1.573311 1.019778 7.175797 0.48879 3.647301 -1.236165 -0.9230524 -0.4274656 3.315916 2.302858 7.175796 3.865178 7.175797 0.48879 -0.5077577 0.5553296 1.559868 0.5769249 1.559876 0.5553296 0.4407089 0.840284 0.9689138 0.6295689 0.9689152 0.6079735 0.9689152 0.6079735 1.075878 0.5797616 1.075879 0.5581663 1.56572 0.5581663 1.55985 0.5770443 1.559858 0.5554489 -0.5136013 0.5579159 -0.5077658 0.5769249 -0.5077577 0.5553296 0.4407089 0.840284 -0.1944265 0.5795114 0.4407078 0.8618794 0.4407089 0.840284 -0.1944265 0.5795114 -0.1944252 0.5579159 1.56572 0.5579159 1.559868 0.5769249 1.565712 0.5795114 -0.5077577 0.5553296 1.55985 0.5770443 -0.5077658 0.576925 -3.692753 1.092412 -3.44577 -2.09274 -3.692752 -2.092741 -3.993072 1.092412 -3.707798 -2.09274 -3.993072 -2.09274 -3.44577 1.092412 -3.692752 -2.092741 -3.44577 -2.09274 -3.707798 1.092412 -3.993072 -2.092741 -3.707798 -2.092741 0.4023826 0.3240314 -3.495584 0.2031586 0.4257144 0.2031584 1.178294 5.183646 2.774079 1.209921 2.893908 1.262347 2.774079 1.209921 0.9623695 5.089176 2.677984 1.167878 -3.401115 0.2569516 0.520184 0.3911113 0.520184 0.2569513 0.9623695 5.089176 2.774079 1.209921 2.677984 1.167878 1.058465 0.474758 0.9623694 0.3911113 0.9623694 0.2569513 1.058465 5.131219 2.893908 1.262347 2.774079 1.209921 -3.495585 0.4449046 0.4023826 0.3240314 0.4257144 0.4449042 0.5725448 2.637539 0.6023986 2.757368 0.8441444 2.757368 -3.518917 -5.68635 0.425714 -5.807223 0.4023824 -5.68635 2.893908 1.262347 1.058465 5.131219 2.774079 1.20992 1.058465 5.131219 2.677984 1.167878 2.774079 1.20992 -3.401115 -5.753429 0.5201836 -5.619269 0.5201836 -5.753429 0.9623695 5.089176 2.774079 1.20992 2.677984 1.167878 0.962369 -5.753429 1.058465 -5.837075 1.231623 -5.68635 1.058465 5.131219 2.893908 1.262347 2.774079 1.20992 0.425714 -5.565476 -3.518917 -5.68635 0.4023824 -5.68635 6.612779 2.757368 6.854526 2.757368 6.800732 2.541444 0.7257409 1.212293 6.642919 1.05231 0.7257409 1.05231 6.642919 -0.2406361 0.7257409 -2.99436 0.7257409 -0.2406361 0.7257409 -0.2406361 6.642919 -2.99436 6.642919 -0.2406361 1.538975 -2.279266 1.213333 -2.604908 1.213333 -2.279266 1.538975 6.865403 1.213333 -5.95464 1.213333 6.865403 1.538975 -2.604908 1.213333 -2.279266 1.213333 -2.604908 1.538974 -5.95464 1.213333 6.865403 1.213333 -5.95464 4.29297 -5.95464 3.967329 6.865403 4.29297 6.865403 4.29297 6.865403 3.967328 -5.954641 4.29297 -5.95464 1.213333 4.748311 1.538975 4.422668 1.213333 4.422668 1.538976 6.865403 1.213333 -5.95464 1.213333 6.865403 1.538975 4.422668 1.213333 4.748311 1.213333 4.422668 1.538975 -5.95464 1.213333 6.865403 1.213333 -5.95464 -2.734607 -5.95464 -3.060249 6.865403 -2.734607 6.865403 -5.8181 -2.871147 7.001943 -3.19679 7.001943 -2.871147 -0.1676393 2.88838 0.1580025 2.562737 -0.1676393 2.562737 -5.8181 2.88838 7.001943 2.562737 -5.8181 2.562737 0.1580025 2.562737 -0.1676393 2.88838 -0.1676393 2.562737 7.001943 2.88838 -5.8181 2.562737 7.001943 2.562737 7.001943 0.6622218 -5.8181 0.33658 -5.8181 0.6622218 -5.8181 0.6622221 7.001943 0.33658 7.001943 0.6622221 0.3879247 -0.6766703 0.6120767 1.042486 0.6120767 -0.6766703 0.6120767 1.042486 0.3879247 -0.6766703 0.6120767 -0.6766703 0.09590834 -0.6766703 0.1371377 1.042486 0.1371377 -0.6766703 0.09590834 1.081894 0.1371377 1.042486 0.09590834 1.042486 0.09590834 1.042486 0.1371377 -0.6766703 0.1371377 1.042486 0.3879247 -0.6766703 0.6120767 1.042486 0.6120767 -0.6766703 0.6120767 1.042486 0.3879247 -0.6766703 0.6120767 -0.6766703 0.8628622 -0.6766703 0.9040916 1.042486 0.9040916 -0.6766703 0.1371377 1.081894 0.09590834 1.042486 0.1371377 1.042486 0.8628622 1.042486 0.9040916 -0.6766703 0.9040916 1.042486 0.3879247 0.3083561 0.6120767 0.3495854 0.3879247 0.3495854 0.3879247 1.07531 0.6120767 1.116539 0.3879247 1.116539 0.6120767 1.081894 0.3879247 1.042486 0.6120767 1.042486 0.9040916 1.081894 0.8628622 1.042486 0.9040916 1.042486 0.8628622 1.081894 0.9040916 1.042486 0.8628622 1.042486 0.3879247 0.3495854 0.6120767 1.07531 0.6120767 0.3495854 0.3879247 1.081894 0.6120767 1.042486 0.3879247 1.042486 0.1371377 1.081894 0.8628622 1.042486 0.1371377 1.042486 0.6120767 1.07531 0.3879247 0.3495854 0.6120767 0.3495854 0.1371377 1.042486 0.8628622 1.081894 0.1371377 1.081894 4.82454 -0.6766702 5.048692 1.042484 5.04869 -0.6766702 5.048691 1.042483 4.82454 -0.6766716 5.048688 -0.6766718 -3.547304 -0.6766386 -3.506083 1.042535 -3.506072 -0.6766396 -3.547544 1.081728 -3.506307 1.042324 -3.547544 1.04232 -3.547304 1.042539 -3.506083 -0.6766262 -3.506072 1.042538 4.82454 -0.6766702 5.048692 1.042484 5.04869 -0.6766702 5.048691 1.042483 4.82454 -0.6766716 5.048688 -0.6766718 -2.78029 -0.6766484 -2.739056 1.042507 -2.739064 -0.6766493 -3.506119 1.08182 -3.547351 1.042407 -3.506119 1.042409 -2.78029 1.042509 -2.739056 -0.6766751 -2.739064 1.042509 4.824565 -3.334749 5.048723 -3.293524 4.824566 -3.293524 4.824428 -2.568 5.048584 -2.526768 4.824429 -2.526767 5.048708 1.081904 4.824554 1.042495 5.048707 1.042497 -2.739222 1.081917 -2.780455 1.042512 -2.739222 1.04251 -2.780452 1.081919 -2.73922 1.042511 -2.78045 1.042511 4.824526 -3.29362 5.048675 -2.567896 5.048675 -3.293621 4.824545 1.081894 5.048696 1.042486 4.824546 1.042486 -3.506063 1.081893 -2.780339 1.042485 -3.506063 1.042485 5.0487 -2.567888 4.824543 -3.293612 5.048696 -3.293612 -3.506063 1.042486 -2.780339 1.081894 -3.506063 1.081894 0.1139117 0.1397494 0.1786348 0.6361496 0.1786348 0.1397494 0.1786348 0.6361496 0.1139117 0.1397494 0.1786348 0.1397494 0.8661227 0.1397494 0.8542179 0.6361496 0.8542179 0.1397494 0.8661227 0.6475285 0.8542179 0.6361496 0.8661227 0.6361496 0.8661227 0.6361496 0.8542179 0.1397494 0.8542179 0.6361496 0.1139116 0.1397494 0.1786347 0.6361496 0.1786347 0.1397494 0.1786347 0.6361496 0.1139116 0.1397494 0.1786347 0.1397494 0.6446676 0.1397494 0.6327628 0.6361496 0.6327628 0.1397494 0.8542179 0.6475285 0.8661227 0.6361496 0.8542179 0.6361496 0.6446676 0.6361496 0.6327628 0.1397494 0.6327628 0.6361496 0.8661227 0.1139117 0.8542179 0.1786348 0.8542179 0.1139117 0.6446676 0.1139116 0.6327628 0.1786347 0.6327628 0.1139116 0.1786348 0.6475285 0.1139117 0.6361496 0.1786348 0.6361496 0.6327628 0.6475285 0.6446676 0.6361496 0.6327628 0.6361496 0.6446676 0.6475285 0.6327628 0.6361496 0.6446676 0.6361496 0.8542179 0.1139117 0.6446676 0.1786347 0.8542179 0.1786348 0.1139116 0.6475285 0.1786347 0.6361496 0.1139116 0.6361496 0.8542179 0.6475285 0.6446676 0.6361496 0.8542179 0.6361496 0.6446676 0.1786347 0.8542179 0.1139117 0.8542179 0.1786348 0.8542179 0.6361496 0.6446676 0.6475285 0.8542179 0.6475285 -1.869683 -0.7305925 -1.675338 -0.8662642 -1.869683 -0.8662642 -5.699545 -1.171119 -5.604919 -1.365464 -5.699545 -1.365464 -5.604919 -1.171119 -5.699546 -1.365464 -5.604919 -1.365464 -1.675338 -0.8662642 -1.869683 -0.7305925 -1.869683 -0.8662642 -5.604919 -2.032372 -5.699546 -2.904421 -5.604918 -2.904421 -2.536774 -0.7390031 -3.40864 -0.8662641 -3.40864 -0.7305925 -5.699546 -2.904421 -5.604919 -2.032372 -5.604918 -2.904421 -3.40864 -0.8662641 -2.536774 -0.7390031 -3.40864 -0.7305925 -1.391016 -0.8662642 -1.675338 -0.7305924 -1.675338 -0.8662642 -5.699545 -0.8867964 -5.604919 -1.171119 -5.699545 -1.171119 -1.675338 -0.7305925 -1.391015 -0.8662642 -1.675338 -0.8662642 -5.604919 -0.8867965 -5.699546 -1.171119 -5.604919 -1.171119 0.6506375 0.7002426 0.3493625 0.2682924 0.6506375 0.2682924 0.6506375 0.2997582 0.3493625 0.7317084 0.6506375 0.7317084 0.2839982 0.4583331 0.3157584 0.4861555 0.3157583 0.4583331 0.6842416 0.8578479 0.7160018 0.8294412 0.6842415 0.8294413 -5.699546 1.603167 -5.60492 2.149049 -5.604919 1.603167 0.4326786 0.8092415 0.4782148 0.8410018 0.4782148 0.8092415 1.181843 -1.572679 1.64483 -1.519902 1.64483 -1.655574 -5.604919 1.368002 -5.699546 2.149049 -5.699546 1.368001 0.5734265 0.4089982 0.5968446 0.4407583 0.5968448 0.4089982 0.9821859 -1.302122 1.64483 -1.302122 1.64483 -1.166451 0.460501 0.4407584 0.4782148 0.4089983 0.460501 0.4089983 0.5734265 0.4089982 0.5513088 0.4407583 0.5734265 0.4407583 -5.699546 1.647115 -5.60492 2.149049 -5.699546 2.149049 0.9335553 -1.236224 0.8637819 -1.166451 1.64483 -1.166451 1.181843 -1.572679 1.64483 -1.655574 1.64483 -1.519902 -5.604919 1.486405 -5.699546 2.149049 -5.60492 2.149049 -4.736107 -1.302123 -3.724894 -1.166451 -3.724894 -1.302123 -4.468036 -1.655574 -3.724894 -1.519902 -4.501972 -1.519902 -4.423735 4.065412 -3.724894 3.970785 -3.724894 4.065412 -4.729667 3.970785 -3.724894 4.065412 -4.770042 4.065412 -4.695732 -1.302123 -3.724894 -1.166451 -4.729667 -1.166451 -4.695732 3.970785 -3.724894 4.065412 -3.724894 3.970785 -4.467542 4.065412 -3.724894 3.970785 -4.468036 3.970785 -4.423735 -1.519902 -3.724894 -1.655574 -4.467542 -1.655574 0.1527408 0.9290905 0.8487384 4.47035e-7 0.1527426 -0.07090866 0.5633543 0.953916 1.309748 -0.01393795 0.7003915 0.0439611 0.4014281 0.8108628 0.5948926 1.08824 0.4014282 1.08824 0.4645907 0.3285351 0.6569235 0.06659698 0.6565303 0.3295353 0.2397075 0.6358938 0.375 0.6826342 0.375 0.6211251 0.6117109 0.6708933 0.7611156 0.6118051 0.6117109 0.6030443 0.5393864 0.117483 0.625 0.06465315 0.5393864 0.05631446 0.4897075 0.1142137 0.5393864 0.05631446 0.4897075 0.05300462 0.375 0.6211251 0.4507396 0.6679985 0.4507395 0.60648 0.1601282 0.6368844 0.125 0.6969953 0.1601282 0.698143 0.4794523 0.6663959 0.4507395 0.60648 0.4507396 0.6679985 2.494929 1.108966 4.25492 -0.001139283 6.611261 1.108966 0.1601282 0.6368844 0.2397075 0.6972796 0.2397075 0.6358938 3.941439 -0.8507122 6.611261 -1.8826 2.494929 -1.8826 0.4764724 0.6644082 0.4368866 0.6072145 0.4368866 0.6673211 0.4764724 0.6644082 0.6117109 0.6030443 0.4764725 0.6016675 0.7611156 0.6730189 0.875 0.624237 0.7611156 0.6118051 0.4414461 0.8703571 0.5585538 0.9120236 0.5585538 0.870357 0.4414461 0.6027381 0.5585538 0.4271429 0.4414461 0.4271429 0.4414461 0.6322617 0.5585538 0.5370237 0.4414461 0.5370237 0.4414461 0.6709521 0.5585538 0.6322617 0.4414461 0.6322617 0.4414461 0.4658333 0.5585538 0.3765478 0.5585538 0.4658333 0.4414461 0.272143 0.5585538 0.340595 0.5585538 0.2721429 0.4414461 0.7813095 0.5585538 0.7515476 0.4414461 0.7515476 0.4414461 -0.05821412 0.5585538 0.1828571 0.4414461 0.1828571 0.4414461 0.4655951 0.5585538 0.340595 0.4414461 0.340595 0.4414461 0.4896429 0.5585538 0.5342857 0.4414461 0.5342857 0.4414461 0.3765476 0.5585538 0.1830955 0.5585538 0.3765478 2.530631 -0.01493084 2.221604 0.05043971 3.399479 1.108965 0.4414461 0.5370237 0.5585538 0.4774998 0.4414461 0.4774998 0.4414461 0.2009524 0.5585538 0.1325002 0.4414461 0.1325002 0.4414461 0.4271429 0.5585538 0.2009525 0.4414461 0.2009524 0.4414461 0.02535712 0.5585538 0.1830955 0.4414461 0.1830955 0.4414461 0.6741666 0.5585538 0.5342857 0.5585538 0.6741666 0.4414461 0.7007141 0.5585538 0.8435713 0.4414461 0.8435714 1.151893 -1.322355 1.14595 -0.7340145 -0.8806774 -1.8826 0.4414461 0.7780953 0.5585538 0.8554759 0.5585538 0.7780951 0.4414461 0.7813095 0.5585538 0.6711903 0.5585538 0.7813095 0.4414461 0.385238 0.5585538 0.7007141 0.4414461 0.7007141 0.4414461 0.03702396 0.5585538 0.1471427 0.5585538 0.0370239 0.4414461 0.1828571 0.5585538 0.385238 0.4414461 0.385238 0.4414461 0.7455953 0.5585538 0.8199999 0.5585538 0.7455953 0.4414461 0.7336902 0.5585538 0.6027381 0.4414461 0.6027381 0.4414461 0.1471427 0.5585538 0.2721429 0.5585538 0.1471427 1.065177 0.3218216 1.113912 0.3461934 1.065177 0.3461934 0.1589812 1.065177 0.1884173 1.113912 0.1589812 1.113912 0.1884173 1.113912 0.1417151 1.065177 0.1417151 1.113912 0.6325375 -1.8826 -1.394215 -1.011137 -3.628769 -1.8826 -2.351928 -0.162859 -1.901909 -0.3265539 -1.46582 -0.8944838 1.065177 0.3461934 1.113912 0.3622307 1.065177 0.3622307 0.1256778 1.065177 0.1417151 1.113912 0.1417151 1.065177 0.1339952 1.065177 0.1589812 1.113912 0.1339951 1.113912 0.02792435 1.113912 -0.06609666 1.065177 0.02792435 1.065177 1.065177 0.4792329 1.113912 0.5308845 1.113912 0.4792329 0.07993018 1.065177 0.04355138 1.113912 0.07993018 1.113912 -3.628769 -1.8826 -1.46582 -0.8944841 -2.351927 -0.1628597 1.113912 0.4990494 1.065177 0.5663569 1.065177 0.4990494 -1.827112 0.1293169 -2.133625 0.1592988 -3.628769 1.108966 -0.02048724 1.113912 0.04355132 1.065177 -0.02048724 1.065177 0.02792435 1.113912 0.07850158 1.065177 0.07850158 1.113912 0.9266567 0.3597269 0.9266567 0.2772324 0.9066485 0.2772324 3.051225 3.488529 2.831261 3.419446 -6.078242 4.585868 0.8633653 0.3874953 0.4076697 0.4986123 0.8633653 0.2962224 0.3952918 0.7101668 0.6937751 0.6942185 0.6937751 0.6043895 -0.5201593 1.131677 1.570759 1.131677 0.8869184 0.9075804 0.4076697 0.588912 -0.07334327 0.7101668 0.4076697 0.4986123 0.6088988 0.7029051 0.6021628 0.7131438 0.5421991 0.7028052 0.1671632 0.6043895 0.6861504 0.4662801 0.6861504 0.3753604 0.4564267 0.06852173 0.4713741 0.122331 0.4911624 0.122331 0.4364084 0.02332097 0.4277271 0.06383091 0.4564267 0.06852173 0.4364084 0.02332097 0.4370189 0 0.4169882 0 0.4721254 0.6706811 0.5281333 0.5 0.4522518 0.6706811 0.4437634 0.7691965 0.4374495 0.8104805 0.4370189 0.8864663 0.4292959 0.8104805 0.4437634 0.7691965 0.4192314 0.7691556 -2.669856 1.588097 -4.145733 1.126029 -4.145733 0.9641485 -1.642617 2.237947 -0.04831004 2.946745 -0.04831004 2.784866 -1.567371 -2.100764 -1.364214 -3.641514 -1.363983 -1.995983 -2.343634 -2.119537 -2.54679 -3.64117 -2.343847 -3.641514 -2.553742 1.674109 -4.145733 1.126029 -4.145733 0.9641485 -1.941721 -2.29362 -1.098617 -1.859273 7.138445 -3.608289 -2.341006 -2.177468 -2.54679 -3.641169 -2.544422 -1.840057 0.515422 0.4136521 0.5201239 0.4409601 0.5371083 0.4136522 0.5476687 0.5 0.5281333 0.377669 0.5281333 0.5 -1.539524 -2.153385 -1.364214 -3.641514 -1.567156 -3.641169 0.1393564 0.05026453 0.09289926 0.05026453 -0.5201593 -0.1709738 -0.9316847 2.554014 -0.04831004 2.784866 -0.8419796 2.392136 0.4169882 0.926249 0.4370189 0.8864663 0.4169882 0.8864663 0.4911624 0.122331 0.5281333 0.377669 0.5476687 0.377669 0.4815189 0.187188 0.4818778 0.2464461 0.4947663 0.1871881 0.4169882 0.8864663 0.4292959 0.8104805 0.4428571 0.7153321 1.162148 0.05817544 0.9429774 0.02583122 1.570759 -0.1709738 0.001476466 8.25466e-4 0.8545721 9.24295e-5 0.8545721 0.6956684 0.4087948 0.02804368 0.4445177 0.01120084 0.4009639 0.01008546 -2.309438 1.941493 -0.04831004 2.946745 -0.04831004 2.784866 4.43365 -2.228705 4.513884 -2.159648 4.513588 -3.641514 -2.816756 1.554688 -4.145733 1.126029 -4.145733 0.9641485 -2.673516 1.644335 -4.145733 1.126029 -4.145733 0.9641485 2.554941 -2.342252 2.35138 -3.641169 2.351614 -2.269808 3.33083 -2.34254 3.533955 -3.641514 3.534142 -2.312536 3.33083 -2.34254 3.533955 -3.641514 3.331012 -3.641169 -1.960434 2.096653 -0.04831004 2.784866 -1.887425 1.934773 4.310444 -2.197974 4.310645 -3.64117 4.513588 -3.641514 -2.847738 1.544336 -4.145733 1.126029 -4.145733 0.9641485 2.554509 -2.304755 2.35138 -3.64117 2.554321 -3.641514 2.466806 -2.461661 3.19517 -2.461662 7.175797 -3.571102 -1.845693 2.147665 -0.04831004 2.784866 -1.772914 1.985785 0.4814369 0.1589338 0.4715414 0.1974527 0.5075302 0.194875 0.5750588 0.5777087 0.9180198 0.5777088 0.5743281 0.6410914 0.812331 2.76566e-4 9.01163e-5 0.9997234 9.01163e-5 9.01163e-5 1.010222 0.5466956 1.029177 0.5937287 1.029082 0.6102164 1.069012 0.4960967 0.8639979 0.4817954 1.069012 0.5598432 0.1448802 0.3852265 0.1448296 0.4494669 0.4018431 0.449467 -0.08942973 0.4260801 0.1684941 0.4494669 0.1684941 0.3852265 0.5082168 0.470796 0.4076371 0.4901385 0.4076371 0.4260801 0.8472442 0.498906 0.3690056 0.9376389 0.1612986 0.4126684 0.744387 0.05063641 8.62654e-5 0.9493629 8.62654e-5 8.62654e-5 0.5288649 0.2772324 0.5931237 0.2772324 0.5931237 0.3597269 0.5931237 0.3597269 0.3918211 0.3874953 0.5288649 0.2772324 -3.750481 0.6909048 -3.629608 0.6661928 -3.629608 4.541507 1.061206 -2.989984 2.878305 0.8853293 2.759881 0.9408572 2.759881 0.9408572 2.664913 0.9853872 0.8478136 -2.889927 0.7026749 4.730704 0.7026749 4.864862 4.57799 4.864863 0.8478136 -2.889927 2.664913 0.9853872 2.759881 0.9408572 -3.599754 2.623342 -3.629608 2.741765 -3.750481 2.794469 -3.750481 2.794469 -3.871354 2.741765 -3.901207 2.623342 -3.901207 2.623342 -3.81756 2.528373 -3.683402 2.528373 -3.683402 2.528373 -3.599754 2.623342 -3.901207 2.623342 2.759881 0.9408572 2.878305 0.8853293 1.061206 -2.989984 4.678046 4.918657 0.802733 4.918657 0.8274446 4.797784 1.061206 4.918657 1.11391 4.797784 1.061206 4.676911 1.061206 4.676911 0.9427829 4.647057 0.9427829 4.94851 0.9427829 4.647057 0.8478136 4.730704 0.9427829 4.94851 0.8478136 4.730704 0.8478136 4.864863 0.9427829 4.94851 -3.499889 0.5468689 -3.499889 -0.6193044 -3.787964 -0.6193044 -3.787964 -0.6193044 -3.499889 -0.6193044 -3.499889 0.5468689 -3.499889 0.9639811 -3.499889 -0.7242327 -3.787964 -0.7242327 -3.499889 0.9639811 -3.787964 0.9639811 -3.787964 -0.7242323 -3.787964 -0.586606 -3.499889 -0.586606 -3.499889 0.5141707 -3.499889 0.5141707 -3.499889 -0.586606 -3.787964 -0.586606 -3.787964 -0.684221 -3.499889 -0.684221 -3.499889 0.9239705 -3.787964 -0.684221 -3.787964 0.9239705 -3.499889 0.9239705 0.459762 -0.6193044 0.4197515 -0.586606 -1.18844 -0.586606 -1.228451 0.5468689 -1.18844 0.5141707 -1.18844 -0.586606 -1.228451 0.5468689 -1.228452 -0.6193044 -1.18844 -0.586606 0.459762 0.5468689 0.4197515 0.5141707 -1.18844 0.5141707 0.459762 -0.6193044 -1.228452 -0.6193044 -1.18844 -0.586606 0.459762 0.5468689 0.4197515 0.5141707 0.4197515 -0.586606 -1.228451 0.5468689 -1.18844 0.5141707 0.4197515 0.5141707 0.459762 -0.6193044 0.4197515 -0.586606 0.4197515 0.5141707 -0.2399187 -5.563959 -0.2399177 6.789427 -0.4826427 6.789427 -0.4826431 -5.563959 -0.4826427 6.789427 -2.797266 6.789427 -3.873205 1.108966 -3.628769 1.108966 -3.628769 -1.8826 -3.628769 1.108966 -3.873205 1.108966 -3.873205 -1.8826 -1.958398 -5.563959 -1.958398 6.789428 -1.74606 6.789428 3.399479 1.108965 3.632738 1.108966 3.632738 -1.8826 -3.438025 1.108965 -3.438025 -1.8826 -3.671284 -1.8826 6.611261 -1.8826 6.8451 -1.8826 6.8451 1.108966 4.040238 -5.563958 4.040238 6.789427 -0.2399177 6.789427 2.506041 1.108965 6.611261 1.108965 6.611261 -1.8826 2.506042 -1.8826 6.611261 -1.8826 6.611261 1.108966 3.399479 1.108965 3.399479 -1.8826 3.632738 -1.8826 -3.438025 1.108965 -3.671284 1.108966 -3.671284 -1.8826 -1.74606 2.170705 -1.74606 4.485328 -1.958398 4.485328 6.611261 1.108966 6.8451 1.108966 6.8451 -1.8826 -1.123402 -1.8826 -3.438025 -1.8826 -3.438025 1.108965 -3.628769 1.108965 -2.351927 -0.1628597 -2.133624 0.1592981 -1.827112 0.1293162 -1.65299 -0.01048547 0.6325368 1.108965 -3.628769 1.108965 -2.133624 0.1592981 -1.827112 0.1293162 -3.628769 -1.8826 -1.46582 -0.8944838 -1.394215 -1.011136 -1.274623 -0.9771253 -1.133731 -0.8549928 0.6325368 -1.8826 -3.628769 -1.8826 -1.394215 -1.011136 0.6325368 -1.8826 6.611261 4.136958 -5.742125 4.136958 -5.742125 3.903699 0.6325368 1.108966 0.814513 1.108966 0.814513 -1.8826 -1.74606 2.170705 -1.958398 2.170705 -1.958398 4.485328 0.6325368 -0.61199 0.6277233 -2.933806 0.8152975 -2.933806 -0.8806774 -1.8826 1.14595 -0.7340145 1.151893 -1.322355 1.14595 -0.7340145 1.264807 -1.18567 1.151893 -1.322355 2.952573 -1.536298 3.142744 -1.221327 3.399479 -1.8826 2.037376 -1.684869 2.667316 -1.554126 3.399479 -1.8826 2.667316 -1.554126 2.952573 -1.536298 3.399479 -1.8826 -0.8806774 -1.8826 1.151893 -1.322355 1.633263 -1.589783 -0.8806774 -1.8826 1.633263 -1.589783 2.037376 -1.684869 -1.74606 -2.352176 -1.958398 -2.352176 -1.958398 -2.585435 3.399479 1.108965 -0.02244961 2.605839 1.561949 0.0147829 -0.02244961 2.605839 -3.438025 1.108965 1.342064 -0.1219029 3.399479 1.108965 1.561949 0.0147829 1.948233 0.0147829 -3.438025 1.108965 -3.438025 -1.8826 1.14595 -0.7340145 1.14595 -0.7340145 1.413378 -0.3833873 1.342064 -0.1219029 1.561949 0.0147829 1.811548 -0.06247442 1.948233 0.0147829 -3.438025 1.108965 1.14595 -0.7340145 1.342064 -0.1219029 1.342064 -0.1219029 1.561949 0.0147829 -0.02244961 2.605839 3.142744 -1.221327 3.399479 -1.8826 3.089258 -0.656758 3.399479 -1.8826 3.399479 1.108965 3.089258 -0.656758 3.089258 -0.656758 3.071429 -0.835043 3.142744 -1.221327 3.065486 -0.5200727 3.006059 -0.6092149 3.089258 -0.656758 2.661374 -0.02681708 2.82183 -0.2467024 2.976344 -0.2407593 2.530631 -0.01493078 2.607888 -0.08624535 2.661374 -0.02681708 2.221604 0.05043959 2.340461 -0.06247448 2.530631 -0.01493078 1.948233 0.0147829 2.197832 -0.09813082 2.221604 0.05043959 3.065486 -0.5200727 3.089258 -0.656758 3.399479 1.108965 2.221604 0.05043959 2.530631 -0.01493078 3.399479 1.108965 2.530631 -0.01493078 2.661374 -0.02681708 3.399479 1.108965 3.399479 1.108965 1.948233 0.0147829 2.221604 0.05043959 2.976344 -0.2407593 3.065486 -0.5200727 3.399479 1.108965 -0.02237921 2.605839 -0.8806774 1.108966 -1.123402 1.108966 -0.02056485 2.605839 3.399479 1.108965 -0.880025 1.108966 3.399479 1.108965 3.399479 -1.8826 -0.880025 1.108966 -0.8800255 -1.8826 3.399479 -1.8826 3.399479 1.108965 3.399479 1.108965 -0.02062016 2.605839 -0.880025 1.108966 -1.74606 2.170705 -1.74606 1.92798 -1.958398 1.92798 -0.8800255 -1.8826 -1.116209 -1.8826 -1.116209 1.108966 0.6325368 -0.375806 0.6325368 -0.61199 0.814513 -0.61199 -1.74606 4.485328 -1.958398 4.485328 -1.958398 4.718587 2.494929 1.108966 2.494929 -1.8826 2.282416 -1.8826 -1.74606 1.92798 -1.74606 -2.352176 -1.958398 -2.352176 -1.74606 -2.352176 -1.74606 -2.585435 -1.958398 -2.585435 6.611261 1.108966 4.400984 -0.1232298 4.365323 -0.01428645 6.611261 1.108966 4.365323 -0.01428645 4.261906 0.03317403 3.346529 -0.05799132 2.986896 -0.3319251 2.494929 1.108966 6.611261 1.108966 4.261906 0.03317403 2.494929 1.108966 4.261906 0.03317403 3.744925 0.04679065 2.494929 1.108966 6.611261 -1.8826 6.611261 1.108966 4.393995 -0.1575656 6.611261 -1.8826 4.393995 -0.1575656 4.361689 -0.5596148 2.979952 -0.3660329 2.494929 1.108966 2.494929 -1.8826 3.182785 -0.6382145 2.979952 -0.3660329 2.494929 -1.8826 6.611261 -1.8826 4.361689 -0.5596148 3.934464 -0.884974 6.611261 -1.8826 3.934464 -0.884974 2.494929 -1.8826 3.934464 -0.884974 3.494635 -0.8233537 2.494929 -1.8826 3.322876 -0.7578608 3.182785 -0.6382145 2.494929 -1.8826 0.8152975 -1.8826 2.301463 -1.8826 2.301463 1.108966 0.8152975 1.108965 2.301462 1.108965 2.301462 -1.8826 -1.74606 1.92798 -1.958398 1.92798 -1.958398 -2.352176 2.301463 -1.8826 2.506042 -1.8826 2.506042 1.108966 -1.74606 -5.797797 -1.958398 -5.797797 -1.958398 -5.563959 -3.438025 -1.8826 -3.671284 -1.8826 -3.671284 -2.094938 -1.74606 -5.563959 -1.74606 6.789428 -1.958398 6.789428 -3.438025 1.108965 -1.228451 0.5468689 -1.228452 -0.6193044 0.459762 0.5468689 -1.228451 0.5468689 -0.01927268 2.605839 -1.228451 0.5468689 -3.438025 1.108965 -0.01927268 2.605839 -0.01927268 2.605839 3.399479 1.108965 1.840836 0.5196652 0.459762 0.5468689 -0.01927268 2.605839 1.840836 0.5196652 3.399479 1.108965 3.399479 -1.8826 2.86702 0.5196657 3.399479 -1.8826 2.867021 -1.8826 2.86702 0.5196657 -3.438025 -1.8826 -1.228452 -0.6193044 1.840836 -1.8826 -1.228452 -0.6193044 0.459762 -0.6193044 1.840836 -1.8826 3.399479 1.108965 2.86702 0.5196657 1.840836 0.5196652 0.459762 -0.6193044 0.459762 0.5468689 1.840836 0.5196652 2.86702 0.5196657 2.867021 -1.8826 3.399479 -1.8826 3.399479 1.108965 -0.01927268 2.605839 1.840836 0.5196652 -0.01927268 2.605839 -3.438025 1.108965 -1.228451 0.5468689 0.459762 0.5468689 -0.01927268 2.605839 -1.228451 0.5468689 0.459762 -0.6193044 -1.228452 -0.6193044 1.840836 -1.8826 -1.228452 -0.6193044 -3.438025 -1.8826 1.840836 -1.8826 -0.01927268 2.605839 0.459762 0.5468689 1.840836 0.5196652 2.86702 0.5196657 3.399479 -1.8826 3.399479 1.108965 0.459762 -0.6193044 1.840836 -1.8826 1.840836 0.5196652 1.840836 0.5196652 2.86702 0.5196657 3.399479 1.108965 -3.438025 1.108965 -3.438025 -1.8826 -1.228452 -0.6193044 3.632738 -0.6465076 3.632738 0.5196657 3.399479 0.5196652 3.632738 -0.6465076 3.399479 -0.646508 3.399479 0.5196652 4.868496 4.136958 2.292511 4.136958 2.292511 3.903699 4.868496 3.903699 2.292511 3.903699 2.292511 4.136958 0.814513 1.108966 6.611261 1.108966 4.868496 0.5196657 4.868496 0.5196657 6.611261 1.108966 4.868496 -0.6465076 6.611261 1.108966 6.611261 -1.8826 4.868496 -0.6465076 0.814513 -1.8826 0.814513 1.108966 2.292511 -0.6465076 0.814513 1.108966 2.292511 0.5196657 2.292511 -0.6465076 0.814513 -1.8826 2.292511 -0.6465076 4.868496 -0.6465076 2.292511 -0.646508 2.292511 0.5196652 0.814513 1.108965 6.611261 -1.8826 6.611261 1.108965 4.868496 -0.646508 6.611261 1.108965 4.868496 0.5196652 4.868496 -0.646508 2.292511 -0.646508 0.814513 1.108965 0.8145149 -1.8826 6.611261 -1.8826 4.868496 -0.646508 0.8145149 -1.8826 4.868496 0.5196652 6.611261 1.108965 0.814513 1.108965 -2.797266 -5.563959 -2.797266 6.789427 -3.030525 6.789428 1.030228 -1.8826 0.8145149 -1.8826 1.030228 0.5196657 0.8145149 -1.8826 0.814513 1.108966 1.030228 0.5196657 2.282416 1.108966 2.282416 -1.8826 2.056411 0.5196652 2.282416 -1.8826 2.056411 -1.8826 2.056411 0.5196652 2.282416 1.108966 2.056411 0.5196652 0.814513 1.108966 2.056411 0.5196657 2.056411 -1.8826 2.282416 -1.8826 0.814513 1.108966 0.8145149 -1.8826 1.030228 0.5196652 0.8145149 -1.8826 1.030228 -1.8826 1.030228 0.5196652 2.056411 0.5196657 2.282416 -1.8826 2.282416 1.108966 0.814513 1.108966 1.030228 0.5196652 2.056411 0.5196657 -2.176922 -1.8826 -1.118294 -1.8826 -2.176922 0.5196657 -1.118294 -1.8826 -1.118294 1.108966 -2.176922 0.5196657 -3.438025 1.108965 -3.438025 -1.8826 -3.203105 0.5196652 -3.438025 -1.8826 -3.203105 -1.8826 -3.203105 0.5196652 -3.438025 1.108965 -3.203105 0.5196652 -2.176922 0.5196657 6.611261 -1.8826 6.611261 -2.094938 6.8451 -2.094938 -1.74606 2.170705 -1.958398 2.170705 -1.958398 1.92798 -3.203105 -1.8826 -3.438025 -1.8826 -3.203105 0.5196652 -3.438025 -1.8826 -3.438025 1.108965 -3.203105 0.5196652 -1.118031 1.108966 -1.118031 -1.8826 -2.176922 0.5196657 -1.118031 -1.8826 -2.176922 -1.8826 -2.176922 0.5196657 -1.118031 1.108966 -2.176922 0.5196657 -3.438025 1.108965 -3.628769 1.108965 0.6277233 1.108965 0.6277233 -1.8826 -3.628769 -1.8826 0.6277233 -1.8826 0.6277233 1.108966 0.6277233 -1.8826 0.8152975 -1.8826 0.8152975 1.108966 0.6303296 -1.67678 0.8148726 -1.675265 0.8152193 -2.701515 0.6303296 0.5196652 0.6303296 -1.8826 0.8148726 -1.8826 0.6282019 -1.8826 0.6282019 0.5196652 0.8152193 0.5196652 -2.179484 0.5196652 -2.179484 -1.8826 -1.116209 -1.8826 -3.438025 1.108965 -3.438025 -1.8826 -3.205734 0.5196652 -3.438025 -1.8826 -3.205734 -1.8826 -3.205734 0.5196652 -2.179484 0.5196652 -1.116209 -1.8826 -1.116209 1.108966 -3.438025 1.108965 -3.205734 0.5196652 -2.179484 0.5196652 -3.207269 0.5196652 -3.207269 -1.8826 -3.438025 -1.8826 -1.116209 1.108966 -1.116209 -1.8826 -2.180999 0.5196652 -1.116209 -1.8826 -2.180999 -1.8826 -2.180999 0.5196652 -3.207269 0.5196652 -3.438025 -1.8826 -3.438025 1.108965 -1.116209 1.108966 -2.180999 0.5196652 -3.438025 1.108965 -0.02062016 2.605839 -3.438025 1.108965 -1.116209 1.108966 -1.116209 1.108966 -3.438025 1.108965 -0.02056485 2.605839 3.341781 1.183432 3.609991 1.183432 3.609991 -1.887365 -5.727135 1.183432 -5.458926 1.183432 -5.458926 -1.887365 3.609991 -1.887365 3.609991 1.183432 3.341781 1.183432 -5.458926 1.183432 -5.727135 1.183432 -5.727135 -1.887365 -3.659457 -1.887365 -3.659457 1.183432 -3.391248 1.183432 -5.727135 1.183432 -5.458926 1.183432 -5.458926 -1.887365 -3.391248 1.183432 -3.659457 1.183432 -3.659457 -1.887365 -5.458926 1.183432 -5.727135 1.183432 -5.727135 -1.887365 1.222258 4.456276 1.4874 4.456276 1.4874 -2.34282 -2.768214 6.74249 -2.768214 6.538176 4.030882 6.538176 1.4874 -2.34282 1.4874 4.456276 1.222258 4.456276 -2.768214 6.538176 -2.768214 6.74249 4.030881 6.74249 1.572842 -0.6426512 1.733339 -0.6426512 1.733339 -1.887365 -5.727135 -0.6426512 -5.580213 -0.6426512 -5.580213 -1.887365 1.733339 -1.887365 1.733339 -0.6426512 1.572842 -0.6426512 -5.580213 -0.6426512 -5.727135 -0.6426512 -5.727135 -1.887365 -5.727135 2.077061 -5.580213 2.077061 -5.580213 2.237558 -5.073055 3.970785 -5.072562 4.065412 -5.472425 4.065412 -5.072562 -1.519902 -5.069592 -1.655574 -5.472425 -1.655574 -5.069592 4.065412 -5.03912 3.970785 -5.472425 3.970785 -5.472425 -1.655574 -5.039121 -1.655574 -5.073056 -1.519902 -5.152328 3.970785 -5.151835 4.065412 -5.472425 4.065412 -5.151835 -1.166451 -5.1179 -1.302122 -5.472425 -1.302122 -5.472425 4.065412 -5.1179 4.065412 -5.118394 3.970785 -5.472425 -1.302122 -5.118394 -1.302122 -5.152328 -1.166451 -3.724894 3.970785 -3.724894 4.065412 -5.472425 4.065412 -3.724894 -0.7305927 -3.724894 -0.8662645 -5.472425 -0.8662641 -3.724894 4.065412 -3.724894 3.970785 -5.472425 3.970785 -3.724894 -0.8662641 -3.724894 -0.7305925 -5.472425 -0.7305925 -3.724894 -3.096156 -3.724894 -3.001528 -5.472425 -3.001528 -3.724894 -1.519902 -3.724894 -1.655574 -5.472425 -1.655574 -3.724894 -3.001528 -3.724894 -3.096156 -5.472425 -3.096156 -3.724894 -1.655574 -3.724894 -1.519902 -5.472425 -1.519902 -3.724894 -3.096156 -3.724894 -3.001528 -5.472425 -3.001528 -3.724894 -1.166451 -3.724894 -1.302122 -5.472425 -1.302122 -3.724894 -3.001528 -3.724894 -3.096156 -5.472425 -3.096156 -3.724894 -1.302123 -3.724894 -1.166451 -5.472425 -1.166451 -3.724894 -3.096156 -3.724894 -3.001528 -5.472425 -3.001528 -3.724894 -0.7305925 -3.724894 -0.8662645 -5.472425 -0.8662645 -3.724894 -3.001528 -3.724894 -3.096156 -5.472425 -3.096156 -3.724894 -0.8662645 -3.724894 -0.7305925 -5.472425 -0.7305925 -5.604919 0.02563428 -5.699546 0.02563405 -5.699546 -2.904421 -0.4785847 -1.519902 -0.3521208 -1.655574 -3.40864 -1.655574 -5.699546 0.1520982 -5.604919 0.1520982 -5.604918 -2.904421 -3.40864 -1.655574 -0.3521208 -1.655574 -0.478585 -1.519902 -5.604919 0.456224 -5.699546 0.456224 -5.699546 -2.904421 -3.40864 -1.166451 -0.04799509 -1.166451 -0.08159446 -1.302122 -5.699546 0.4226247 -5.604919 0.4226247 -5.604918 -2.904421 -0.08159446 -1.302122 -0.04799509 -1.166451 -3.40864 -1.166451 -5.60492 2.149049 -5.699546 2.149049 -5.699546 -0.8867964 -1.391016 -0.7305925 1.64483 -0.7305925 1.64483 -0.8662645 -5.699546 2.149049 -5.60492 2.149049 -5.604919 -0.8867964 1.64483 -0.8662645 1.64483 -0.7305925 -1.391015 -0.7305925 -0.9188986 -1.887365 -0.9188986 -0.6977964 -0.8017812 -0.6977964 -5.71353 -0.6977964 -5.593817 -0.6977964 -5.593817 -1.887365 -0.8017812 -0.6977964 -0.9188986 -0.6977964 -0.9188986 -1.887365 -5.593817 -0.6977964 -5.71353 -0.6977964 -5.71353 -1.887365 -5.71353 -0.4146795 -5.593817 -0.4146795 -5.593817 -0.2975621 -3.521379 -0.6193044 -3.765815 -0.6193044 -3.765815 0.5468689 -3.765815 0.9639811 -3.521379 0.9639811 -3.521379 -0.7242323 -3.765815 -0.6193044 -3.521379 -0.6193044 -3.521379 0.5468689 -3.765815 -0.7242327 -3.521379 -0.7242327 -3.521379 0.9639811 3.37766 -0.6216612 3.660329 -0.6216612 3.660329 0.4957683 3.660329 0.4957683 3.660329 -0.6216612 3.37766 -0.6216612 4.835863 3.881878 4.835863 4.164548 2.320937 4.164548 4.835863 3.881878 2.320937 3.881878 2.320937 4.164548 4.875874 -0.6548541 2.280925 -0.6548541 2.320937 -0.6216612 4.875874 0.5289614 4.835863 0.4957683 4.835863 -0.6216612 4.875874 0.5289608 4.875874 -0.6548541 4.835863 -0.6216612 4.875874 0.5289614 2.280925 0.5289614 2.320937 0.4957683 4.875874 -0.6548541 4.835863 -0.6216612 2.320937 -0.6216612 2.280925 0.5289608 2.320937 0.4957683 2.320937 -0.6216612 4.875874 0.5289608 4.835863 0.4957683 2.320937 0.4957683 2.280925 0.5289614 2.280925 -0.6548541 2.320937 -0.6216612 3.598433 0.5072405 3.598433 -0.6229848 3.43468 -0.6229848 3.43468 -0.6229848 3.598433 -0.6229848 3.598433 0.5072405 2.312658 4.102652 4.838868 4.102652 4.838868 3.938899 2.312658 4.102652 2.312658 3.938898 4.838868 3.938898 3.434679 -0.5854414 3.598433 -0.5854417 3.598433 0.4696975 3.598433 0.4696975 3.598433 -0.5854417 3.434679 -0.5854414 4.795996 3.938898 4.795996 4.102652 2.355532 4.102652 4.795996 3.938899 2.355532 3.938899 2.355532 4.102652 4.838868 -0.6229848 2.312658 -0.6229848 2.355532 -0.5854417 4.838868 -0.6229848 4.838868 0.5072411 4.795996 0.4696975 4.838868 -0.6229848 4.795996 -0.5854417 4.795996 0.4696975 4.838868 0.5072411 2.312658 0.5072411 2.355532 0.4696975 4.838868 -0.6229848 4.795996 -0.5854414 2.355532 -0.5854414 2.312658 0.5072405 2.355532 0.4696975 2.355532 -0.5854417 4.838868 0.5072405 4.795996 0.4696975 2.355532 0.4696975 2.312658 -0.6229848 2.355532 -0.5854414 2.355532 0.4696975 4.875874 4.164549 2.280925 4.164549 2.280925 3.881879 3.66033 0.5289608 3.66033 -0.6548541 3.377661 -0.6548541 2.280925 4.164549 4.875874 4.164549 4.875874 3.881879 3.66033 0.5289608 3.377661 0.5289614 3.377661 -0.6548541 -5.282173 0.5058649 -5.282749 4.603287 -5.485691 4.602943 -5.485691 4.602943 -5.282749 4.603286 -5.282173 0.5058649 0.001645505 2.784866 4.099068 0.9641494 4.099068 1.126029 4.098725 1.125266 4.098725 0.9633862 0.001645505 2.784866 -4.302539 0.5058649 -4.303116 4.603287 -4.506057 4.602943 -4.506057 4.602943 -4.303116 4.603286 -4.302539 0.5058649 0.001645505 2.784866 4.099068 0.9641494 4.099068 1.126029 4.098725 1.125266 4.098725 0.9633862 0.001645505 2.784866 -3.322906 0.5058649 -3.323481 4.603287 -3.526423 4.602943 -3.526423 4.602943 -3.323481 4.603286 -3.322906 0.5058649 0.001645505 2.784866 4.099068 0.9641494 4.099068 1.126029 4.098725 1.125266 4.098725 0.9633862 0.001645505 2.784866 -2.343272 0.5058649 -2.343847 4.603287 -2.54679 4.602943 -2.54679 4.602943 -2.343847 4.603286 -2.343272 0.5058649 0.001645505 2.784866 4.099068 0.9641494 4.099068 1.126029 4.098725 1.125266 4.098725 0.9633862 0.001645505 2.784866 -1.363639 0.5058649 -1.364214 4.603287 -1.567156 4.602943 -1.567156 4.602943 -1.364214 4.603286 -1.363639 0.5058649 0.001645505 2.784866 4.099068 0.9641494 4.099068 1.126029 4.098725 1.125266 4.098725 0.9633862 0.001645505 2.784866 -0.3840054 0.5058649 -0.38458 4.603287 -0.5875218 4.602943 -0.5875218 4.602943 -0.38458 4.603286 -0.3840054 0.5058649 0.001645505 2.784866 4.099068 0.9641494 4.099068 1.126029 4.098725 1.125266 4.098725 0.9633862 0.001645505 2.784866 0.5956284 0.5058649 0.5950533 4.603287 0.3921117 4.602943 0.3921117 4.602943 0.5950533 4.603286 0.5956284 0.5058649 0.001645505 2.784866 4.099068 0.9641494 4.099068 1.126029 4.098725 1.125266 4.098725 0.9633862 0.001645505 2.784866 1.575262 0.5058649 1.574687 4.603287 1.371746 4.602943 1.371746 4.602943 1.574687 4.603286 1.575262 0.5058649 0.001645505 2.784866 4.099068 0.9641494 4.099068 1.126029 4.098725 1.125266 4.098725 0.9633862 0.001645505 2.784866 2.554897 0.5058649 2.554321 4.603287 2.35138 4.602943 2.35138 4.602943 2.554321 4.603286 2.554897 0.5058649 0.001645505 2.784866 4.099068 0.9641494 4.099068 1.126029 4.098725 1.125266 4.098725 0.9633862 0.001645505 2.784866 3.534529 0.5058649 3.533955 4.603287 3.331012 4.602943 3.331012 4.602943 3.533955 4.603286 3.534529 0.5058649 0.001645505 2.784866 4.099068 0.9641494 4.099068 1.126029 4.098725 1.125266 4.098725 0.9633862 0.001645505 2.784866 4.514163 0.5058649 4.513588 4.603287 4.310646 4.602943 4.310646 4.602943 4.513588 4.603286 4.514163 0.5058649 0.001645505 2.784866 4.099068 0.9641494 4.099068 1.126029 4.098725 1.125266 4.098725 0.9633862 0.001645505 2.784866 5.493798 0.5058649 5.493222 4.603287 5.29028 4.602943 5.29028 4.602943 5.493222 4.603286 5.493798 0.5058649 0.001645505 2.784866 4.099068 0.9641494 4.099068 1.126029 4.098725 1.125266 4.098725 0.9633862 0.001645505 2.784866 6.473431 0.5058649 6.472855 4.603287 6.269913 4.602943 6.269913 4.602943 6.472855 4.603286 6.473431 0.5058649 0.001645505 2.784866 4.099068 0.9641494 4.099068 1.126029 4.098725 1.125266 4.098725 0.9633862 0.001645505 2.784866 0.4023829 4.797784 -3.518917 4.797784 -3.495584 4.676909 1.178294 5.183646 1.058465 5.131219 2.774079 1.209921 2.774079 1.209921 1.058465 5.131219 0.9623695 5.089176 -3.401115 4.730704 -3.401115 4.864863 0.520184 4.864863 0.9623695 5.089176 1.058465 5.131219 2.774079 1.209921 1.058465 4.647056 1.178294 4.676909 0.9623695 4.730704 1.178294 4.676909 1.231623 4.797784 0.9623695 4.730704 1.231623 4.797784 1.178294 4.918657 0.9623695 4.730704 1.178294 4.918657 1.058465 4.94851 0.9623695 4.730704 1.058465 5.131219 1.178294 5.183646 2.893908 1.262347 -3.495584 4.918657 -3.518917 4.797784 0.4023829 4.797784 -3.871354 2.757368 -3.750481 2.810697 -3.901207 2.637539 -3.750481 2.810697 -3.629607 2.757368 -3.901207 2.637539 -3.629607 2.757368 -3.599753 2.637539 -3.683402 2.541444 -3.683402 2.541444 -3.81756 2.541444 -3.629607 2.757368 -5.485691 -3.64117 -5.282749 -3.641514 -5.282173 0.4559093 -5.282173 0.4559093 -5.282749 -3.641514 -5.485691 -3.641169 -4.145733 1.126029 -4.145733 0.9641485 -0.04831004 2.784866 -4.145389 1.125266 -0.04831004 2.946745 -0.04831004 2.784866 -4.506057 -3.64117 -4.303115 -3.641514 -4.302539 0.4559093 -4.302539 0.4559093 -4.303115 -3.641514 -4.506057 -3.641169 -4.145733 1.126029 -4.145733 0.9641485 -0.04831004 2.784866 -4.145389 1.125266 -0.04831004 2.946745 -0.04831004 2.784866 -3.526423 -3.64117 -3.323481 -3.641514 -3.322906 0.4559093 -3.322906 0.4559093 -3.323481 -3.641514 -3.526423 -3.641169 -4.145733 1.126029 -4.145733 0.9641485 -0.04831004 2.784866 -4.145389 1.125266 -0.04831004 2.946745 -0.04831004 2.784866 -2.547363 0.4559093 -2.54714 -1.138399 -2.343467 -0.934727 -2.547363 0.4559093 -2.343272 0.4559093 -2.370547 -0.8922534 -1.438946 2.328807 -1.376911 2.141741 -0.04831004 2.784866 -4.145389 1.125266 -2.28635 1.951757 -2.332451 1.737526 -1.567729 0.4559093 -1.567605 -0.4274656 -1.363763 -0.4274654 -1.567729 0.4559093 -1.363639 0.4559093 -1.363779 -0.3525553 -0.04831004 2.784866 -0.04831004 2.946745 -0.9316849 2.554212 -0.9316849 2.554212 -0.9316852 2.427232 -0.8419797 2.392333 -4.145389 0.9633862 -4.145389 1.125266 -2.65853 1.626978 -4.145389 1.125266 -2.604983 1.8101 -2.65853 1.626978 -0.5875218 -3.64117 -0.38458 -3.641514 -0.3840054 0.4559093 -0.3840054 0.4559093 -0.38458 -3.641514 -0.5875218 -3.641169 -4.145733 1.126029 -4.145733 0.9641485 -0.04831004 2.784866 -4.145389 1.125266 -0.04831004 2.946745 -0.04831004 2.784866 0.3921124 -3.64117 0.5950541 -3.641514 0.5956284 0.4559093 0.5956284 0.4559093 0.5950541 -3.641514 0.3921124 -3.641169 -4.145733 1.126029 -4.145733 0.9641485 -0.04831004 2.784866 -4.145389 1.125266 -0.04831004 2.946745 -0.04831004 2.784866 1.371746 -3.64117 1.574687 -3.641514 1.575262 0.4559093 1.575262 0.4559093 1.574687 -3.641514 1.371746 -3.641169 -4.145733 1.126029 -4.145733 0.9641485 -0.04831004 2.784866 -4.145389 1.125266 -0.04831004 2.946745 -0.04831004 2.784866 2.350806 0.4559093 2.351123 -1.80522 2.55459 -1.732729 2.350806 0.4559093 2.554897 0.4559093 2.553901 -1.68638 -2.236949 1.974209 -2.188872 1.829036 -0.04831004 2.784866 -4.145389 1.125266 -2.736534 1.751615 -2.775297 1.575925 3.330439 0.4559093 3.330707 -1.456215 3.534272 -1.383689 3.330439 0.4559093 3.534529 0.4559093 3.534244 -1.322721 -1.887908 2.129307 -1.814899 1.967428 -0.04831004 2.784866 -4.145389 1.125266 -2.846759 1.702611 -2.84676 1.540731 4.514163 0.4559093 4.310073 0.4559093 4.455039 -1.34153 4.310073 0.4559093 4.310324 -1.341474 4.455039 -1.34153 4.310297 -1.280704 4.310073 0.4559093 4.455013 -1.280756 4.310073 0.4559093 4.514163 0.4559093 4.455013 -1.280756 -1.866667 2.138746 -1.793887 1.976867 -0.04831004 2.784866 -4.145389 0.9633862 -4.145389 1.125266 -2.760696 1.605002 -4.145389 1.125266 -2.702193 1.766882 -2.760696 1.605002 5.493798 0.4559093 5.493222 -3.641514 5.29028 -3.64117 5.493798 0.4559093 5.493222 -3.641514 5.29028 -3.641169 -4.145733 1.126029 -4.145733 0.9641485 -0.04831004 2.784866 -4.145389 1.125266 -0.04831004 2.946745 -0.04831004 2.784866 6.473431 0.4559093 6.472855 -3.641514 6.269913 -3.64117 6.473431 0.4559093 6.472855 -3.641514 6.269913 -3.641169 -4.145733 1.126029 -4.145733 0.9641485 -0.04831004 2.784866 -4.145389 1.125266 -0.04831004 2.946745 -0.04831004 2.784866 3.390549 1.092412 3.63753 1.092411 3.63753 -2.09274 6.629034 1.092411 6.914309 1.092411 6.914309 -2.09274 3.63753 1.092411 3.390549 1.092412 3.390548 -2.09274 6.914309 1.092412 6.629034 1.092412 6.629034 -2.09274 -3.692753 1.092412 -3.44577 1.092412 -3.445771 -2.09274 6.629034 1.092412 6.914309 1.092412 6.914309 -2.09274 -3.445771 -2.09274 -3.44577 1.092412 -3.692753 1.092412 6.914309 1.092412 6.629034 1.092412 6.629034 -2.09274 0.8274446 0.3240314 0.8027326 0.2031584 4.678048 0.2031583 2.878305 0.8853293 2.759881 0.9408572 0.9427815 -2.934457 2.759881 0.9408572 2.664913 0.9853869 0.8478134 -2.889929 0.702675 0.2569513 0.702675 0.3911113 4.57799 0.3911109 2.664913 0.9853869 2.759881 0.9408572 0.9427815 -2.934457 0.8739983 2.623342 0.8441444 2.741765 0.7903515 2.528373 0.8441444 2.741765 0.7232715 2.794469 0.7903515 2.528373 0.7232715 2.794469 0.6023986 2.741765 0.5725448 2.623342 0.5725448 2.623342 0.6561916 2.528373 0.7232715 2.794469 2.759881 0.9408572 2.878305 0.8853293 1.061206 -2.989986 4.678048 0.4449039 0.8027326 0.4449042 0.8274446 0.3240314 1.061206 0.4449042 1.113909 0.3240314 1.061206 0.2031584 1.061206 0.2031584 0.9427816 0.1733045 0.8478136 0.2569513 0.8478136 0.2569513 0.8478136 0.3911113 1.061206 0.2031584 0.8478136 0.3911113 0.9427816 0.4747581 1.061206 0.2031584 0.8274446 -5.68635 0.8027325 -5.80722 4.678047 -5.80722 2.878305 0.8853293 2.759881 0.9408572 0.9427815 -2.934457 2.759881 0.9408572 2.664913 0.9853869 0.8478134 -2.889929 0.7026749 -5.753427 0.7026749 -5.619269 4.57799 -5.619269 2.664913 0.9853869 2.759881 0.9408572 0.9427815 -2.934457 6.884377 2.623342 6.854523 2.741765 6.733653 2.794469 6.733653 2.794469 6.612777 2.741765 6.582923 2.623342 6.582923 2.623342 6.666572 2.528373 6.733653 2.794469 6.666572 2.528373 6.800731 2.528373 6.733653 2.794469 2.759881 0.9408572 2.878305 0.8853293 1.061206 -2.989986 4.678047 -5.565474 0.8027325 -5.565474 0.8274446 -5.68635 1.061206 -5.565474 1.113909 -5.68635 0.9427815 -5.53562 1.113909 -5.68635 1.061206 -5.80722 0.9427815 -5.53562 1.061206 -5.80722 0.9427815 -5.837074 0.8478136 -5.753428 0.8478136 -5.753428 0.8478131 -5.619269 1.061206 -5.80722 3.390549 1.092412 3.63753 1.092411 3.63753 -2.09274 -3.993072 1.092411 -3.707798 1.092411 -3.707798 -2.09274 3.63753 1.092411 3.390549 1.092412 3.390548 -2.09274 -3.707798 1.092412 -3.993072 1.092412 -3.993072 -2.09274 0.9749401 0.6159893 1.085898 0.5645295 1.085898 0.5874254 0.4401065 0.8501376 -0.205685 0.5642999 -0.205685 0.5872388 -0.2158141 0.5597998 -0.2158141 0.5938324 -0.205685 0.5872388 1.570759 0.5837035 1.580888 0.5874254 1.580888 0.5645295 1.573311 1.128085 1.56572 1.12072 1.559858 1.126554 1.085898 0.5872388 1.085898 0.5643013 0.4401065 0.8501376 0.4401064 0.8501594 0.9749401 0.6159893 0.97494 0.6388693 -0.5201593 0.5837035 -0.5201593 0.5598025 -0.5302882 0.5643013 -0.205685 0.5872191 -0.205685 0.5643117 0.4401064 0.8501594 0.961867 0.847274 1.570759 0.5968464 0.9583813 0.7171124 1.570759 0.5968464 1.570759 0.4849466 0.9365939 0.6567196 0.9583813 0.7171124 1.570759 0.5968464 0.9365939 0.6567196 -0.5201593 0.4850195 0.8494445 0.7869995 0.8860472 0.6725952 -0.5201593 0.4850195 0.8860472 0.6725952 0.9365939 0.6567196 0.9749378 0.6499646 0.4401065 0.8841421 0.4401065 0.873045 -0.5201593 0.597932 1.570759 0.5980928 1.570759 0.5837035 1.570759 0.5598034 1.570759 0.5938324 -0.5201593 0.5938324 -0.5201593 0.5598025 -0.5201593 0.5837035 1.570759 0.5837035 1.570759 0.5598034 1.580888 0.5643117 1.580888 0.5872191 0.4401065 0.8841421 -0.2158141 0.5938324 -0.205685 0.5872191 1.086765 0.597932 1.085898 0.5872388 0.4401065 0.8730655 0.4401065 0.8841421 0.4401065 0.8730655 -0.205685 0.5872388 1.086837 0.5980928 0.9749378 0.6499646 0.97494 0.6388693 -0.5201593 0.4849466 0.006774902 0.1931194 0.1558632 0.3422077 0.2987182 0.3422078 0.3191526 0.1428911 0.714819 0.111061 0.3191526 0.1428911 0.7148188 0.06652265 0.714819 0.111061 -0.5201593 0.4849466 0.1558632 0.3422077 0.2987182 0.3422078 1.252932 0.1866592 1.252932 0.1701633 1.570759 0.4849466 1.16623 0.2175492 1.252932 0.1866592 1.570759 0.4849466 1.570759 0.4849466 -0.5201593 0.4849466 0.2987182 0.3422078 1.01371 0.2175492 1.16623 0.2175492 1.570759 0.4849466 0.2987182 0.3422078 0.714819 0.111061 1.01371 0.2175492 0.9749401 0.6159893 0.4401064 0.8501594 0.4401065 0.8421102 -0.5227109 -0.1581544 -0.5168207 -0.1640451 -0.5201593 -0.1709741 1.573311 -0.1581544 1.580888 -0.1608449 1.570759 -0.1709738 -0.5227109 1.128048 -0.5302882 1.130738 -0.5201593 1.140867 1.573311 1.128085 1.567402 1.133993 1.570759 1.140867 0.4401065 0.8421102 -0.2029947 0.5574742 -0.205685 0.5642999 0.4401065 0.8421102 0.4401065 0.8501376 1.085898 0.5643013 0.9749382 0.6079339 1.083244 0.5577266 1.085898 0.5645295 0.4401065 0.8421102 0.4401064 0.8501594 -0.205685 0.5643117 1.567402 1.133993 -0.5168207 1.133938 -0.5201593 1.140867 1.567421 -0.1640451 1.570759 -0.1709738 -0.5201593 -0.1709741 1.573311 0.4849466 1.573311 -0.1581544 1.56572 -0.149585 -0.5136013 0.5579159 -0.5077577 0.5553296 -0.5077658 0.576925 0.4407089 0.840284 1.075843 0.5579159 1.075842 0.5795114 1.567421 -0.1640451 -0.5168207 -0.1640451 -0.5077577 -0.1554027 -0.5227109 0.4849466 -0.5136013 0.485549 -0.5136013 -0.149585 1.573311 1.019778 1.565719 1.013755 1.56572 1.12072 -0.5168207 -0.1640451 -0.5227109 -0.1581544 -0.5136013 -0.149585 1.567402 1.133993 1.559858 1.126554 -0.5077577 1.126501 1.573311 -0.1581544 1.567421 -0.1640451 1.559876 -0.1554027 -0.5227109 0.4849466 -0.5227109 1.128048 -0.5136013 1.120683 -0.5168207 1.133938 -0.5077577 1.126501 -0.5136013 1.120683 1.573311 0.4849466 1.56572 0.485549 1.565719 1.013755 7.175797 0.48879 7.175797 -3.571102 5.176452 -1.43362 7.175797 -3.571102 5.176452 -1.755773 5.176452 -1.43362 -1.836207 -0.4274657 -2.789206 -1.380465 -6.115595 0.48879 1.736739 -1.916858 -0.7924315 -1.701534 -0.9230524 -0.4274656 -0.9230524 -0.4274656 -1.836207 -0.4274657 -6.115595 0.48879 7.175797 0.48879 5.176452 -1.43362 4.622238 -1.236165 3.647301 -1.236165 1.736739 -1.916858 -0.9230524 -0.4274656 7.175797 0.48879 4.622238 -1.236165 3.647301 -1.236165 -0.9230524 -0.4274656 -6.115595 0.48879 7.175797 0.48879 7.175797 0.48879 -6.115595 0.48879 2.83683 1.917381 -6.115595 0.48879 -6.115595 4.548682 2.59729 2.688129 2.83683 1.917381 -6.115595 0.48879 2.59729 2.688129 2.83683 1.917381 3.315916 2.302858 7.175797 0.48879 -0.5077577 0.5553296 -0.5077658 0.5769249 1.559868 0.5769249 0.4407089 0.840284 0.4407078 0.8618794 0.9689138 0.6295689 0.9689152 0.6079735 0.9689138 0.6295689 1.075878 0.5797616 1.56572 0.5581663 1.565712 0.5797616 1.55985 0.5770443 -0.5136013 0.5579159 -0.5136094 0.5795114 -0.5077658 0.5769249 0.4407089 0.840284 -0.1944252 0.5579159 -0.1944265 0.5795114 0.4407089 0.840284 0.4407078 0.8618794 -0.1944265 0.5795114 1.56572 0.5579159 1.559876 0.5553296 1.559868 0.5769249 -0.5077577 0.5553296 1.559858 0.5554489 1.55985 0.5770443 -3.692753 1.092412 -3.44577 1.092412 -3.44577 -2.09274 -3.993072 1.092412 -3.707798 1.092412 -3.707798 -2.09274 -3.44577 1.092412 -3.692753 1.092412 -3.692752 -2.092741 -3.707798 1.092412 -3.993072 1.092412 -3.993072 -2.092741 0.4023826 0.3240314 -3.518917 0.3240316 -3.495584 0.2031586 1.178294 5.183646 1.058465 5.131219 2.774079 1.209921 2.774079 1.209921 1.058465 5.131219 0.9623695 5.089176 -3.401115 0.2569516 -3.401116 0.3911114 0.520184 0.3911113 0.9623695 5.089176 1.058465 5.131219 2.774079 1.209921 1.058465 0.1733044 1.178294 0.2031584 0.9623694 0.2569513 1.178294 0.2031584 1.231623 0.3240314 0.9623694 0.2569513 1.231623 0.3240314 1.178294 0.4449042 0.9623694 0.2569513 1.178294 0.4449042 1.058465 0.474758 0.9623694 0.2569513 1.058465 5.131219 1.178294 5.183646 2.893908 1.262347 -3.495585 0.4449046 -3.518917 0.3240316 0.4023826 0.3240314 0.6023986 2.757368 0.7232715 2.810697 0.8441444 2.757368 0.8441444 2.757368 0.8739983 2.637539 0.7903515 2.541444 0.7903515 2.541444 0.6561916 2.541444 0.8441444 2.757368 0.6561916 2.541444 0.5725448 2.637539 0.8441444 2.757368 -3.518917 -5.68635 -3.495587 -5.807223 0.425714 -5.807223 2.893908 1.262347 1.178294 5.183647 1.058465 5.131219 1.058465 5.131219 0.9623695 5.089176 2.677984 1.167878 -3.401115 -5.753429 -3.401116 -5.619269 0.5201836 -5.619269 0.9623695 5.089176 1.058465 5.131219 2.774079 1.20992 1.058465 -5.837075 1.178293 -5.807223 1.231623 -5.68635 1.231623 -5.68635 1.178293 -5.565476 0.962369 -5.753429 1.178293 -5.565476 1.058465 -5.535623 0.962369 -5.753429 1.058465 -5.535623 0.962369 -5.619269 0.962369 -5.753429 1.058465 5.131219 1.178294 5.183647 2.893908 1.262347 0.425714 -5.565476 -3.495586 -5.565476 -3.518917 -5.68635 6.612779 2.757368 6.733653 2.810697 6.854526 2.757368 6.854526 2.757368 6.884378 2.637539 6.800732 2.541444 6.800732 2.541444 6.666572 2.541444 6.582925 2.637539 6.582925 2.637539 6.612779 2.757368 6.800732 2.541444 0.7257409 1.212293 6.642919 1.212293 6.642919 1.05231 6.642919 -0.2406361 6.642919 -2.99436 0.7257409 -2.99436 0.7257409 -0.2406361 0.7257409 -2.99436 6.642919 -2.99436 1.538975 -2.279266 1.538975 -2.604908 1.213333 -2.604908 1.538975 6.865403 1.538974 -5.95464 1.213333 -5.95464 1.538975 -2.604908 1.538975 -2.279266 1.213333 -2.279266 1.538974 -5.95464 1.538975 6.865403 1.213333 6.865403 4.29297 -5.95464 3.967328 -5.954641 3.967329 6.865403 4.29297 6.865403 3.967329 6.865403 3.967328 -5.954641 1.213333 4.748311 1.538975 4.748311 1.538975 4.422668 1.538976 6.865403 1.538975 -5.95464 1.213333 -5.95464 1.538975 4.422668 1.538975 4.748311 1.213333 4.748311 1.538975 -5.95464 1.538976 6.865403 1.213333 6.865403 -2.734607 -5.95464 -3.06025 -5.95464 -3.060249 6.865403 -5.8181 -2.871147 -5.8181 -3.19679 7.001943 -3.19679 -0.1676393 2.88838 0.158003 2.88838 0.1580025 2.562737 -5.8181 2.88838 7.001943 2.88838 7.001943 2.562737 0.1580025 2.562737 0.158003 2.88838 -0.1676393 2.88838 7.001943 2.88838 -5.8181 2.88838 -5.8181 2.562737 7.001943 0.6622218 7.001943 0.33658 -5.8181 0.33658 -5.8181 0.6622221 -5.8181 0.33658 7.001943 0.33658 0.3879247 -0.6766703 0.3879247 1.042486 0.6120767 1.042486 0.6120767 1.042486 0.3879247 1.042486 0.3879247 -0.6766703 0.09590834 -0.6766703 0.09590834 1.042486 0.1371377 1.042486 0.09590834 1.081894 0.1371377 1.081894 0.1371377 1.042486 0.09590834 1.042486 0.09590834 -0.6766703 0.1371377 -0.6766703 0.3879247 -0.6766703 0.3879247 1.042486 0.6120767 1.042486 0.6120767 1.042486 0.3879247 1.042486 0.3879247 -0.6766703 0.8628622 -0.6766703 0.8628622 1.042486 0.9040916 1.042486 0.1371377 1.081894 0.09590834 1.081894 0.09590834 1.042486 0.8628622 1.042486 0.8628622 -0.6766703 0.9040916 -0.6766703 0.3879247 0.3083561 0.6120767 0.3083561 0.6120767 0.3495854 0.3879247 1.07531 0.6120767 1.07531 0.6120767 1.116539 0.6120767 1.081894 0.3879247 1.081894 0.3879247 1.042486 0.9040916 1.081894 0.8628622 1.081894 0.8628622 1.042486 0.8628622 1.081894 0.9040916 1.081894 0.9040916 1.042486 0.3879247 0.3495854 0.3879247 1.07531 0.6120767 1.07531 0.3879247 1.081894 0.6120767 1.081894 0.6120767 1.042486 0.1371377 1.081894 0.8628622 1.081894 0.8628622 1.042486 0.6120767 1.07531 0.3879247 1.07531 0.3879247 0.3495854 0.1371377 1.042486 0.8628622 1.042486 0.8628622 1.081894 4.82454 -0.6766702 4.824541 1.042484 5.048692 1.042484 5.048691 1.042483 4.824541 1.042483 4.82454 -0.6766716 -3.547304 -0.6766386 -3.547317 1.042535 -3.506083 1.042535 -3.547544 1.081728 -3.506307 1.081732 -3.506307 1.042324 -3.547304 1.042539 -3.547317 -0.6766241 -3.506083 -0.6766262 4.82454 -0.6766702 4.824541 1.042484 5.048692 1.042484 5.048691 1.042483 4.824541 1.042483 4.82454 -0.6766716 -2.78029 -0.6766484 -2.780283 1.042508 -2.739056 1.042507 -3.506119 1.08182 -3.547351 1.081817 -3.547351 1.042407 -2.78029 1.042509 -2.780283 -0.6766753 -2.739056 -0.6766751 4.824565 -3.334749 5.048722 -3.334751 5.048723 -3.293524 4.824428 -2.568 5.048584 -2.568002 5.048584 -2.526768 5.048708 1.081904 4.824554 1.081903 4.824554 1.042495 -2.739222 1.081917 -2.780455 1.081918 -2.780455 1.042512 -2.780452 1.081919 -2.739221 1.081918 -2.73922 1.042511 4.824526 -3.29362 4.824526 -2.567895 5.048675 -2.567896 4.824545 1.081894 5.048696 1.081894 5.048696 1.042486 -3.506063 1.081893 -2.780339 1.081894 -2.780339 1.042485 5.0487 -2.567888 4.824547 -2.567888 4.824543 -3.293612 -3.506063 1.042486 -2.780339 1.042486 -2.780339 1.081894 0.1139117 0.1397494 0.1139117 0.6361496 0.1786348 0.6361496 0.1786348 0.6361496 0.1139117 0.6361496 0.1139117 0.1397494 0.8661227 0.1397494 0.8661227 0.6361496 0.8542179 0.6361496 0.8661227 0.6475285 0.8542179 0.6475285 0.8542179 0.6361496 0.8661227 0.6361496 0.8661227 0.1397494 0.8542179 0.1397494 0.1139116 0.1397494 0.1139116 0.6361496 0.1786347 0.6361496 0.1786347 0.6361496 0.1139116 0.6361496 0.1139116 0.1397494 0.6446676 0.1397494 0.6446676 0.6361496 0.6327628 0.6361496 0.8542179 0.6475285 0.8661227 0.6475285 0.8661227 0.6361496 0.6446676 0.6361496 0.6446676 0.1397494 0.6327628 0.1397494 0.8661227 0.1139117 0.8661227 0.1786348 0.8542179 0.1786348 0.6446676 0.1139116 0.6446676 0.1786347 0.6327628 0.1786347 0.1786348 0.6475285 0.1139117 0.6475285 0.1139117 0.6361496 0.6327628 0.6475285 0.6446676 0.6475285 0.6446676 0.6361496 0.6446676 0.6475285 0.6327628 0.6475285 0.6327628 0.6361496 0.8542179 0.1139117 0.6446676 0.1139116 0.6446676 0.1786347 0.1139116 0.6475285 0.1786347 0.6475285 0.1786347 0.6361496 0.8542179 0.6475285 0.6446676 0.6475285 0.6446676 0.6361496 0.6446676 0.1786347 0.6446676 0.1139116 0.8542179 0.1139117 0.8542179 0.6361496 0.6446676 0.6361496 0.6446676 0.6475285 -1.869683 -0.7305925 -1.675338 -0.7305925 -1.675338 -0.8662642 -5.699545 -1.171119 -5.604919 -1.171119 -5.604919 -1.365464 -5.604919 -1.171119 -5.699546 -1.171119 -5.699546 -1.365464 -1.675338 -0.8662642 -1.675338 -0.7305924 -1.869683 -0.7305925 -5.604919 -2.032372 -5.699546 -2.032372 -5.699546 -2.904421 -2.536774 -0.7390031 -2.536774 -0.8746749 -3.40864 -0.8662641 -5.699546 -2.904421 -5.699546 -2.032372 -5.604919 -2.032372 -3.40864 -0.8662641 -2.536775 -0.8746749 -2.536774 -0.7390031 -1.391016 -0.8662642 -1.391015 -0.7305925 -1.675338 -0.7305924 -5.699545 -0.8867964 -5.604919 -0.8867964 -5.604919 -1.171119 -1.675338 -0.7305925 -1.391016 -0.7305925 -1.391015 -0.8662642 -5.604919 -0.8867965 -5.699546 -0.8867964 -5.699546 -1.171119 0.6506375 0.7002426 0.3493625 0.7002426 0.3493625 0.2682924 0.6506375 0.2997582 0.3493625 0.2997582 0.3493625 0.7317084 0.2839982 0.4583331 0.2839982 0.4861555 0.3157584 0.4861555 0.6842416 0.8578479 0.7160019 0.8578478 0.7160018 0.8294412 -5.699546 1.603167 -5.699546 2.149049 -5.60492 2.149049 0.4326786 0.8092415 0.4326786 0.8410018 0.4782148 0.8410018 1.64483 -1.655574 1.098948 -1.655574 1.181843 -1.572679 1.181843 -1.572679 1.142896 -1.519902 1.64483 -1.519902 -5.604919 1.368002 -5.60492 2.149049 -5.699546 2.149049 0.5734265 0.4089982 0.5734265 0.4407583 0.5968446 0.4407583 1.64483 -1.166451 0.8637825 -1.166451 0.9335554 -1.236224 0.9335554 -1.236224 0.9821859 -1.302122 1.64483 -1.166451 0.460501 0.4407584 0.4782148 0.4407585 0.4782148 0.4089983 0.5734265 0.4089982 0.5513087 0.408998 0.5513088 0.4407583 -5.699546 1.647115 -5.60492 1.647115 -5.60492 2.149049 1.64483 -1.302122 0.9821859 -1.302122 1.64483 -1.166451 0.9821859 -1.302122 0.9335553 -1.236224 1.64483 -1.166451 1.64483 -1.519902 1.142896 -1.519902 1.181843 -1.572679 1.181843 -1.572679 1.098948 -1.655574 1.64483 -1.655574 -5.604919 1.486405 -5.699546 1.486405 -5.699546 2.149049 -4.736107 -1.302123 -4.770042 -1.166451 -3.724894 -1.166451 -4.468036 -1.655574 -3.724894 -1.655574 -3.724894 -1.519902 -4.423735 4.065412 -4.501972 3.970784 -3.724894 3.970785 -4.729667 3.970785 -3.724894 3.970785 -3.724894 4.065412 -4.695732 -1.302123 -3.724894 -1.302123 -3.724894 -1.166451 -4.695732 3.970785 -4.736107 4.065412 -3.724894 4.065412 -4.467542 4.065412 -3.724894 4.065412 -3.724894 3.970785 -4.423735 -1.519902 -3.724894 -1.519902 -3.724894 -1.655574 0.1527408 0.9290905 0.8487367 1 0.8487384 4.47035e-7 0.5633543 0.953916 1.329124 0.8620544 1.309748 -0.01393795 0.4014281 0.8108628 0.5948932 0.8108626 0.5948926 1.08824 0.4645907 0.3285351 0.4612135 0.05337202 0.6569235 0.06659698 0.2397075 0.6358938 0.2397075 0.6972796 0.375 0.6826342 0.6117109 0.6708933 0.7611156 0.6730189 0.7611156 0.6118051 0.5393864 0.117483 0.625 0.125763 0.625 0.06465315 0.4897075 0.1142137 0.5393864 0.117483 0.5393864 0.05631446 0.375 0.6211251 0.375 0.6826342 0.4507396 0.6679985 0.1601282 0.6368844 0.125 0.6357863 0.125 0.6969953 0.4794523 0.6663959 0.4794523 0.6060131 0.4507395 0.60648 2.494929 1.108966 2.979952 -0.3660329 3.339574 -0.09215712 2.494929 1.108966 3.339574 -0.09215712 3.737957 0.01256066 4.358334 -0.04861652 4.393995 -0.1575656 6.611261 1.108966 2.494929 1.108966 3.737957 0.01256066 4.25492 -0.001139283 4.25492 -0.001139283 4.358334 -0.04861652 6.611261 1.108966 0.1601282 0.6368844 0.1601282 0.698143 0.2397075 0.6972796 2.494929 -1.8826 2.494929 1.108966 2.986896 -0.3319251 2.494929 -1.8826 2.986896 -0.3319251 3.189735 -0.6040742 4.400984 -0.1232298 6.611261 1.108966 6.611261 -1.8826 4.368677 -0.5252842 4.400984 -0.1232298 6.611261 -1.8826 2.494929 -1.8826 3.189735 -0.6040742 3.329831 -0.7236979 2.494929 -1.8826 3.329831 -0.7236979 3.501594 -0.7891626 3.941439 -0.8507122 4.368677 -0.5252842 6.611261 -1.8826 2.494929 -1.8826 3.501594 -0.7891626 3.941439 -0.8507122 0.4764724 0.6644082 0.4764725 0.6016675 0.4368866 0.6072145 0.4764724 0.6644082 0.6117109 0.6708933 0.6117109 0.6030443 0.7611156 0.6730189 0.875 0.6853469 0.875 0.624237 0.4414461 0.8703571 0.4414461 0.9120236 0.5585538 0.9120236 0.4414461 0.6027381 0.5585538 0.6027381 0.5585538 0.4271429 0.4414461 0.6322617 0.5585538 0.6322617 0.5585538 0.5370237 0.4414461 0.6709521 0.5585538 0.6709521 0.5585538 0.6322617 0.4414461 0.4658333 0.4414461 0.3765476 0.5585538 0.3765478 0.4414461 0.272143 0.4414461 0.340595 0.5585538 0.340595 0.4414461 0.7813095 0.5585538 0.7813095 0.5585538 0.7515476 0.4414461 -0.05821412 0.5585538 -0.05821412 0.5585538 0.1828571 0.4414461 0.4655951 0.5585538 0.4655951 0.5585538 0.340595 0.4414461 0.4896429 0.5585538 0.489643 0.5585538 0.5342857 0.4414461 0.3765476 0.4414461 0.1830955 0.5585538 0.1830955 3.399479 -1.8826 3.142744 -1.221327 3.089258 -0.6567581 3.142744 -1.221327 3.071429 -0.835043 3.089258 -0.6567581 3.089258 -0.6567581 3.006059 -0.6092153 3.065487 -0.5200727 -0.8806774 1.108966 -0.02237921 2.605839 1.342064 -0.121903 -0.02237921 2.605839 3.399479 1.108965 1.561949 0.01478302 1.14595 -0.7340145 -0.8806774 -1.8826 -0.8806774 1.108966 1.342064 -0.121903 1.413378 -0.3833872 1.14595 -0.7340145 1.948233 0.01478302 1.811548 -0.06247437 1.561949 0.01478302 1.342064 -0.121903 1.14595 -0.7340145 -0.8806774 1.108966 1.561949 0.01478302 1.342064 -0.121903 -0.02237921 2.605839 3.399479 1.108965 3.399479 -1.8826 3.089258 -0.6567581 3.399479 1.108965 3.089258 -0.6567581 3.065487 -0.5200727 2.221604 0.05043971 2.197833 -0.0981307 1.948233 0.01478302 1.948233 0.01478302 1.561949 0.01478302 3.399479 1.108965 3.399479 1.108965 3.065487 -0.5200727 2.976345 -0.2407592 2.976345 -0.2407592 2.821831 -0.2467023 2.661373 -0.02681708 2.661373 -0.02681708 2.607888 -0.08624529 2.530631 -0.01493084 2.530631 -0.01493084 2.340461 -0.06247437 2.221604 0.05043971 2.221604 0.05043971 1.948233 0.01478302 3.399479 1.108965 3.399479 1.108965 2.976345 -0.2407592 2.661373 -0.02681708 2.661373 -0.02681708 2.530631 -0.01493084 3.399479 1.108965 0.4414461 0.5370237 0.5585538 0.5370237 0.5585538 0.4774998 0.4414461 0.2009524 0.5585538 0.2009525 0.5585538 0.1325002 0.4414461 0.4271429 0.5585538 0.4271429 0.5585538 0.2009525 0.4414461 0.02535712 0.5585538 0.02535712 0.5585538 0.1830955 0.4414461 0.6741666 0.4414461 0.5342857 0.5585538 0.5342857 0.4414461 0.7007141 0.5585538 0.7007141 0.5585538 0.8435713 3.399479 -1.8826 3.142744 -1.221327 2.952573 -1.536298 2.952573 -1.536298 2.667317 -1.554126 3.399479 -1.8826 2.667317 -1.554126 2.037376 -1.684869 3.399479 -1.8826 -3.438025 -1.8826 -1.123402 -1.8826 1.14595 -0.7340145 -1.123402 -1.8826 -0.8806774 -1.8826 1.14595 -0.7340145 -0.8806774 -1.8826 3.399479 -1.8826 2.037376 -1.684869 -0.8806774 -1.8826 2.037376 -1.684869 1.633263 -1.589783 1.151893 -1.322355 1.264807 -1.18567 1.14595 -0.7340145 -0.8806774 -1.8826 1.633263 -1.589783 1.151893 -1.322355 0.4414461 0.7780953 0.4414461 0.855476 0.5585538 0.8554759 0.4414461 0.7813095 0.4414461 0.6711903 0.5585538 0.6711903 0.4414461 0.385238 0.5585538 0.385238 0.5585538 0.7007141 0.4414461 0.03702396 0.4414461 0.1471427 0.5585538 0.1471427 0.4414461 0.1828571 0.5585538 0.1828571 0.5585538 0.385238 0.4414461 0.7455953 0.4414461 0.8199999 0.5585538 0.8199999 0.4414461 0.7336902 0.5585538 0.7336902 0.5585538 0.6027381 0.4414461 0.1471427 0.4414461 0.272143 0.5585538 0.2721429 1.065177 0.3218216 1.113912 0.3218215 1.113912 0.3461934 0.1589812 1.065177 0.1884173 1.065177 0.1884173 1.113912 0.1884173 1.113912 0.1884173 1.065177 0.1417151 1.065177 0.6325375 -1.8826 -1.133731 -0.8549931 -1.274623 -0.9771257 -1.394215 -1.011137 -1.46582 -0.8944841 -3.628769 -1.8826 0.6325375 -1.8826 -1.274623 -0.9771257 -1.394215 -1.011137 0.6325368 1.108966 0.6325368 -1.8826 -1.133731 -0.8549928 0.6325368 1.108966 -1.133731 -0.8549928 -1.65299 -0.01048493 -1.133731 -0.8549928 -1.357265 -0.7859283 -1.659828 -0.2577083 -1.659828 -0.2577083 -1.65299 -0.01048493 -1.133731 -0.8549928 -1.434025 -0.8177234 -1.46582 -0.8944838 -1.901909 -0.3265539 -1.46582 -0.8944838 -3.628769 -1.8826 -2.351928 -0.162859 -1.659828 -0.2577083 -1.357265 -0.7859283 -1.434025 -0.8177234 -1.901909 -0.3265539 -1.659828 -0.2577083 -1.434025 -0.8177234 -3.628769 -1.8826 -3.628769 1.108966 -2.351928 -0.162859 1.065177 0.3461934 1.113912 0.3461934 1.113912 0.3622307 0.1256778 1.065177 0.1256778 1.113912 0.1417151 1.113912 0.1339952 1.065177 0.1589812 1.065177 0.1589812 1.113912 0.02792435 1.113912 -0.06609666 1.113912 -0.06609666 1.065177 1.065177 0.4792329 1.065177 0.5308845 1.113912 0.5308845 0.07993018 1.065177 0.04355132 1.065177 0.04355138 1.113912 0.6325375 -1.8826 0.6325368 1.108965 -1.133731 -0.8549931 0.6325368 1.108965 -1.65299 -0.01048547 -1.133731 -0.8549931 -1.65299 -0.01048547 -1.659828 -0.2577089 -1.133731 -0.8549931 -1.133731 -0.8549931 -1.659828 -0.2577089 -1.357265 -0.7859287 -1.659828 -0.2577089 -1.901908 -0.3265545 -1.434025 -0.8177238 -1.357265 -0.7859287 -1.659828 -0.2577089 -1.434025 -0.8177238 -2.351927 -0.1628597 -3.628769 1.108965 -3.628769 -1.8826 -1.901908 -0.3265545 -2.351927 -0.1628597 -1.46582 -0.8944841 -1.434025 -0.8177238 -1.901908 -0.3265545 -1.46582 -0.8944841 1.113912 0.4990494 1.113912 0.5663569 1.065177 0.5663569 0.6325368 1.108966 -1.65299 -0.01048493 -1.827112 0.1293169 -2.133625 0.1592988 -2.351928 -0.162859 -3.628769 1.108966 0.6325368 1.108966 -1.827112 0.1293169 -3.628769 1.108966 -0.02048724 1.113912 0.04355138 1.113912 0.04355132 1.065177 0.02792435 1.113912 0.02792435 1.065177 0.07850158 1.065177 0.9066485 0.2772324 0.6861504 0.3753604 0.9266567 0.3597269 0.6861504 0.3753604 0.6861504 0.4662801 0.9266567 0.3597269 7.175797 4.548913 7.175796 3.865178 7.138331 4.586212 7.175796 3.865178 3.315916 2.302858 3.293633 3.134888 7.175796 3.865178 3.293633 3.134888 3.16595 3.488807 -6.078242 4.585868 7.138331 4.586212 3.051225 3.488529 3.051225 3.488529 7.138331 4.586212 3.16595 3.488807 2.59729 2.688129 -6.115595 4.548682 -6.078242 4.585868 2.831261 3.419446 2.59729 2.688129 -6.078242 4.585868 7.175796 3.865178 3.16595 3.488807 7.138331 4.586212 0.8633653 0.3874953 0.4076697 0.588912 0.4076697 0.4986123 0.3952918 0.7101668 0.3952918 0.799525 0.6937751 0.6942185 1.570759 0.5968464 0.961867 0.847274 1.570759 1.131677 0.961867 0.847274 0.8869184 0.9075804 1.570759 1.131677 0.8869184 0.9075804 0.8494445 0.7869995 -0.5201593 1.131677 0.8494445 0.7869995 -0.5201593 0.4850195 -0.5201593 1.131677 0.4076697 0.588912 -0.07334327 0.799525 -0.07334327 0.7101668 0.1671632 0.6043895 0.1671632 0.6942185 0.6861504 0.4662801 0.4911624 0.122331 0.4370189 0 0.4564267 0.06852173 0.4370189 0 0.4364084 0.02332097 0.4564267 0.06852173 0.4564267 0.06852173 0.4277271 0.06383091 0.4713741 0.122331 0.4364084 0.02332097 0.4077088 0.0186302 0.4277271 0.06383091 0.4169882 0 0.4713741 0.122331 0.4277271 0.06383091 0.4169882 0 0.4277271 0.06383091 0.4364084 0.02332097 0.4721254 0.6706811 0.5476687 0.5 0.5281333 0.5 0.4370189 0.8864663 0.4721254 0.6531824 0.4437634 0.7691965 0.4721254 0.6531824 0.4522518 0.6531823 0.4428571 0.7153321 0.4437634 0.7691965 0.4721254 0.6531824 0.4428571 0.7153321 0.4374495 0.8104805 0.4292959 0.8104805 0.4370189 0.8864663 0.4192314 0.7691556 0.4129174 0.8104395 0.4292959 0.8104805 0.4292959 0.8104805 0.4374495 0.8104805 0.4437634 0.7691965 -2.669856 1.588097 -2.623756 1.802329 -4.145733 1.126029 -0.04831004 2.784866 -1.580575 2.050882 -1.642617 2.237947 -1.580575 2.050882 -1.642618 2.139061 -1.642617 2.237947 -1.567371 -2.100764 -1.567156 -3.64117 -1.364214 -3.641514 -2.343634 -2.119537 -2.547049 -1.782131 -2.54679 -3.64117 -2.553742 1.674109 -2.500203 1.857231 -4.145733 1.126029 -6.115595 -3.571102 -6.115595 0.48879 -2.789206 -1.380465 -6.115595 -3.571102 -2.789206 -1.380465 -6.078242 -3.608289 -2.789206 -1.380465 -2.238683 -2.293619 -6.078242 -3.608289 7.138445 -3.608289 -6.078242 -3.608289 -1.941721 -2.29362 -1.941721 -2.29362 -6.078242 -3.608289 -2.238683 -2.293619 -0.7924315 -1.701534 7.175797 -3.571102 7.138445 -3.608289 -1.098617 -1.859273 -0.7924315 -1.701534 7.138445 -3.608289 -2.341006 -2.177468 -2.343847 -3.641514 -2.54679 -3.641169 0.5154485 0.44096 0.5201239 0.4409601 0.515422 0.4136521 0.5201239 0.4409601 0.5371348 0.44096 0.5371083 0.4136522 0.5476687 0.5 0.5476687 0.377669 0.5281333 0.377669 -1.539524 -2.153385 -1.336137 -2.04861 -1.364214 -3.641514 1.570759 -0.1709738 0.3191526 0.1428911 0.1393564 0.05026453 0.09289926 0.05026453 0.006774902 0.1931194 -0.5201593 -0.1709738 0.006774902 0.1931194 -0.5201593 0.4849466 -0.5201593 -0.1709738 1.570759 -0.1709738 0.1393564 0.05026453 -0.5201593 -0.1709738 -0.9316847 2.554014 -0.04831004 2.946745 -0.04831004 2.784866 0.4169882 0.926249 0.4370189 0.926249 0.4370189 0.8864663 0.4911624 0.122331 0.4713741 0.122331 0.5281333 0.377669 0.4697058 0.1918762 0.4818778 0.2464461 0.4815189 0.187188 0.4818778 0.2464461 0.5069383 0.2417581 0.4947663 0.1871881 0.4169882 0.8864663 0.4370189 0.8864663 0.4292959 0.8104805 0.4292959 0.8104805 0.4437634 0.7691965 0.4428571 0.7153321 1.570759 -0.1709738 1.570759 0.4849466 1.252932 0.1701633 1.570759 -0.1709738 1.252932 0.1701633 1.252931 0.1362612 0.8290313 0.02583122 0.7148189 0.06652271 0.3191526 0.1428911 0.8290313 0.02583122 0.3191526 0.1428911 1.570759 -0.1709738 1.570759 -0.1709738 1.252931 0.1362612 1.162148 0.05817544 0.9429774 0.02583122 0.8290313 0.02583122 1.570759 -0.1709738 0.8545721 0.6956684 0.8531867 0.9991746 0.001478374 0.6964015 0.8531867 0.9991746 9.24295e-5 0.9999076 0.001478374 0.6964015 0.001478374 0.6964015 0.001476466 8.25466e-4 0.8545721 0.6956684 0.4087948 0.02804368 0.4523486 0.02915906 0.4445177 0.01120084 -0.04831004 2.784866 -2.261363 1.796319 -2.309438 1.941493 -2.261363 1.796319 -2.309439 1.868952 -2.309438 1.941493 4.310645 -3.641169 4.310525 -2.246825 4.513588 -3.641514 4.310525 -2.246825 4.43365 -2.228705 4.513588 -3.641514 -2.816756 1.554688 -2.816756 1.716568 -4.145733 1.126029 -2.673516 1.644335 -2.615012 1.806215 -4.145733 1.126029 2.554941 -2.342252 2.554321 -3.641514 2.35138 -3.641169 3.33083 -2.34254 3.331012 -3.64117 3.533955 -3.641514 3.33083 -2.34254 3.534142 -2.312536 3.533955 -3.641514 -1.960434 2.096653 -0.04831004 2.946745 -0.04831004 2.784866 4.513588 -3.641514 4.513803 -2.110792 4.433569 -2.179852 4.433569 -2.179852 4.310444 -2.197974 4.513588 -3.641514 -2.847738 1.544336 -2.808975 1.720026 -4.145733 1.126029 2.554509 -2.304755 2.351182 -2.232315 2.35138 -3.64117 -0.7924315 -1.701534 1.736739 -1.916858 1.736739 -2.201554 -0.7924315 -1.701534 1.736739 -2.201554 2.466806 -2.461661 4.596148 -2.254911 5.176452 -1.755772 7.175797 -3.571102 3.19517 -2.461662 4.596148 -2.254911 7.175797 -3.571102 7.175797 -3.571102 -0.7924315 -1.701534 2.466806 -2.461661 -1.845693 2.147665 -0.04831004 2.946745 -0.04831004 2.784866 0.5075302 0.194875 0.4994198 0.1589339 0.4814369 0.1589338 0.4814369 0.1589338 0.4634308 0.1615116 0.4715414 0.1974527 0.9180198 0.5777088 0.9177679 0.6410914 0.5743281 0.6410914 0.5743281 0.6410914 -0.1018191 0.534655 0.5750588 0.5777087 -0.1018191 0.534655 -0.1018379 0.4707961 0.5750588 0.5777087 0.812331 2.76566e-4 0.812331 0.9999099 9.01163e-5 0.9997234 1.029082 0.6102164 0.8691871 0.6410913 0.8667469 0.5777087 1.010222 0.5466956 1.040118 0.4960967 1.042186 0.5598431 1.029082 0.6102164 0.8667469 0.5777087 1.010222 0.5466956 1.010222 0.5466956 1.042186 0.5598431 1.029177 0.5937287 1.069012 0.4960967 0.8639978 0.4176997 0.8639979 0.4817954 0.4018431 0.449467 0.8973652 0.4817954 0.8973778 0.4176997 0.8973778 0.4176997 0.4019595 0.3852266 0.4018431 0.449467 0.4019595 0.3852266 0.1448802 0.3852265 0.4018431 0.449467 -0.08942973 0.4260801 -0.08942973 0.4901385 0.1684941 0.4494669 0.5082168 0.470796 0.508217 0.534655 0.4076371 0.4901385 9.20324e-5 9.20324e-5 0.6860364 0.08632993 0.1612986 0.4126684 0.6860364 0.08632993 0.8472442 0.498906 0.1612986 0.4126684 0.8472442 0.498906 0.8472442 0.999908 0.3690056 0.9376389 0.3690056 0.9376389 0.1412777 0.9132706 0.1612986 0.4126684 0.744387 0.05063641 0.744387 0.9999137 8.62654e-5 0.9493629</float_array>
          <technique_common>
            <accessor source="#Cylinder-mesh-map-0-array" count="4704" stride="2">
              <param name="S" type="float"/>
              <param name="T" type="float"/>
            </accessor>
          </technique_common>
        </source>
        <vertices id="Cylinder-mesh-vertices">
          <input semantic="POSITION" source="#Cylinder-mesh-positions"/>
        </vertices>
        <triangles material="Material_002-material" count="1108">
          <input semantic="VERTEX" source="#Cylinder-mesh-vertices" offset="0"/>
          <input semantic="NORMAL" source="#Cylinder-mesh-normals" offset="1"/>
          <input semantic="TEXCOORD" source="#Cylinder-mesh-map-0" offset="2" set="0"/>
          <p>954 0 0 955 0 1 953 0 2 2 1 3 3 2 4 1 3 5 3 2 6 6 4 7 5 5 8 6 4 9 7 6 10 5 5 11 8 7 12 9 8 13 7 6 14 9 8 15 12 9 16 11 10 17 6 11 18 2 12 19 12 13 20 12 9 21 13 14 22 11 10 23 13 14 24 2 1 25 1 3 26 11 15 27 13 16 28 3 17 29 18 18 30 16 18 31 15 18 32 22 19 33 20 20 34 19 21 35 17 22 36 22 23 37 16 24 38 18 25 39 19 25 40 20 25 41 24 26 42 26 26 43 23 26 44 28 27 45 30 28 46 27 18 47 30 29 48 25 30 49 24 31 50 27 32 51 26 32 52 28 32 53 17 33 54 29 34 55 21 35 56 19 36 57 30 37 58 22 38 59 20 39 60 29 34 61 28 40 62 15 41 63 27 42 64 19 36 65 16 43 66 30 37 67 24 44 68 18 45 69 25 46 70 17 33 71 20 39 72 26 40 73 18 45 74 16 43 75 23 47 76 15 41 77 76 48 78 178 49 79 79 50 80 79 50 81 175 51 82 50 52 83 164 18 90 177 18 91 52 18 92 48 66 102 172 67 103 76 48 104 78 40 117 165 77 118 169 40 119 52 88 132 173 89 133 48 66 134 178 42 138 181 92 139 175 93 140 56 100 147 168 40 148 60 72 149 178 42 162 171 110 163 179 42 164 175 93 171 180 112 172 176 42 173 172 116 177 174 117 178 171 110 179 173 42 180 182 42 181 174 117 182 75 129 195 167 130 196 56 100 197 60 18 201 164 18 202 52 18 203 58 76 204 166 132 205 165 77 206 54 63 207 180 26 208 163 133 209 50 52 246 176 161 247 54 162 248 54 63 258 166 172 259 62 26 260 78 40 261 170 173 262 75 129 263 184 199 297 185 200 298 183 201 299 186 18 300 189 18 301 185 18 302 189 202 303 188 203 304 187 204 305 188 26 306 183 26 307 187 26 308 191 205 309 194 206 310 193 207 311 194 208 312 197 209 313 193 18 314 198 210 315 195 211 316 197 212 317 196 213 318 191 214 319 195 26 320 200 215 321 201 216 322 199 42 323 202 217 324 205 218 325 201 218 326 205 219 327 204 220 328 203 221 329 204 222 330 199 222 331 203 222 332 208 223 333 209 224 334 207 225 335 210 18 336 213 18 337 209 18 338 213 40 339 212 40 340 211 40 341 212 226 342 207 227 343 211 228 344 208 25 345 214 25 346 210 25 347 850 229 348 217 230 349 215 25 350 848 231 351 221 232 352 217 233 353 851 32 354 219 32 355 221 32 356 219 234 357 850 235 358 215 26 359 845 25 360 225 25 361 223 25 362 847 236 363 229 237 364 225 18 365 229 238 366 849 239 367 227 240 368 227 241 369 845 242 370 223 26 371 232 243 372 233 244 373 231 245 374 234 246 375 237 247 376 233 248 377 238 249 378 235 250 379 237 251 380 236 252 381 231 253 382 235 254 383 240 25 384 241 25 385 239 25 386 242 255 387 245 256 388 241 18 389 246 257 390 243 258 391 245 259 392 244 26 393 239 26 394 243 26 395 248 260 396 249 261 397 247 262 398 250 18 399 253 18 400 249 18 401 254 263 402 251 264 403 253 32 404 252 26 405 247 26 406 251 26 407 256 265 408 257 266 409 255 267 410 258 18 411 261 18 412 257 18 413 262 32 414 259 32 415 261 32 416 260 26 417 255 26 418 259 26 419 835 268 420 265 269 421 263 270 422 836 271 423 269 272 424 265 273 425 834 32 426 267 32 427 269 32 428 267 274 429 835 275 430 263 276 431 830 25 432 273 25 433 271 25 434 273 277 435 829 278 436 277 279 437 829 280 438 275 281 439 277 282 440 832 283 441 271 284 442 275 285 443 280 286 444 816 287 445 813 288 446 816 289 447 286 290 448 815 291 449 286 292 450 814 293 451 815 294 452 284 295 453 813 296 454 814 297 455 287 298 456 290 299 457 289 42 458 290 300 459 293 301 460 289 302 461 294 40 462 291 40 463 293 40 464 292 303 465 287 303 466 291 304 467 288 305 468 294 305 469 290 306 470 304 313 483 306 314 484 303 315 485 308 316 486 310 317 487 307 42 488 310 318 489 305 319 490 304 320 491 307 321 492 306 322 493 308 323 494 301 324 495 305 325 496 309 326 497 299 327 498 310 328 499 302 329 500 300 330 501 309 326 502 308 331 503 299 327 504 303 332 505 307 333 506 302 329 507 304 334 508 296 335 509 298 336 510 305 325 511 297 337 512 300 330 513 306 338 514 298 336 515 295 339 516 304 334 517 303 332 518 314 42 519 312 42 520 311 42 521 318 340 522 316 341 523 315 342 524 313 32 525 318 32 526 312 32 527 314 343 528 315 343 529 316 343 530 320 40 531 322 40 532 319 40 533 324 344 534 326 345 535 323 42 536 326 346 537 321 347 538 320 348 539 323 32 540 322 32 541 324 32 542 317 349 543 321 350 544 325 18 545 318 351 546 323 352 547 326 353 548 317 349 549 324 18 550 316 354 551 315 355 552 319 356 553 323 352 554 318 351 555 320 357 556 312 358 557 314 359 558 321 350 559 313 360 560 316 354 561 322 361 562 314 359 563 312 358 564 319 356 565 311 362 566 300 363 567 295 363 568 299 364 569 298 42 570 296 42 571 295 42 572 297 32 573 302 32 574 296 32 575 300 40 576 302 40 577 301 40 578 327 365 579 328 366 580 330 367 581 332 368 582 331 369 583 334 370 584 331 371 585 329 372 586 327 373 587 328 374 588 334 375 589 330 376 590 335 377 591 336 378 592 338 379 593 340 380 594 339 381 595 342 382 596 339 383 597 337 384 598 335 385 599 336 386 600 342 387 601 338 388 602 343 389 603 344 390 604 346 367 605 348 391 606 347 392 607 350 370 608 347 393 609 345 394 610 343 395 611 344 396 612 350 397 613 346 398 614 351 399 615 352 400 616 354 367 617 356 401 618 355 402 619 358 370 620 355 393 621 353 394 622 351 395 623 352 403 624 358 404 625 354 405 626 359 406 627 360 407 628 362 408 629 364 401 630 363 409 631 366 410 632 363 411 633 361 412 634 359 395 635 360 413 636 366 414 637 362 415 638 367 416 639 368 417 640 370 418 641 372 419 642 371 420 643 374 421 644 371 422 645 369 423 646 367 395 647 368 424 648 374 425 649 370 426 650 375 427 651 376 428 652 378 429 653 380 401 654 379 430 655 382 431 656 379 432 657 377 433 658 375 395 659 376 434 660 382 435 661 378 436 662 383 437 663 384 438 664 386 429 665 388 439 666 387 440 667 390 431 668 387 441 669 385 442 670 383 443 671 384 444 672 390 445 673 386 446 674 391 447 675 392 428 676 394 448 677 396 401 678 395 449 679 398 450 680 395 451 681 393 452 682 391 395 683 392 396 684 398 397 685 394 398 686 399 453 687 400 454 688 402 367 689 404 455 690 403 456 691 406 370 692 403 457 693 401 458 694 399 385 695 400 459 696 406 460 697 402 461 698 407 462 699 408 463 700 410 379 701 412 464 702 411 465 703 414 382 704 411 466 705 409 467 706 407 395 707 408 468 708 414 469 709 410 470 710 415 471 711 416 472 712 418 473 713 420 474 714 419 475 715 422 476 716 419 477 717 417 478 718 415 395 719 416 479 720 422 480 721 418 481 722 423 482 723 424 483 724 426 484 725 428 485 726 427 486 727 430 487 728 427 488 729 425 489 730 423 385 731 424 490 732 430 491 733 426 492 734 431 493 735 434 494 736 433 495 737 434 494 738 435 496 739 433 495 740 435 496 741 438 497 742 437 498 743 438 497 744 439 499 745 437 498 746 440 500 747 441 501 748 439 499 749 442 502 750 440 503 751 438 504 752 442 505 753 443 506 754 441 501 755 444 507 756 431 493 757 443 506 758 439 508 759 441 509 760 433 510 761 446 511 762 445 512 763 448 513 764 449 514 765 450 515 766 452 516 767 447 517 768 449 518 769 445 519 770 446 520 771 452 521 772 450 522 773 454 523 774 453 524 775 456 525 776 457 526 777 458 527 778 460 528 779 455 529 780 457 530 781 453 531 782 454 532 783 460 533 784 458 522 785 462 523 786 461 534 787 464 513 788 465 535 789 466 536 790 468 516 791 463 537 792 465 538 793 461 519 794 462 539 795 468 540 796 466 541 797 472 542 798 985 543 799 469 544 800 476 545 801 986 546 802 987 547 803 985 548 804 473 549 805 469 550 806 470 551 807 993 552 808 474 553 809 480 554 810 976 555 811 477 556 812 484 557 813 974 558 814 979 559 815 976 560 816 974 561 817 481 562 818 972 563 819 973 564 820 971 565 821 486 566 822 485 567 823 488 568 824 489 569 825 490 570 826 492 571 827 487 572 828 489 573 829 485 574 830 486 575 831 492 576 832 490 541 833 494 577 834 493 578 835 496 579 836 497 580 837 498 581 838 500 582 839 495 583 840 497 584 841 493 585 842 494 586 843 500 587 844 498 588 845 502 589 846 501 590 847 504 591 848 505 592 849 506 593 850 508 594 851 503 595 852 505 596 853 501 597 854 502 598 855 508 599 856 506 600 857 512 601 858 1026 602 859 509 603 860 516 604 861 1027 605 862 1029 606 863 1026 607 864 513 608 865 509 609 866 510 610 867 1040 611 868 514 612 869 520 613 870 1034 614 871 517 615 872 524 616 873 1033 617 874 1032 618 875 1034 619 876 521 620 877 517 621 878 518 622 879 1022 623 880 522 624 881 1009 625 882 1006 626 883 525 627 884 529 628 885 1008 629 886 1007 630 887 1006 631 888 529 632 889 525 633 890 1017 634 891 1015 42 892 1016 635 893 533 636 894 534 637 895 536 638 896 537 639 897 538 640 898 540 641 899 535 642 900 537 643 901 533 644 902 534 645 903 540 646 904 538 647 905 541 648 906 542 649 907 544 650 908 545 651 909 546 652 910 548 516 911 543 653 912 545 654 913 541 519 914 542 520 915 548 521 916 546 522 917 550 655 918 551 656 919 549 657 920 552 18 921 555 18 922 551 18 923 556 658 924 553 659 925 555 660 926 554 661 927 549 661 928 553 661 929 558 662 930 559 663 931 557 664 932 560 665 933 563 666 934 559 667 935 563 668 936 562 669 937 561 670 938 562 671 939 557 672 940 561 673 941 566 674 942 567 675 943 565 676 944 568 677 945 569 678 946 567 675 947 570 679 948 571 680 949 569 678 950 572 681 951 573 682 952 571 680 953 574 683 954 575 684 955 573 682 956 574 685 957 572 686 958 566 687 959 576 688 960 577 689 961 575 684 962 577 689 963 566 674 964 565 676 965 575 690 966 577 691 967 567 692 968 580 693 969 581 694 970 579 695 971 582 696 972 583 697 973 581 694 974 584 698 975 585 699 976 583 697 977 586 700 978 587 701 979 585 699 980 588 702 981 589 703 982 587 701 983 586 704 984 584 705 985 580 706 986 590 707 987 591 708 988 589 703 989 591 708 990 580 693 991 579 695 992 587 709 993 589 710 994 581 711 995 594 712 996 595 713 997 593 714 998 596 18 999 599 18 1000 595 18 1001 600 715 1002 597 716 1003 599 717 1004 598 718 1005 593 719 1006 597 661 1007 662 799 1176 663 800 1177 661 801 1178 664 802 1179 667 803 1180 663 804 1181 668 805 1182 665 806 1183 667 807 1184 666 808 1185 661 809 1186 665 809 1187 669 810 1188 672 811 1189 671 812 1190 672 811 1191 673 813 1192 671 812 1193 673 813 1194 676 814 1195 675 815 1196 676 814 1197 677 816 1198 675 815 1199 678 817 1200 679 818 1201 677 816 1202 680 819 1203 678 820 1204 676 821 1205 680 822 1206 681 823 1207 679 818 1208 682 824 1209 669 810 1210 681 823 1211 679 825 1212 681 826 1213 671 827 1214 684 828 1215 685 829 1216 683 830 1217 685 829 1218 688 831 1219 687 832 1220 688 831 1221 689 833 1222 687 832 1223 690 834 1224 691 835 1225 689 833 1226 692 836 1227 693 837 1228 691 835 1229 690 838 1230 688 839 1231 684 840 1232 694 841 1233 695 842 1234 693 837 1235 695 842 1236 684 828 1237 683 830 1238 695 843 1239 685 844 1240 689 845 1241 700 18 1242 703 18 1243 699 18 1244 703 32 1245 697 32 1246 699 32 1247 700 846 1248 702 847 1249 704 846 1250 706 42 1251 707 42 1252 705 42 1253 708 18 1254 711 18 1255 707 18 1256 712 40 1257 709 40 1258 711 40 1259 710 26 1260 705 26 1261 709 26 1262 711 32 1263 705 32 1264 707 32 1265 708 25 1266 710 25 1267 712 25 1268 713 42 1269 716 42 1270 715 42 1271 716 18 1272 719 18 1273 715 18 1274 720 848 1275 717 849 1276 719 850 1277 718 851 1278 713 852 1279 717 853 1280 719 854 1281 713 854 1282 715 855 1283 716 25 1284 718 25 1285 720 25 1286 722 42 1287 723 42 1288 721 42 1289 724 856 1290 727 857 1291 723 856 1292 727 40 1293 726 40 1294 725 40 1295 726 26 1296 721 26 1297 725 26 1298 727 32 1299 721 32 1300 723 32 1301 724 25 1302 726 25 1303 728 25 1304 729 18 1305 732 18 1306 730 18 1307 736 26 1308 734 26 1309 733 26 1310 734 42 1311 731 42 1312 729 42 1313 747 42 1314 731 42 1315 735 42 1316 736 40 1317 730 40 1318 732 40 1319 737 18 1320 740 18 1321 738 18 1322 744 26 1323 742 26 1324 741 26 1325 742 42 1326 739 42 1327 737 42 1328 746 40 1329 736 40 1330 732 40 1331 744 40 1332 738 40 1333 740 40 1334 747 25 1335 746 25 1336 745 25 1337 751 25 1338 750 25 1339 749 25 1340 748 26 1341 735 26 1342 736 26 1343 750 40 1344 744 40 1345 740 40 1346 751 42 1347 739 42 1348 743 42 1349 731 32 1350 744 32 1351 732 32 1352 749 18 1353 740 18 1354 739 18 1355 745 42 1356 743 42 1357 731 42 1358 752 25 1359 745 25 1360 746 25 1361 732 40 1362 752 40 1363 746 40 1364 753 18 1365 756 18 1366 754 18 1367 760 26 1368 758 26 1369 757 26 1370 758 42 1371 755 42 1372 753 42 1373 771 42 1374 755 42 1375 759 42 1376 760 40 1377 754 40 1378 756 40 1379 761 18 1380 764 18 1381 762 18 1382 768 26 1383 766 26 1384 765 26 1385 766 42 1386 763 42 1387 761 42 1388 770 40 1389 760 40 1390 756 40 1391 768 40 1392 762 40 1393 764 40 1394 771 25 1395 770 25 1396 769 25 1397 775 25 1398 774 25 1399 773 25 1400 772 26 1401 759 26 1402 760 26 1403 774 40 1404 768 40 1405 764 40 1406 775 42 1407 763 42 1408 767 42 1409 755 32 1410 768 32 1411 756 32 1412 773 18 1413 764 18 1414 763 18 1415 769 42 1416 767 42 1417 755 42 1418 776 25 1419 769 25 1420 770 25 1421 756 40 1422 776 40 1423 770 40 1424 777 42 1425 780 42 1426 778 42 1427 784 40 1428 782 40 1429 781 40 1430 782 26 1431 779 858 1432 777 26 1433 795 26 1434 779 858 1435 783 26 1436 784 18 1437 778 18 1438 780 859 1439 785 42 1440 788 42 1441 786 42 1442 792 40 1443 790 40 1444 789 40 1445 790 26 1446 787 26 1447 785 26 1448 794 860 1449 784 18 1450 780 859 1451 792 861 1452 786 18 1453 788 18 1454 795 25 1455 794 25 1456 793 862 1457 799 863 1458 798 25 1459 797 25 1460 796 40 1461 783 40 1462 784 40 1463 798 18 1464 792 861 1465 788 18 1466 799 864 1467 787 26 1468 791 865 1469 779 866 1470 792 867 1471 780 868 1472 797 42 1473 788 42 1474 787 42 1475 793 864 1476 791 865 1477 779 858 1478 800 869 1479 793 862 1480 794 25 1481 780 859 1482 800 870 1483 794 860 1484 802 871 1485 811 872 1486 803 873 1487 811 874 1488 804 875 1489 803 876 1490 809 877 1491 802 878 1492 801 879 1493 812 880 1494 801 881 1495 804 40 1496 808 882 1497 281 883 1498 279 884 1499 805 885 1500 285 886 1501 281 42 1502 285 887 1503 807 888 1504 283 889 1505 283 890 1506 808 891 1507 279 892 1508 814 297 1509 809 893 1510 812 880 1511 815 294 1512 812 894 1513 811 874 1514 810 895 1515 815 291 1516 811 872 1517 813 288 1518 810 896 1519 809 877 1520 801 26 1521 803 26 1522 804 26 1523 807 18 1524 805 18 1525 808 18 1526 822 897 1527 825 897 1528 821 897 1529 832 898 1530 831 898 1531 830 898 1532 826 32 1533 268 32 1534 825 32 1535 833 899 1536 836 899 1537 835 899 1538 822 42 1539 266 42 1540 270 42 1541 827 900 1542 274 901 1543 828 902 1544 817 903 1545 827 903 1546 828 903 1547 820 40 1548 276 40 1549 272 40 1550 821 904 1551 824 904 1552 822 904 1553 817 905 1554 820 905 1555 819 905 1556 824 25 1557 264 25 1558 266 25 1559 817 906 1560 828 907 1561 274 908 1562 821 909 1563 268 40 1564 264 910 1565 820 32 1566 278 32 1567 276 32 1568 841 911 1569 226 912 1570 230 913 1571 844 914 1572 216 915 1573 840 916 1574 843 25 1575 216 25 1576 218 25 1577 838 917 1578 226 918 1579 839 919 1580 837 920 1581 224 921 1582 838 26 1583 837 922 1584 230 923 1585 228 924 1586 842 925 1587 220 926 1588 844 927 1589 843 928 1590 222 929 1591 842 930 1592 838 931 1593 841 932 1594 837 933 1595 840 934 1596 842 930 1597 844 935 1598 849 936 1599 847 937 1600 845 938 1601 850 939 1602 851 940 1603 848 941 1604 857 942 1605 856 942 1606 855 942 1607 868 943 1608 865 943 1609 867 943 1610 871 944 1611 874 944 1612 872 944 1613 869 945 1614 872 945 1615 870 945 1616 855 946 1617 854 946 1618 853 946 1619 863 947 1620 870 947 1621 864 947 1622 862 948 1623 853 948 1624 854 948 1625 863 952 1629 858 952 1630 857 952 1631 860 956 1635 861 956 1636 862 956 1637 860 957 1638 867 957 1639 859 957 1640 866 958 1641 873 958 1642 865 958 1643 884 959 1644 881 959 1645 883 959 1646 916 960 1647 917 960 1648 918 960 1649 896 961 1650 903 961 1651 904 961 1652 898 962 1653 895 962 1654 896 962 1655 882 963 1656 877 963 1657 881 963 1658 908 964 1659 911 964 1660 907 964 1661 894 965 1662 897 965 1663 898 965 1664 924 966 1665 921 966 1666 922 966 1667 906 967 1668 911 967 1669 912 967 1670 884 968 1671 885 968 1672 886 968 1673 878 969 1674 875 969 1675 877 969 1676 904 972 1680 901 972 1681 902 972 1682 920 973 1683 923 973 1684 924 973 1685 918 974 1686 919 974 1687 920 974 1688 880 975 1689 875 975 1690 876 975 1691 888 976 1692 885 976 1693 887 976 1694 890 977 1695 879 977 1696 880 977 1697 892 980 1701 887 980 1702 891 980 1703 894 981 1704 891 981 1705 893 981 1706 900 982 1707 889 982 1708 890 982 1709 914 983 1710 909 983 1711 913 983 1712 922 984 1713 899 984 1714 900 984 1715 906 985 1716 901 985 1717 905 985 1718 914 986 1719 915 986 1720 916 986 1721 910 987 1722 907 987 1723 909 987 1724 928 988 1725 933 988 1726 934 988 1727 932 989 1728 925 989 1729 931 989 1730 925 990 1731 936 990 1732 935 990 1733 934 997 1740 929 997 1741 930 997 1742 930 998 1743 935 998 1744 936 998 1745 928 999 1746 931 999 1747 927 999 1748 939 1000 1749 946 1000 1750 940 1000 1751 944 1001 1752 937 1001 1753 943 1001 1754 938 1002 1755 941 1002 1756 937 1002 1757 945 1005 1761 948 1005 1762 946 1005 1763 947 1009 1767 942 1009 1768 948 1009 1769 939 1010 1770 944 1010 1771 943 1010 1772 952 1011 1773 0 1011 1774 950 1011 1775 954 1015 1779 957 1015 1780 955 1015 1781 961 1016 1782 958 1016 1783 959 1016 1784 956 1018 1788 961 1018 1789 957 1018 1790 950 1019 1791 0 1019 1792 953 1019 1793 959 1020 1794 949 1020 1795 951 1020 1796 991 1021 1797 982 1021 1798 981 1021 1799 990 1022 1800 993 1022 1801 991 1022 1802 990 1023 1803 988 1023 1804 989 1023 1805 964 1024 1806 963 1024 1807 965 1024 1808 970 1025 1809 972 1025 1810 967 1025 1811 973 1026 1812 970 1026 1813 969 1026 1814 992 1027 1815 471 1028 1816 475 1029 1817 983 1030 1818 472 1031 1819 476 1032 1820 972 1033 1821 479 1034 1822 970 1035 1823 990 1036 1824 470 1037 1825 471 1038 1826 969 1039 1827 479 1040 1828 483 1041 1829 992 1045 1833 474 1046 1834 993 1047 1835 979 1048 1836 975 1048 1837 980 1048 1838 962 26 1839 978 26 1840 963 26 1841 971 1049 1842 483 1050 1843 482 1051 1844 980 1054 1848 484 1055 1849 979 1056 1850 989 18 1851 967 18 1852 968 18 1853 981 1057 1854 978 1057 1855 977 1057 1856 984 1058 1857 986 1058 1858 983 1058 1859 1012 1064 1866 1011 1065 1867 1007 1066 1868 1040 1067 1869 1037 1067 1870 1038 1067 1871 1028 1068 1872 512 1069 1873 516 1070 1874 999 1071 1875 1000 1072 1876 531 1073 1877 1018 1074 1878 519 1075 1879 523 1076 1880 1000 1077 1881 527 1078 1882 531 1079 1883 1038 1080 1884 514 1081 1885 1040 1082 1886 1021 1083 1887 519 1084 1888 1023 1085 1889 1022 1086 1890 523 1087 1891 522 1088 1892 1031 1089 1893 524 1090 1894 1032 1091 1895 1017 1092 1896 526 1093 1897 527 1094 1898 1038 1095 1899 511 1096 1900 515 1097 1901 1037 1098 1902 510 1099 1903 511 1100 1904 1012 1104 1908 532 1105 1909 1011 1106 1910 1030 1107 1911 1027 1107 1912 1026 1107 1913 1014 1108 1914 1005 1109 1915 1013 1110 1916 1032 1111 1917 1034 1112 1918 1031 1113 1919 1003 1114 1920 1010 1115 1921 1002 1116 1922 995 1117 1923 996 1118 1924 994 1119 1925 1036 1120 1926 1035 1121 1927 1019 1122 1928 1042 1123 1929 1035 1121 1930 1036 1120 1931 1025 40 1932 1041 40 1933 1042 40 1934 999 1071 1935 1015 1124 1936 1001 1125 1937 1018 1126 1938 1021 1127 1939 1023 1128 1940 953 1129 1941 0 1129 1942 952 1129 1943 952 1130 1944 954 1130 1945 953 1130 1946 2 1 1947 4 1131 1948 3 2 1949 3 2 1950 4 1131 1951 6 4 1952 6 4 1953 8 7 1954 7 6 1955 8 7 1956 10 1132 1957 9 8 1958 9 8 1959 10 1132 1960 12 9 1961 6 11 1962 4 1133 1963 2 12 1964 2 12 1965 14 1134 1966 12 13 1967 12 13 1968 10 1135 1969 8 1136 1970 8 1136 1971 6 11 1972 12 13 1973 12 9 1974 14 1137 1975 13 14 1976 13 14 1977 14 1137 1978 2 1 1979 13 16 1980 1 1138 1981 3 17 1982 3 17 1983 5 1139 1984 11 15 1985 5 1139 1986 7 1140 1987 11 15 1988 7 1140 1989 9 1141 1990 11 15 1991 18 18 1992 17 18 1993 16 18 1994 22 19 1995 21 1142 1996 20 20 1997 17 22 1998 21 1143 1999 22 23 2000 18 25 2001 15 25 2002 19 25 2003 24 26 2004 25 26 2005 26 26 2006 28 27 2007 29 1144 2008 30 28 2009 30 29 2010 29 1145 2011 25 30 2012 27 32 2013 23 32 2014 26 32 2015 17 33 2016 25 46 2017 29 34 2018 19 36 2019 27 42 2020 30 37 2021 20 39 2022 21 35 2023 29 34 2024 15 41 2025 23 47 2026 27 42 2027 16 43 2028 22 38 2029 30 37 2030 18 45 2031 26 40 2032 25 46 2033 20 39 2034 28 40 2035 26 40 2036 16 43 2037 24 44 2038 23 47 2039 76 48 2040 172 67 2041 178 49 2042 79 50 2043 178 49 2044 175 51 2045 164 18 2052 182 18 2053 177 18 2054 48 66 2064 173 89 2065 172 67 2066 78 40 2079 58 76 2080 165 77 2081 52 88 2106 177 88 2107 173 89 2108 178 42 2112 179 42 2113 181 92 2114 56 100 2139 167 130 2140 168 40 2141 178 42 2220 172 116 2221 171 110 2222 175 93 2229 181 92 2230 180 112 2231 172 116 2235 173 42 2236 174 117 2237 173 42 2238 177 42 2239 182 42 2240 75 129 2286 170 173 2287 167 130 2288 60 18 2292 168 18 2293 164 18 2294 58 76 2295 62 75 2296 166 132 2297 54 63 2298 176 26 2299 180 26 2300 50 52 2415 175 51 2416 176 161 2417 54 63 2463 163 133 2464 166 172 2465 78 40 2466 169 40 2467 170 173 2468 184 199 2538 186 1225 2539 185 200 2540 186 18 2541 190 18 2542 189 18 2543 189 202 2544 190 1226 2545 188 203 2546 188 26 2547 184 26 2548 183 26 2549 191 205 2550 192 42 2551 194 206 2552 194 208 2553 198 1227 2554 197 209 2555 198 210 2556 196 40 2557 195 211 2558 196 213 2559 192 1228 2560 191 214 2561 200 215 2562 202 1229 2563 201 216 2564 202 217 2565 206 217 2566 205 218 2567 205 219 2568 206 1230 2569 204 220 2570 204 222 2571 200 222 2572 199 222 2573 208 223 2574 210 42 2575 209 224 2576 210 18 2577 214 18 2578 213 18 2579 213 40 2580 214 40 2581 212 40 2582 212 226 2583 208 1231 2584 207 227 2585 208 25 2586 212 25 2587 214 25 2588 850 229 2589 848 1232 2590 217 230 2591 848 231 2592 851 1233 2593 221 232 2594 851 32 2595 852 32 2596 219 32 2597 219 234 2598 852 1234 2599 850 235 2600 845 25 2601 847 25 2602 225 25 2603 847 236 2604 846 1235 2605 229 237 2606 229 238 2607 846 1236 2608 849 239 2609 227 241 2610 849 1237 2611 845 242 2612 232 243 2613 234 1238 2614 233 244 2615 234 246 2616 238 18 2617 237 247 2618 238 249 2619 236 1239 2620 235 250 2621 236 252 2622 232 26 2623 231 253 2624 240 25 2625 242 25 2626 241 25 2627 242 255 2628 246 1240 2629 245 256 2630 246 257 2631 244 1241 2632 243 258 2633 244 26 2634 240 26 2635 239 26 2636 248 260 2637 250 1242 2638 249 261 2639 250 18 2640 254 18 2641 253 18 2642 254 263 2643 252 1243 2644 251 264 2645 252 26 2646 248 26 2647 247 26 2648 256 265 2649 258 1244 2650 257 266 2651 258 18 2652 262 18 2653 261 18 2654 262 32 2655 260 32 2656 259 32 2657 260 26 2658 256 26 2659 255 26 2660 835 268 2661 836 1245 2662 265 269 2663 836 271 2664 834 42 2665 269 272 2666 834 32 2667 833 32 2668 267 32 2669 267 274 2670 833 1246 2671 835 275 2672 830 25 2673 831 25 2674 273 25 2675 273 277 2676 831 1247 2677 829 278 2678 829 280 2679 832 1248 2680 275 281 2681 832 283 2682 830 1249 2683 271 284 2684 280 286 2685 282 1250 2686 816 287 2687 816 289 2688 282 42 2689 286 290 2690 286 292 2691 284 1251 2692 814 293 2693 284 295 2694 280 1252 2695 813 296 2696 287 298 2697 288 1253 2698 290 299 2699 290 300 2700 294 1254 2701 293 301 2702 294 40 2703 292 40 2704 291 40 2705 292 303 2706 288 304 2707 287 303 2708 288 305 2709 292 306 2710 294 305 2711 304 313 2724 305 40 2725 306 314 2726 308 316 2727 309 1257 2728 310 317 2729 310 318 2730 309 1258 2731 305 319 2732 307 321 2733 303 1259 2734 306 322 2735 301 324 2736 297 337 2737 305 325 2738 299 327 2739 307 333 2740 310 328 2741 300 330 2742 301 324 2743 309 326 2744 299 327 2745 295 339 2746 303 332 2747 302 329 2748 310 328 2749 304 334 2750 298 336 2751 306 338 2752 305 325 2753 300 330 2754 308 331 2755 306 338 2756 295 339 2757 296 335 2758 304 334 2759 314 42 2760 313 42 2761 312 42 2762 318 340 2763 317 40 2764 316 341 2765 313 32 2766 317 32 2767 318 32 2768 314 343 2769 311 343 2770 315 343 2771 320 40 2772 321 40 2773 322 40 2774 324 344 2775 325 1260 2776 326 345 2777 326 346 2778 325 1261 2779 321 347 2780 323 32 2781 319 32 2782 322 32 2783 317 349 2784 313 360 2785 321 350 2786 318 351 2787 315 355 2788 323 352 2789 317 349 2790 325 18 2791 324 18 2792 315 355 2793 311 362 2794 319 356 2795 318 351 2796 326 353 2797 320 357 2798 314 359 2799 322 361 2800 321 350 2801 316 354 2802 324 18 2803 322 361 2804 312 358 2805 320 357 2806 319 356 2807 300 363 2808 298 364 2809 295 363 2810 298 42 2811 297 42 2812 296 42 2813 297 32 2814 301 32 2815 302 32 2816 300 40 2817 299 40 2818 302 40 2819 327 365 2820 329 1262 2821 328 366 2822 332 368 2823 333 1263 2824 331 369 2825 331 371 2826 333 1264 2827 329 372 2828 328 374 2829 332 1265 2830 334 375 2831 335 377 2832 337 1266 2833 336 378 2834 340 380 2835 341 1267 2836 339 381 2837 339 383 2838 341 1268 2839 337 384 2840 336 386 2841 340 1265 2842 342 387 2843 343 389 2844 345 1269 2845 344 390 2846 348 391 2847 349 1270 2848 347 392 2849 347 393 2850 349 1271 2851 345 394 2852 344 396 2853 348 1272 2854 350 397 2855 351 399 2856 353 1273 2857 352 400 2858 356 401 2859 357 1274 2860 355 402 2861 355 393 2862 357 1271 2863 353 394 2864 352 403 2865 356 1272 2866 358 404 2867 359 406 2868 361 1275 2869 360 407 2870 364 401 2871 365 1274 2872 363 409 2873 363 411 2874 365 1276 2875 361 412 2876 360 413 2877 364 1265 2878 366 414 2879 367 416 2880 369 1277 2881 368 417 2882 372 419 2883 373 1278 2884 371 420 2885 371 422 2886 373 1279 2887 369 423 2888 368 424 2889 372 1272 2890 374 425 2891 375 427 2892 377 1280 2893 376 428 2894 380 401 2895 381 1274 2896 379 430 2897 379 432 2898 381 1281 2899 377 433 2900 376 434 2901 380 1282 2902 382 435 2903 383 437 2904 385 1283 2905 384 438 2906 388 439 2907 389 1284 2908 387 440 2909 387 441 2910 389 1285 2911 385 442 2912 384 444 2913 388 1286 2914 390 445 2915 391 447 2916 393 1287 2917 392 428 2918 396 401 2919 397 1274 2920 395 449 2921 395 451 2922 397 1288 2923 393 452 2924 392 396 2925 396 1272 2926 398 397 2927 399 453 2928 401 1289 2929 400 454 2930 404 455 2931 405 1290 2932 403 456 2933 403 457 2934 405 1291 2935 401 458 2936 400 459 2937 404 1272 2938 406 460 2939 407 462 2940 409 1292 2941 408 463 2942 412 464 2943 413 1293 2944 411 465 2945 411 466 2946 413 1268 2947 409 467 2948 408 468 2949 412 1265 2950 414 469 2951 415 471 2952 417 1294 2953 416 472 2954 420 474 2955 421 1295 2956 419 475 2957 419 477 2958 421 1296 2959 417 478 2960 416 479 2961 420 1272 2962 422 480 2963 423 482 2964 425 1297 2965 424 483 2966 428 485 2967 429 1298 2968 427 486 2969 427 488 2970 429 1299 2971 425 489 2972 424 490 2973 428 1265 2974 430 491 2975 431 493 2976 432 1300 2977 434 494 2978 434 494 2979 436 1301 2980 435 496 2981 435 496 2982 436 1301 2983 438 497 2984 438 497 2985 440 500 2986 439 499 2987 440 500 2988 442 505 2989 441 501 2990 436 1302 2991 434 1303 2992 438 504 2993 434 1303 2994 432 1304 2995 438 504 2996 432 1304 2997 444 1305 2998 438 504 2999 444 1305 3000 442 502 3001 438 504 3002 442 505 3003 444 507 3004 443 506 3005 444 507 3006 432 1300 3007 431 493 3008 443 1306 3009 431 1307 3010 441 509 3011 431 1307 3012 433 510 3013 441 509 3014 433 510 3015 435 1308 3016 437 1309 3017 437 1309 3018 439 508 3019 433 510 3020 446 511 3021 447 1310 3022 445 512 3023 449 514 3024 451 1311 3025 450 515 3026 447 517 3027 451 1312 3028 449 518 3029 446 520 3030 448 1313 3031 452 521 3032 454 523 3033 455 1314 3034 453 524 3035 457 526 3036 459 1315 3037 458 527 3038 455 529 3039 459 1316 3040 457 530 3041 454 532 3042 456 1317 3043 460 533 3044 462 523 3045 463 1314 3046 461 534 3047 465 535 3048 467 1318 3049 466 536 3050 463 537 3051 467 1319 3052 465 538 3053 462 539 3054 464 1320 3055 468 540 3056 472 542 3057 983 1321 3058 985 543 3059 476 545 3060 473 1322 3061 986 546 3062 985 548 3063 986 1323 3064 473 549 3065 470 551 3066 991 1324 3067 993 552 3068 480 554 3069 980 1325 3070 976 555 3071 484 557 3072 481 1326 3073 974 558 3074 481 562 3075 477 1327 3076 976 560 3077 976 560 3078 975 1328 3079 974 561 3080 482 1329 3081 478 1330 3082 971 565 3083 478 1330 3084 972 563 3085 971 565 3086 486 566 3087 487 1331 3088 485 567 3089 489 569 3090 491 1332 3091 490 570 3092 487 572 3093 491 1319 3094 489 573 3095 486 575 3096 488 1333 3097 492 576 3098 494 577 3099 495 1334 3100 493 578 3101 497 580 3102 499 1335 3103 498 581 3104 495 583 3105 499 1336 3106 497 584 3107 494 586 3108 496 1337 3109 500 587 3110 502 589 3111 503 1338 3112 501 590 3113 505 592 3114 507 1339 3115 506 593 3116 503 595 3117 507 1319 3118 505 596 3119 502 598 3120 504 1340 3121 508 599 3122 512 601 3123 1028 1341 3124 1026 602 3125 516 604 3126 513 1342 3127 1027 605 3128 1026 607 3129 1027 1343 3130 513 608 3131 510 610 3132 1039 1344 3133 1040 611 3134 520 613 3135 1031 1345 3136 1034 614 3137 524 616 3138 521 1346 3139 1033 617 3140 1034 619 3141 1033 1347 3142 521 620 3143 518 622 3144 1021 1348 3145 1022 623 3146 525 627 3147 528 1349 3148 1009 625 3149 528 1349 3150 1012 1350 3151 1009 625 3152 1011 1351 3153 532 1352 3154 1007 630 3155 532 1352 3156 529 628 3157 1007 630 3158 1006 631 3159 1008 1353 3160 529 632 3161 530 1354 3162 526 1355 3163 1016 635 3164 526 1355 3165 1017 634 3166 1016 635 3167 533 636 3168 535 1356 3169 534 637 3170 537 639 3171 539 1357 3172 538 640 3173 535 642 3174 539 1319 3175 537 643 3176 534 645 3177 536 1358 3178 540 646 3179 541 648 3180 543 1359 3181 542 649 3182 545 651 3183 547 1360 3184 546 652 3185 543 653 3186 547 1316 3187 545 654 3188 542 520 3189 544 1313 3190 548 521 3191 550 655 3192 552 1361 3193 551 656 3194 552 18 3195 556 18 3196 555 18 3197 556 658 3198 554 670 3199 553 659 3200 554 661 3201 550 661 3202 549 661 3203 558 662 3204 560 42 3205 559 663 3206 560 665 3207 564 18 3208 563 666 3209 563 668 3210 564 40 3211 562 669 3212 562 671 3213 558 26 3214 557 672 3215 566 674 3216 568 677 3217 567 675 3218 568 677 3219 570 679 3220 569 678 3221 570 679 3222 572 681 3223 571 680 3224 572 681 3225 574 683 3226 573 682 3227 574 683 3228 576 688 3229 575 684 3230 570 1362 3231 568 1363 3232 572 686 3233 568 1363 3234 566 687 3235 572 686 3236 566 687 3237 578 1364 3238 576 1365 3239 576 1365 3240 574 685 3241 566 687 3242 576 688 3243 578 1366 3244 577 689 3245 577 689 3246 578 1366 3247 566 674 3248 577 691 3249 565 1367 3250 567 692 3251 567 692 3252 569 1368 3253 571 1369 3254 571 1369 3255 573 1370 3256 567 692 3257 573 1370 3258 575 690 3259 567 692 3260 580 693 3261 582 696 3262 581 694 3263 582 696 3264 584 698 3265 583 697 3266 584 698 3267 586 700 3268 585 699 3269 586 700 3270 588 702 3271 587 701 3272 588 702 3273 590 707 3274 589 703 3275 584 705 3276 582 1371 3277 580 706 3278 580 706 3279 592 1372 3280 590 1373 3281 590 1373 3282 588 1374 3283 580 706 3284 588 1374 3285 586 704 3286 580 706 3287 590 707 3288 592 1375 3289 591 708 3290 591 708 3291 592 1375 3292 580 693 3293 591 1376 3294 579 1377 3295 589 710 3296 579 1377 3297 581 711 3298 589 710 3299 581 711 3300 583 1378 3301 585 1379 3302 585 1379 3303 587 709 3304 581 711 3305 594 712 3306 596 1380 3307 595 713 3308 596 18 3309 600 18 3310 599 18 3311 600 715 3312 598 1381 3313 597 716 3314 598 718 3315 594 1382 3316 593 719 3317 662 799 3549 664 42 3550 663 800 3551 664 802 3552 668 802 3553 667 803 3554 668 805 3555 666 40 3556 665 806 3557 666 808 3558 662 1406 3559 661 809 3560 669 810 3561 670 1407 3562 672 811 3563 672 811 3564 674 1408 3565 673 813 3566 673 813 3567 674 1408 3568 676 814 3569 676 814 3570 678 817 3571 677 816 3572 678 817 3573 680 822 3574 679 818 3575 674 1409 3576 672 1410 3577 676 821 3578 672 1410 3579 670 1411 3580 676 821 3581 670 1411 3582 682 1412 3583 676 821 3584 682 1412 3585 680 819 3586 676 821 3587 680 822 3588 682 824 3589 681 823 3590 682 824 3591 670 1407 3592 669 810 3593 681 826 3594 669 1413 3595 671 827 3596 671 827 3597 673 1414 3598 675 1415 3599 675 1415 3600 677 1416 3601 671 827 3602 677 1416 3603 679 825 3604 671 827 3605 684 828 3606 686 1417 3607 685 829 3608 685 829 3609 686 1417 3610 688 831 3611 688 831 3612 690 834 3613 689 833 3614 690 834 3615 692 836 3616 691 835 3617 692 836 3618 694 841 3619 693 837 3620 688 839 3621 686 1418 3622 684 840 3623 684 840 3624 696 1419 3625 690 838 3626 696 1419 3627 694 1420 3628 690 838 3629 694 1420 3630 692 1421 3631 690 838 3632 694 841 3633 696 1422 3634 695 842 3635 695 842 3636 696 1422 3637 684 828 3638 695 843 3639 683 1423 3640 685 844 3641 685 844 3642 687 1424 3643 689 845 3644 689 845 3645 691 1425 3646 693 1426 3647 693 1426 3648 695 843 3649 689 845 3650 700 18 3651 704 18 3652 703 18 3653 703 32 3654 701 32 3655 697 32 3656 700 846 3657 698 1427 3658 702 847 3659 706 42 3660 708 42 3661 707 42 3662 708 18 3663 712 18 3664 711 18 3665 712 40 3666 710 40 3667 709 40 3668 710 26 3669 706 26 3670 705 26 3671 711 32 3672 709 32 3673 705 32 3674 708 25 3675 706 25 3676 710 25 3677 713 42 3678 714 42 3679 716 42 3680 716 18 3681 720 18 3682 719 18 3683 720 848 3684 718 40 3685 717 849 3686 718 851 3687 714 26 3688 713 852 3689 719 854 3690 717 855 3691 713 854 3692 716 25 3693 714 25 3694 718 25 3695 722 42 3696 724 42 3697 723 42 3698 724 856 3699 728 857 3700 727 857 3701 727 40 3702 728 40 3703 726 40 3704 726 26 3705 722 26 3706 721 26 3707 727 32 3708 725 32 3709 721 32 3710 724 25 3711 722 25 3712 726 25 3713 729 18 3714 731 18 3715 732 18 3716 736 26 3717 735 26 3718 734 26 3719 734 42 3720 735 42 3721 731 42 3722 747 42 3723 745 42 3724 731 42 3725 736 40 3726 733 40 3727 730 40 3728 737 18 3729 739 18 3730 740 18 3731 744 26 3732 743 26 3733 742 26 3734 742 42 3735 743 42 3736 739 42 3737 746 40 3738 748 40 3739 736 40 3740 744 40 3741 741 40 3742 738 40 3743 747 25 3744 748 25 3745 746 25 3746 751 25 3747 752 25 3748 750 25 3749 748 26 3750 747 26 3751 735 26 3752 750 40 3753 752 40 3754 744 40 3755 751 42 3756 749 42 3757 739 42 3758 731 32 3759 743 32 3760 744 32 3761 749 18 3762 750 18 3763 740 18 3764 745 42 3765 751 42 3766 743 42 3767 752 25 3768 751 25 3769 745 25 3770 732 40 3771 744 40 3772 752 40 3773 753 18 3774 755 18 3775 756 18 3776 760 26 3777 759 26 3778 758 26 3779 758 42 3780 759 42 3781 755 42 3782 771 42 3783 769 42 3784 755 42 3785 760 40 3786 757 40 3787 754 40 3788 761 18 3789 763 18 3790 764 18 3791 768 26 3792 767 26 3793 766 26 3794 766 42 3795 767 42 3796 763 42 3797 770 40 3798 772 40 3799 760 40 3800 768 40 3801 765 40 3802 762 40 3803 771 25 3804 772 25 3805 770 25 3806 775 25 3807 776 25 3808 774 25 3809 772 26 3810 771 26 3811 759 26 3812 774 40 3813 776 40 3814 768 40 3815 775 42 3816 773 42 3817 763 42 3818 755 32 3819 767 32 3820 768 32 3821 773 18 3822 774 18 3823 764 18 3824 769 42 3825 775 42 3826 767 42 3827 776 25 3828 775 25 3829 769 25 3830 756 40 3831 768 40 3832 776 40 3833 777 42 3834 779 42 3835 780 42 3836 784 40 3837 783 40 3838 782 40 3839 782 26 3840 783 26 3841 779 858 3842 795 26 3843 793 864 3844 779 858 3845 784 18 3846 781 18 3847 778 18 3848 785 42 3849 787 42 3850 788 42 3851 792 40 3852 791 40 3853 790 40 3854 790 26 3855 791 865 3856 787 26 3857 794 860 3858 796 18 3859 784 18 3860 792 861 3861 789 18 3862 786 18 3863 795 25 3864 796 25 3865 794 25 3866 799 863 3867 800 869 3868 798 25 3869 796 40 3870 795 40 3871 783 40 3872 798 18 3873 800 870 3874 792 861 3875 799 864 3876 797 26 3877 787 26 3878 779 866 3879 791 1428 3880 792 867 3881 797 42 3882 798 42 3883 788 42 3884 793 864 3885 799 864 3886 791 865 3887 800 869 3888 799 863 3889 793 862 3890 780 859 3891 792 861 3892 800 870 3893 802 871 3894 810 895 3895 811 872 3896 811 874 3897 812 894 3898 804 875 3899 809 877 3900 810 896 3901 802 878 3902 812 880 3903 809 893 3904 801 881 3905 808 882 3906 805 1429 3907 281 883 3908 805 885 3909 806 1430 3910 285 886 3911 285 887 3912 806 1431 3913 807 888 3914 283 890 3915 807 1432 3916 808 891 3917 814 297 3918 813 296 3919 809 893 3920 815 294 3921 814 293 3922 812 894 3923 810 895 3924 816 289 3925 815 291 3926 813 288 3927 816 287 3928 810 896 3929 801 26 3930 802 26 3931 803 26 3932 807 18 3933 806 18 3934 805 18 3935 822 1433 3936 826 1433 3937 825 1433 3938 832 1434 3939 829 1434 3940 831 1434 3941 826 32 3942 270 32 3943 268 32 3944 833 1435 3945 834 1435 3946 836 1435 3947 270 42 3948 826 42 3949 822 42 3950 822 42 3951 824 42 3952 266 42 3953 827 900 3954 272 1436 3955 274 901 3956 817 1437 3957 819 1437 3958 827 1437 3959 272 40 3960 827 40 3961 819 40 3962 819 40 3963 820 40 3964 272 40 3965 821 1438 3966 823 1438 3967 824 1438 3968 817 1439 3969 818 1439 3970 820 1439 3971 824 25 3972 823 25 3973 264 25 3974 278 1440 3975 818 1441 3976 274 908 3977 818 1441 3978 817 906 3979 274 908 3980 264 910 3981 823 1442 3982 821 909 3983 821 909 3984 825 40 3985 268 40 3986 820 32 3987 818 32 3988 278 32 3989 841 911 3990 839 1443 3991 226 912 3992 844 914 3993 220 26 3994 216 915 3995 843 25 3996 840 25 3997 216 25 3998 838 917 3999 224 1444 4000 226 918 4001 837 920 4002 228 1445 4003 224 921 4004 837 922 4005 841 1446 4006 230 923 4007 842 925 4008 222 1447 4009 220 926 4010 843 928 4011 218 1448 4012 222 929 4013 838 931 4014 839 1449 4015 841 932 4016 840 934 4017 843 928 4018 842 930 4019 849 936 4020 846 1450 4021 847 937 4022 850 939 4023 852 1451 4024 851 940 4025 857 1452 4026 858 1452 4027 856 1452 4028 868 1453 4029 866 1453 4030 865 1453 4031 871 1454 4032 873 1454 4033 874 1454 4034 869 1455 4035 871 1455 4036 872 1455 4037 855 1456 4038 856 1456 4039 854 1456 4040 863 1457 4041 869 1457 4042 870 1457 4043 862 1458 4044 861 1458 4045 853 1458 4046 863 1462 4062 864 1462 4063 858 1462 4064 860 1467 4089 859 1467 4090 861 1467 4091 860 1468 4092 868 1468 4093 867 1468 4094 866 1469 4095 874 1469 4096 873 1469 4097 884 1470 4098 882 1470 4099 881 1470 4100 916 1471 4101 915 1471 4102 917 1471 4103 896 1472 4104 895 1472 4105 903 1472 4106 898 1473 4107 897 1473 4108 895 1473 4109 882 1474 4110 878 1474 4111 877 1474 4112 908 1475 4113 912 1475 4114 911 1475 4115 894 1476 4116 893 1476 4117 897 1476 4118 924 1477 4119 923 1477 4120 921 1477 4121 906 1478 4122 905 1478 4123 911 1478 4124 884 1479 4125 883 1479 4126 885 1479 4127 878 1480 4128 876 1480 4129 875 1480 4130 904 1488 4194 903 1488 4195 901 1488 4196 920 1489 4197 919 1489 4198 923 1489 4199 918 1490 4200 917 1490 4201 919 1490 4202 880 1491 4203 879 1491 4204 875 1491 4205 888 1492 4206 886 1492 4207 885 1492 4208 890 1493 4209 889 1493 4210 879 1493 4211 892 1497 4239 888 1497 4240 887 1497 4241 894 1498 4242 892 1498 4243 891 1498 4244 900 1499 4245 899 1499 4246 889 1499 4247 914 983 4248 910 983 4249 909 983 4250 922 1500 4251 921 1500 4252 899 1500 4253 906 985 4254 902 985 4255 901 985 4256 914 1501 4257 913 1501 4258 915 1501 4259 910 1502 4260 908 1502 4261 907 1502 4262 928 1503 4263 927 1503 4264 933 1503 4265 932 1504 4266 926 1504 4267 925 1504 4268 925 1505 4269 926 1505 4270 936 1505 4271 934 1512 4308 933 1512 4309 929 1512 4310 930 1513 4311 929 1513 4312 935 1513 4313 928 1514 4314 932 1514 4315 931 1514 4316 939 1515 4317 945 1515 4318 946 1515 4319 944 1516 4320 938 1516 4321 937 1516 4322 938 1517 4323 942 1517 4324 941 1517 4325 945 1522 4353 947 1522 4354 948 1522 4355 947 1523 4365 941 1523 4366 942 1523 4367 939 1524 4368 940 1524 4369 944 1524 4370 950 1525 4371 951 1525 4372 952 1525 4373 951 1526 4374 949 1526 4375 952 1526 4376 954 1531 4401 956 1531 4402 957 1531 4403 961 1532 4404 960 1532 4405 958 1532 4406 956 1533 4419 960 1533 4420 961 1533 4421 959 1534 4422 958 1534 4423 949 1534 4424 981 1535 4425 988 1535 4426 991 1535 4427 988 1536 4428 990 1536 4429 991 1536 4430 991 1537 4431 993 1537 4432 982 1537 4433 990 1538 4434 992 1538 4435 993 1538 4436 989 1539 4437 982 1539 4438 993 1539 4439 989 1540 4440 993 1540 4441 990 1540 4442 964 1541 4443 962 1541 4444 963 1541 4445 967 1542 4446 964 1542 4447 970 1542 4448 964 1543 4449 965 1543 4450 966 1543 4451 970 1544 4452 964 1544 4453 966 1544 4454 972 1545 4455 973 1545 4456 967 1545 4457 969 1546 4458 971 1546 4459 973 1546 4460 973 1547 4461 972 1547 4462 970 1547 4463 992 1027 4464 990 1548 4465 471 1028 4466 476 1032 4467 987 1549 4468 983 1030 4469 987 1549 4470 984 1550 4471 983 1030 4472 972 1033 4473 478 1551 4474 479 1034 4475 990 1036 4476 991 1552 4477 470 1037 4478 969 1039 4479 970 1553 4480 479 1040 4481 992 1045 4503 475 1559 4504 474 1046 4505 974 1560 4506 975 1560 4507 979 1560 4508 975 1561 4509 976 1561 4510 980 1561 4511 962 26 4512 977 26 4513 978 26 4514 971 1049 4515 969 1562 4516 483 1050 4517 980 1054 4530 480 1563 4531 484 1055 4532 989 18 4533 988 18 4534 967 18 4535 981 1564 4536 982 1564 4537 978 1564 4538 987 1565 4539 986 1565 4540 984 1565 4541 986 1566 4542 985 1566 4543 983 1566 4544 1007 1066 4569 1008 1571 4570 1009 1572 4571 1008 1571 4572 1006 1573 4573 1009 1572 4574 1009 1572 4575 1012 1064 4576 1007 1066 4577 1040 1574 4578 1039 1574 4579 1037 1574 4580 516 1070 4581 1029 1575 4582 1028 1068 4583 1029 1575 4584 1030 1576 4585 1028 1068 4586 530 1577 4587 1016 1578 4588 531 1073 4589 1016 1578 4590 999 1071 4591 531 1073 4592 1018 1074 4593 1023 1579 4594 519 1075 4595 1000 1077 4596 998 1580 4597 527 1078 4598 1038 1080 4599 515 1581 4600 514 1081 4601 1021 1083 4602 518 1582 4603 519 1084 4604 1022 1086 4605 1018 1583 4606 523 1087 4607 1031 1089 4608 520 1584 4609 524 1090 4610 527 1094 4611 998 1585 4612 1001 1586 4613 1001 1586 4614 1017 1092 4615 527 1094 4616 1038 1095 4617 1037 1587 4618 511 1096 4619 1037 1098 4620 1039 1588 4621 510 1099 4622 1012 1104 4638 528 1593 4639 532 1105 4640 1026 1594 4641 1028 1594 4642 1030 1594 4643 1030 1595 4644 1029 1595 4645 1027 1595 4646 1005 1109 4647 1004 1596 4648 1013 1110 4649 1013 1110 4650 1024 1597 4651 1014 1108 4652 1024 1597 4653 1025 1598 4654 1014 1108 4655 1032 1111 4656 1033 1599 4657 1034 1112 4658 1002 1600 4659 1004 1596 4660 1005 1109 4661 1003 1114 4662 995 1117 4663 994 1119 4664 1002 1600 4665 1005 1109 4666 1003 1601 4667 1003 1114 4668 994 1119 4669 1010 1115 4670 995 1117 4671 997 1602 4672 996 1118 4673 1019 1122 4674 996 1118 4675 997 1602 4676 997 1602 4677 1020 1603 4678 1019 1122 4679 1020 1603 4680 1036 1120 4681 1019 1122 4682 1042 1123 4683 1041 1123 4684 1035 1121 4685 1025 40 4686 1024 40 4687 1041 40 4688 998 1604 4689 1000 1072 4690 1001 1125 4691 1000 1072 4692 999 1071 4693 1001 1125 4694 999 1071 4695 1016 1578 4696 1015 1124 4697 1015 1124 4698 1017 1605 4699 1001 1125 4700 1018 1126 4701 1022 1606 4702 1021 1127 4703</p>
        </triangles>
        <triangles material="Material_001-material" count="325">
          <input semantic="VERTEX" source="#Cylinder-mesh-vertices" offset="0"/>
          <input semantic="NORMAL" source="#Cylinder-mesh-normals" offset="1"/>
          <input semantic="TEXCOORD" source="#Cylinder-mesh-map-0" offset="2" set="0"/>
          <p>41 18 84 43 53 85 42 18 86 45 54 87 39 55 88 46 56 89 34 57 93 42 58 94 33 59 95 32 60 96 39 61 97 40 62 98 54 63 99 61 64 100 53 65 101 102 68 105 50 68 106 101 68 107 103 69 108 53 65 109 104 70 110 55 71 111 60 72 112 59 73 113 57 74 114 62 75 115 58 76 116 51 78 120 60 18 121 52 18 122 79 79 123 49 80 124 80 81 125 38 82 126 942 83 127 66 84 128 927 85 129 931 86 130 63 87 131 65 90 135 67 91 136 63 87 137 87 94 141 74 95 142 84 96 143 48 97 144 76 98 145 900 99 146 893 101 150 887 102 151 55 71 152 147 103 153 80 81 154 49 80 155 64 104 156 85 105 157 86 106 158 69 107 159 82 108 160 81 109 161 85 105 165 87 111 166 86 106 167 86 25 168 84 96 169 82 25 170 95 113 174 92 114 175 89 115 176 867 118 183 865 119 184 95 113 185 864 120 186 870 121 187 96 122 188 153 123 189 100 124 190 154 125 191 74 126 192 97 127 193 71 128 194 98 131 198 104 70 199 100 124 200 32 60 210 117 134 211 31 135 212 111 136 213 109 137 214 113 138 215 116 139 216 114 140 217 112 141 218 36 142 219 118 143 220 119 144 221 121 145 222 123 146 223 122 40 224 126 147 225 128 148 226 127 149 227 126 150 228 122 150 229 125 150 230 128 151 231 124 151 232 127 151 233 68 152 234 127 153 235 124 154 236 52 18 237 67 91 238 126 155 239 125 26 240 122 156 241 70 157 242 128 158 243 69 159 244 123 160 245 135 163 249 132 164 250 82 165 251 90 166 252 84 167 253 136 168 254 93 169 255 102 170 256 140 171 257 139 174 264 144 175 265 99 176 266 36 177 267 72 178 268 35 177 269 46 56 270 152 179 271 45 54 272 151 26 273 154 125 274 152 179 275 158 180 276 156 181 277 155 182 278 158 183 279 159 184 280 157 185 281 162 186 282 156 187 283 161 188 284 84 189 285 74 190 286 157 191 287 158 192 288 155 193 289 73 194 290 148 195 291 84 196 292 82 108 293 87 197 294 150 198 295 86 106 296 118 307 471 120 308 472 119 309 473 115 32 474 119 32 475 120 32 476 113 26 477 116 26 478 115 26 479 117 310 480 114 311 481 113 312 482 650 777 1143 1014 778 1144 963 779 1145 959 780 1146 651 781 1147 650 777 1148 93 949 1626 860 950 1627 80 951 1628 857 953 1632 76 954 1633 94 955 1634 896 970 1677 902 42 1678 47 971 1679 923 978 1698 917 979 1699 75 129 1700 64 991 1734 928 992 1735 37 993 1736 945 994 1737 939 995 1738 933 996 1739 37 993 1758 934 1003 1759 946 1004 1760 941 1006 1764 947 1007 1765 44 1008 1766 953 1012 1776 955 1013 1777 656 1014 1778 968 1042 1830 966 1043 1831 654 1044 1832 968 1059 1860 973 1060 1861 966 1061 1862 1036 1101 1905 1020 1102 1906 655 1103 1907 41 18 2046 44 1008 2047 43 53 2048 45 54 2049 40 1146 2050 39 55 2051 34 57 2055 41 1147 2056 42 58 2057 32 60 2058 31 135 2059 39 61 2060 54 63 2061 62 26 2062 61 64 2063 102 68 2067 49 68 2068 50 68 2069 103 69 2070 54 63 2071 53 65 2072 55 71 2073 56 100 2074 60 72 2075 57 74 2076 61 40 2077 62 75 2078 51 78 2082 59 18 2083 60 18 2084 79 79 2085 50 42 2086 49 80 2087 38 82 2088 946 1004 2089 948 1148 2090 942 83 2091 938 1149 2092 66 84 2093 38 82 2094 948 1148 2095 942 83 2096 43 53 2097 933 996 2098 927 85 2099 931 86 2100 925 1150 2101 63 87 2102 43 53 2103 927 85 2104 63 87 2105 65 90 2109 68 152 2110 67 91 2111 87 94 2115 73 95 2116 74 95 2117 76 98 2118 918 1151 2119 924 1152 2120 918 1151 2121 920 1153 2122 924 1152 2123 880 42 2124 876 1154 2125 48 97 2126 900 99 2127 890 1155 2128 48 97 2129 890 1155 2130 880 42 2131 48 97 2132 76 98 2133 924 1152 2134 922 1156 2135 76 98 2136 922 1156 2137 900 99 2138 55 71 2142 149 1157 2143 909 1158 2144 149 1157 2145 57 74 2146 913 1159 2147 55 71 2148 909 1158 2149 911 1160 2150 57 74 2151 58 76 2152 917 979 2153 917 979 2154 915 1161 2155 913 1159 2156 909 1158 2157 907 40 2158 911 1160 2159 57 74 2160 917 979 2161 913 1159 2162 913 1159 2163 909 1158 2164 149 1157 2165 875 40 2166 56 100 2167 881 1162 2168 56 100 2169 55 71 2170 881 1162 2171 881 1162 2172 877 40 2173 875 40 2174 885 1163 2175 883 1164 2176 881 1162 2177 893 101 2178 891 1165 2179 887 102 2180 895 1166 2181 897 40 2182 893 101 2183 901 1167 2184 903 40 2185 895 1166 2186 911 1160 2187 905 40 2188 901 1167 2189 885 1163 2190 881 1162 2191 55 71 2192 901 1167 2193 895 1166 2194 55 71 2195 895 1166 2196 893 101 2197 55 71 2198 55 71 2199 911 1160 2200 901 1167 2201 887 102 2202 885 1163 2203 55 71 2204 147 103 2205 77 1168 2206 80 81 2207 150 198 2208 66 1169 2209 86 106 2210 66 1169 2211 64 104 2212 86 106 2213 81 109 2214 70 1170 2215 69 107 2216 69 107 2217 148 195 2218 82 108 2219 85 105 2223 88 1171 2224 87 111 2225 86 25 2226 87 94 2227 84 96 2228 95 113 2232 94 955 2233 92 114 2234 77 1172 2241 853 1173 2242 861 1174 2243 77 1172 2244 861 1174 2245 859 1175 2246 865 119 2247 873 1176 2248 95 113 2249 77 1172 2250 859 1175 2251 95 113 2252 859 1175 2253 867 118 2254 95 113 2255 79 1177 2256 80 951 2257 854 1178 2258 79 1177 2259 854 1178 2260 856 1179 2261 874 1180 2262 93 949 2263 96 122 2264 872 1181 2265 874 1180 2266 96 122 2267 79 1177 2268 856 1179 2269 858 1182 2270 79 1177 2271 858 1182 2272 96 122 2273 858 1182 2274 864 120 2275 96 122 2276 870 121 2277 872 1181 2278 96 122 2279 153 123 2280 98 131 2281 100 124 2282 74 126 2283 99 18 2284 97 127 2285 98 131 2289 103 69 2290 104 70 2291 32 60 2301 120 1183 2302 117 134 2303 115 1184 2304 120 1183 2305 145 1185 2306 120 1183 2307 32 60 2308 145 1185 2309 145 1185 2310 34 57 2311 111 136 2312 115 1184 2313 145 1185 2314 111 136 2315 34 57 2316 33 59 2317 106 1186 2318 33 59 2319 105 42 2320 106 1186 2321 31 135 2322 117 134 2323 109 137 2324 117 134 2325 113 138 2326 109 137 2327 34 57 2328 106 1186 2329 111 136 2330 113 138 2331 115 1184 2332 111 136 2333 108 1187 2334 107 1188 2335 37 1189 2336 38 40 2337 146 1190 2338 112 141 2339 146 1190 2340 36 142 2341 119 144 2342 116 139 2343 146 1190 2344 119 144 2345 114 140 2346 118 143 2347 110 1191 2348 118 143 2349 35 1192 2350 110 1191 2351 146 1190 2352 116 139 2353 112 141 2354 108 1187 2355 37 1189 2356 38 40 2357 114 140 2358 110 1191 2359 112 141 2360 112 141 2361 108 1187 2362 38 40 2363 36 142 2364 35 1192 2365 118 143 2366 121 145 2367 124 1193 2368 123 146 2369 126 147 2370 125 42 2371 128 148 2372 126 150 2373 121 150 2374 122 150 2375 128 151 2376 123 151 2377 124 151 2378 68 152 2379 51 78 2380 127 153 2381 127 153 2382 51 78 2383 126 155 2384 51 78 2385 52 18 2386 126 155 2387 67 91 2388 68 152 2389 121 1194 2390 68 152 2391 124 154 2392 121 1194 2393 67 91 2394 121 1194 2395 126 155 2396 122 156 2397 123 160 2398 69 159 2399 48 26 2400 47 26 2401 125 26 2402 47 26 2403 128 158 2404 125 26 2405 122 156 2406 69 159 2407 70 157 2408 48 26 2409 125 26 2410 70 157 2411 128 158 2412 47 26 2413 69 159 2414 130 1195 2418 81 1196 2419 132 164 2420 81 1196 2421 82 165 2422 132 164 2423 89 115 2424 92 114 2425 135 163 2426 92 114 2427 134 1197 2428 135 163 2429 89 115 2430 135 163 2431 82 165 2432 136 168 2433 133 1198 2434 91 1199 2435 84 167 2436 83 1200 2437 131 1201 2438 83 1200 2439 129 1202 2440 131 1201 2441 136 168 2442 91 1199 2443 90 166 2444 84 167 2445 131 1201 2446 136 168 2447 137 1203 2448 96 1204 2449 140 171 2450 96 1204 2451 93 169 2452 140 171 2453 102 170 2454 101 1205 2455 143 1206 2456 101 1205 2457 142 1207 2458 143 1206 2459 102 170 2460 143 1206 2461 140 171 2462 141 1208 2469 97 1209 2470 144 175 2471 97 1209 2472 99 176 2473 144 175 2474 90 1210 2475 91 1211 2476 139 174 2477 91 1211 2478 138 1212 2479 139 174 2480 90 1210 2481 139 174 2482 99 176 2483 36 177 2484 73 178 2485 72 178 2486 46 56 2487 151 26 2488 152 179 2489 151 26 2490 153 123 2491 154 125 2492 158 180 2493 157 32 2494 156 181 2495 158 183 2496 160 1213 2497 159 184 2498 162 186 2499 155 1214 2500 156 187 2501 157 191 2502 159 1215 2503 83 1216 2504 74 190 2505 71 1217 2506 156 1218 2507 71 1217 2508 161 1219 2509 156 1218 2510 157 191 2511 83 1216 2512 84 189 2513 74 190 2514 156 1218 2515 157 191 2516 155 193 2517 162 1220 2518 72 1221 2519 87 111 2520 88 1171 2521 158 192 2522 88 1171 2523 160 1222 2524 158 192 2525 155 193 2526 72 1221 2527 73 194 2528 87 111 2529 158 192 2530 73 194 2531 148 195 2532 74 1223 2533 84 196 2534 87 197 2535 73 1224 2536 150 198 2537 118 307 2712 117 1255 2713 120 308 2714 115 32 2715 116 32 2716 119 32 2717 113 26 2718 114 26 2719 116 26 2720 117 310 2721 118 1256 2722 114 311 2723 650 777 3483 655 1103 3484 1003 1395 3485 655 1103 3486 995 1396 3487 1003 1395 3488 978 1397 3489 982 1398 3490 660 1399 3491 1025 1400 3492 965 1401 3493 963 779 3494 963 779 3495 978 1397 3496 660 1399 3497 650 777 3498 1003 1395 3499 1005 1402 3500 1014 778 3501 1025 1400 3502 963 779 3503 650 777 3504 1005 1402 3505 1014 778 3506 963 779 3507 660 1399 3508 650 777 3509 650 777 3510 660 1399 3511 961 1403 3512 660 1399 3513 657 1404 3514 957 1405 3515 961 1403 3516 660 1399 3517 957 1405 3518 961 1403 3519 959 780 3520 650 777 3521 93 949 4047 874 1180 4048 866 1459 4049 93 949 4050 866 1459 4051 868 1460 4052 862 1461 4053 854 1178 4054 80 951 4055 93 949 4056 868 1460 4057 860 950 4058 860 950 4059 862 1461 4060 80 951 4061 94 955 4065 95 113 4066 873 1176 4067 94 955 4068 873 1176 4069 871 1463 4070 853 1173 4071 77 1172 4072 76 954 4073 855 1464 4074 853 1173 4075 76 954 4076 94 955 4077 871 1463 4078 869 1465 4079 94 955 4080 869 1465 4081 863 1466 4082 857 953 4083 855 1464 4084 76 954 4085 94 955 4086 863 1466 4087 857 953 4088 48 97 4131 876 1154 4132 882 1481 4133 876 1154 4134 878 42 4135 882 1481 4136 882 1481 4137 884 42 4138 886 1482 4139 77 1168 4140 147 103 4141 914 1483 4142 147 103 4143 47 971 4144 910 1484 4145 918 1151 4146 76 98 4147 77 1168 4148 914 1483 4149 916 42 4150 918 1151 4151 912 42 4152 908 42 4153 910 1484 4154 914 1483 4155 918 1151 4156 77 1168 4157 910 1484 4158 914 1483 4159 147 103 4160 47 971 4161 48 97 4162 882 1481 4163 47 971 4164 882 1481 4165 886 1482 4166 902 42 4167 906 42 4168 912 42 4169 912 42 4170 910 1484 4171 47 971 4172 47 971 4173 886 1482 4174 888 1485 4175 888 1485 4176 892 42 4177 894 1486 4178 894 1486 4179 898 1487 4180 896 970 4181 896 970 4182 904 42 4183 902 42 4184 902 42 4185 912 42 4186 47 971 4187 47 971 4188 888 1485 4189 894 1486 4190 894 1486 4191 896 970 4192 47 971 4193 56 100 4212 875 40 4213 879 40 4214 879 40 4215 889 1494 4216 56 100 4217 889 1494 4218 899 1495 4219 56 100 4220 58 76 4221 78 40 4222 917 979 4223 78 40 4224 75 129 4225 917 979 4226 75 129 4227 56 100 4228 899 1495 4229 75 129 4230 899 1495 4231 921 1496 4232 923 978 4233 919 40 4234 917 979 4235 75 129 4236 921 1496 4237 923 978 4238 64 991 4272 926 1506 4273 932 1507 4274 928 992 4275 934 1003 4276 37 993 4277 64 991 4278 932 1507 4279 928 992 4280 65 90 4281 63 87 4282 925 1150 4283 65 90 4284 925 1150 4285 937 1508 4286 925 1150 4287 935 1509 4288 943 1510 4289 943 1510 4290 937 1508 4291 925 1150 4292 929 1511 4293 933 996 4294 939 995 4295 933 996 4296 43 53 4297 945 994 4298 943 1510 4299 935 1509 4300 929 1511 4301 939 995 4302 943 1510 4303 929 1511 4304 43 53 4305 44 1008 4306 945 994 4307 64 991 4326 66 84 4327 926 1506 4328 66 84 4329 938 1149 4330 926 1506 4331 938 1149 4332 944 1518 4333 926 1506 4334 926 1506 4335 944 1518 4336 936 1519 4337 944 1518 4338 940 1520 4339 930 1521 4340 936 1519 4341 944 1518 4342 930 1521 4343 946 1004 4344 38 82 4345 37 993 4346 940 1520 4347 946 1004 4348 934 1003 4349 930 1521 4350 940 1520 4351 934 1003 4352 65 90 4356 937 1508 4357 941 1006 4358 947 1007 4359 945 994 4360 44 1008 4361 65 90 4362 941 1006 4363 44 1008 4364 658 1527 4377 651 781 4378 659 1528 4379 651 781 4380 959 780 4381 951 1529 4382 651 781 4383 951 1529 4384 950 1530 4385 656 1014 4386 659 1528 4387 953 1012 4388 953 1012 4389 659 1528 4390 950 1530 4391 957 1405 4392 657 1404 4393 656 1014 4394 955 1013 4395 957 1405 4396 656 1014 4397 651 781 4398 950 1530 4399 659 1528 4400 652 1554 4482 660 1399 4483 982 1398 4484 652 1554 4485 982 1398 4486 653 1555 4487 982 1398 4488 989 1556 4489 653 1555 4490 654 1044 4491 653 1555 4492 968 1042 4493 968 1042 4494 653 1555 4495 989 1556 4496 965 1557 4497 655 1558 4498 654 1044 4499 966 1043 4500 965 1557 4501 654 1044 4502 968 1059 4545 967 1567 4546 973 1060 4547 973 1060 4548 970 1568 4549 966 1061 4550 965 1401 4623 1025 1400 4624 1042 1589 4625 965 1401 4626 1042 1589 4627 1036 1590 4628 997 1591 4629 995 1396 4630 655 1103 4631 1020 1102 4632 997 1591 4633 655 1103 4634 655 1592 4635 965 1592 4636 1036 1592 4637</p>
        </triangles>
        <triangles material="Material_003-material" count="135">
          <input semantic="VERTEX" source="#Cylinder-mesh-vertices" offset="0"/>
          <input semantic="NORMAL" source="#Cylinder-mesh-normals" offset="1"/>
          <input semantic="TEXCOORD" source="#Cylinder-mesh-map-0" offset="2" set="0"/>
          <p>618 720 1008 611 721 1009 604 722 1010 619 723 1011 615 724 1012 601 725 1013 636 726 1014 615 724 1015 638 727 1016 612 728 1017 630 729 1018 628 730 1019 629 731 1020 648 732 1021 627 733 1022 609 734 1023 619 723 1024 601 725 1025 621 735 1026 604 722 1027 606 736 1028 608 737 1029 624 738 1030 609 734 1031 613 739 1032 621 735 1033 606 736 1034 610 740 1035 607 741 1036 952 742 1037 607 741 1038 608 737 1039 609 734 1040 610 740 1041 611 721 1042 612 728 1043 603 743 1044 606 736 1045 604 722 1046 607 741 1047 612 728 1048 608 737 1049 634 744 1050 616 745 1051 636 726 1052 626 746 1053 612 728 1054 628 730 1055 634 744 1056 613 739 1057 614 747 1058 605 748 1059 613 739 1060 606 736 1061 607 741 1062 601 725 1063 602 749 1064 602 749 1065 615 724 1066 616 745 1067 610 740 1068 604 722 1069 611 721 1070 962 750 1071 1013 751 1072 605 748 1073 618 720 1074 622 752 1075 617 753 1076 637 754 1077 636 726 1078 638 727 1079 631 755 1080 634 744 1081 633 756 1082 623 757 1083 626 746 1084 625 758 1085 629 731 1086 628 730 1087 630 729 1088 620 759 1089 638 727 1090 619 723 1091 620 759 1092 624 738 1093 623 757 1094 617 753 1095 630 729 1096 618 720 1097 622 752 1098 632 760 1099 631 755 1100 627 733 1101 626 746 1102 628 730 1103 633 756 1104 636 726 1105 635 761 1106 622 752 1107 644 762 1108 639 763 1109 646 764 1110 656 765 1111 657 766 1112 649 767 1113 657 766 1114 660 768 1115 633 756 1116 642 769 1117 643 770 1118 620 759 1119 641 771 1120 637 754 1121 617 753 1122 647 772 1123 629 731 1124 635 761 1125 641 771 1126 642 769 1127 627 733 1128 645 773 1129 625 758 1130 631 755 1131 643 770 1132 644 762 1133 620 759 1134 646 774 1135 649 775 1136 625 758 1137 646 774 1138 623 757 1139 622 752 1140 640 776 1141 617 753 1142 642 782 1149 654 783 1150 643 784 1151 639 785 1152 651 786 1153 640 787 1154 640 787 1155 658 788 1156 647 789 1157 647 789 1158 659 790 1159 648 791 1160 641 792 1161 653 793 1162 642 782 1163 639 785 1164 655 794 1165 650 795 1166 649 767 1167 652 796 1168 641 792 1169 644 797 1170 654 783 1171 655 794 1172 645 798 1173 659 790 1174 656 765 1175 602 749 1785 605 748 1786 960 1017 1787 967 1052 1845 988 1053 1846 616 745 1847 996 1062 1863 1019 1063 1864 614 747 1865 618 720 3318 630 729 3319 611 721 3320 619 723 3321 638 727 3322 615 724 3323 636 726 3324 616 745 3325 615 724 3326 612 728 3327 611 721 3328 630 729 3329 629 731 3330 647 772 3331 648 732 3332 609 734 3333 624 738 3334 619 723 3335 621 735 3336 618 720 3337 604 722 3338 608 737 3339 626 746 3340 624 738 3341 613 739 3342 632 760 3343 621 735 3344 958 1383 3345 603 743 3346 949 1384 3347 603 743 3348 610 740 3349 952 742 3350 949 1384 3351 603 743 3352 952 742 3353 607 741 3354 956 1385 3355 954 1386 3356 607 741 3357 954 1386 3358 952 742 3359 603 743 3360 605 748 3361 606 736 3362 607 741 3363 610 740 3364 612 728 3365 634 744 3366 614 747 3367 616 745 3368 626 746 3369 608 737 3370 612 728 3371 634 744 3372 632 760 3373 613 739 3374 605 748 3375 614 747 3376 613 739 3377 607 741 3378 609 734 3379 601 725 3380 602 749 3381 601 725 3382 615 724 3383 610 740 3384 603 743 3385 604 722 3386 602 749 3387 981 1387 3388 977 1388 3389 962 750 3390 964 1389 3391 1024 1390 3392 964 1389 3393 1041 1391 3394 1024 1390 3395 602 749 3396 977 1388 3397 962 750 3398 1002 1392 3399 1010 1393 3400 605 748 3401 1004 1394 3402 1002 1392 3403 605 748 3404 605 748 3405 602 749 3406 962 750 3407 1013 751 3408 1004 1394 3409 605 748 3410 962 750 3411 1024 1390 3412 1013 751 3413 618 720 3414 621 735 3415 622 752 3416 637 754 3417 635 761 3418 636 726 3419 631 755 3420 632 760 3421 634 744 3422 623 757 3423 624 738 3424 626 746 3425 629 731 3426 627 733 3427 628 730 3428 620 759 3429 637 754 3430 638 727 3431 620 759 3432 619 723 3433 624 738 3434 617 753 3435 629 731 3436 630 729 3437 622 752 3438 621 735 3439 632 760 3440 627 733 3441 625 758 3442 626 746 3443 633 756 3444 634 744 3445 636 726 3446 622 752 3447 631 755 3448 644 762 3449 646 764 3450 645 798 3451 656 765 3452 649 767 3453 646 764 3454 657 766 3455 633 756 3456 635 761 3457 642 769 3458 620 759 3459 649 775 3460 641 771 3461 617 753 3462 640 776 3463 647 772 3464 635 761 3465 637 754 3466 641 771 3467 627 733 3468 648 732 3469 645 773 3470 631 755 3471 633 756 3472 643 770 3473 620 759 3474 623 757 3475 646 774 3476 625 758 3477 645 773 3478 646 774 3479 622 752 3480 639 763 3481 640 776 3482 642 782 3522 653 793 3523 654 783 3524 639 785 3525 650 795 3526 651 786 3527 640 787 3528 651 786 3529 658 788 3530 647 789 3531 658 788 3532 659 790 3533 641 792 3534 652 796 3535 653 793 3536 639 785 3537 644 797 3538 655 794 3539 649 767 3540 660 768 3541 652 796 3542 644 797 3543 643 784 3544 654 783 3545 645 798 3546 648 791 3547 659 790 3548 603 743 4407 958 1383 4408 605 748 4409 958 1383 4410 960 1017 4411 605 748 4412 960 1017 4413 956 1385 4414 602 749 4415 956 1385 4416 607 741 4417 602 749 4418 614 747 4518 964 1389 4519 967 1052 4520 988 1053 4521 981 1387 4522 616 745 4523 981 1387 4524 602 749 4525 616 745 4526 614 747 4527 967 1052 4528 616 745 4529 614 747 4551 605 748 4552 1010 1393 4553 614 747 4554 1010 1393 4555 994 1569 4556 1035 1570 4557 1041 1391 4558 964 1389 4559 1035 1570 4560 964 1389 4561 614 747 4562 614 747 4563 994 1569 4564 996 1062 4565 1019 1063 4566 1035 1570 4567 614 747 4568</p>
        </triangles>
      </mesh>
    </geometry>
    <geometry id="Cube_019-mesh" name="Cube.019">
      <mesh>
        <source id="Cube_019-mesh-positions">
          <float_array id="Cube_019-mesh-positions-array" count="24">-1.90735e-6 0.06084114 -2.344609 -1.90735e-6 0.06084114 2.344609 -1.90735e-6 -1.942268 -2.344609 -1.90735e-6 -1.942268 2.344609 -0.2304342 0.06084114 2.344609 -0.2304342 0.06084114 -2.344609 -0.2304342 -1.942268 -2.344609 -0.2304342 -1.942268 2.344609</float_array>
          <technique_common>
            <accessor source="#Cube_019-mesh-positions-array" count="8" stride="3">
              <param name="X" type="float"/>
              <param name="Y" type="float"/>
              <param name="Z" type="float"/>
            </accessor>
          </technique_common>
        </source>
        <source id="Cube_019-mesh-normals">
          <float_array id="Cube_019-mesh-normals-array" count="18">1 0 0 -1 0 0 0 -1 0 0 0 1 0 1 0 0 0 -1</float_array>
          <technique_common>
            <accessor source="#Cube_019-mesh-normals-array" count="6" stride="3">
              <param name="X" type="float"/>
              <param name="Y" type="float"/>
              <param name="Z" type="float"/>
            </accessor>
          </technique_common>
        </source>
        <source id="Cube_019-mesh-map-0">
          <float_array id="Cube_019-mesh-map-0-array" count="72">0.0519542 0.9824908 0.9480459 0.01750928 0.9480459 0.9824908 0.9480459 0.01750928 0.0519542 0.9824908 0.9480459 0.9824908 0.7308028 0.9673004 0.6277188 0.002318859 0.7308028 0.002318859 0.7308028 0.6909168 0.6277188 0.2787024 0.7308028 0.2787024 0.7119333 0.008829057 0.6088492 0.9738106 0.7119333 0.9738106 0.7308028 0.2787024 0.6277188 0.6909168 0.7308028 0.6909168 0.0519542 0.9824908 0.0519542 0.01750928 0.9480459 0.01750928 0.9480459 0.01750928 0.0519542 0.01750928 0.0519542 0.9824908 0.7308028 0.9673004 0.6277188 0.9673004 0.6277188 0.002318859 0.7308028 0.6909168 0.6277188 0.6909168 0.6277188 0.2787024 0.7119333 0.008829057 0.6088492 0.008829057 0.6088492 0.9738106 0.7308028 0.2787024 0.6277188 0.2787024 0.6277188 0.6909168</float_array>
          <technique_common>
            <accessor source="#Cube_019-mesh-map-0-array" count="36" stride="2">
              <param name="S" type="float"/>
              <param name="T" type="float"/>
            </accessor>
          </technique_common>
        </source>
        <vertices id="Cube_019-mesh-vertices">
          <input semantic="POSITION" source="#Cube_019-mesh-positions"/>
        </vertices>
        <triangles material="Material-material" count="12">
          <input semantic="VERTEX" source="#Cube_019-mesh-vertices" offset="0"/>
          <input semantic="NORMAL" source="#Cube_019-mesh-normals" offset="1"/>
          <input semantic="TEXCOORD" source="#Cube_019-mesh-map-0" offset="2" set="0"/>
          <p>3 0 0 0 0 1 1 0 2 5 1 3 7 1 4 4 1 5 3 2 6 6 2 7 2 2 8 1 3 9 7 3 10 3 3 11 0 4 12 4 4 13 1 4 14 2 5 15 5 5 16 0 5 17 3 0 18 2 0 19 0 0 20 5 1 21 6 1 22 7 1 23 3 2 24 7 2 25 6 2 26 1 3 27 4 3 28 7 3 29 0 4 30 5 4 31 4 4 32 2 5 33 6 5 34 5 5 35</p>
        </triangles>
      </mesh>
    </geometry>
    <geometry id="Cube_018-mesh" name="Cube.018">
      <mesh>
        <source id="Cube_018-mesh-positions">
          <float_array id="Cube_018-mesh-positions-array" count="24">-1.90735e-6 0.06084114 -2.344609 -1.90735e-6 0.06084114 2.344609 -1.90735e-6 -1.942268 -2.344609 -1.90735e-6 -1.942268 2.344609 -0.2304342 0.06084114 2.344609 -0.2304342 0.06084114 -2.344609 -0.2304342 -1.942268 -2.344609 -0.2304342 -1.942268 2.344609</float_array>
          <technique_common>
            <accessor source="#Cube_018-mesh-positions-array" count="8" stride="3">
              <param name="X" type="float"/>
              <param name="Y" type="float"/>
              <param name="Z" type="float"/>
            </accessor>
          </technique_common>
        </source>
        <source id="Cube_018-mesh-normals">
          <float_array id="Cube_018-mesh-normals-array" count="18">1 0 0 -1 0 0 0 -1 0 0 0 1 0 1 0 0 0 -1</float_array>
          <technique_common>
            <accessor source="#Cube_018-mesh-normals-array" count="6" stride="3">
              <param name="X" type="float"/>
              <param name="Y" type="float"/>
              <param name="Z" type="float"/>
            </accessor>
          </technique_common>
        </source>
        <source id="Cube_018-mesh-map-0">
          <float_array id="Cube_018-mesh-map-0-array" count="72">0.0519542 0.9824908 0.9480459 0.01750928 0.9480459 0.9824908 0.9480459 0.01750928 0.0519542 0.9824908 0.9480459 0.9824908 0.7308028 0.9673004 0.6277188 0.002318859 0.7308028 0.002318859 0.7308028 0.6909168 0.6277188 0.2787024 0.7308028 0.2787024 0.7119333 0.008829057 0.6088492 0.9738106 0.7119333 0.9738106 0.7308028 0.2787024 0.6277188 0.6909168 0.7308028 0.6909168 0.0519542 0.9824908 0.0519542 0.01750928 0.9480459 0.01750928 0.9480459 0.01750928 0.0519542 0.01750928 0.0519542 0.9824908 0.7308028 0.9673004 0.6277188 0.9673004 0.6277188 0.002318859 0.7308028 0.6909168 0.6277188 0.6909168 0.6277188 0.2787024 0.7119333 0.008829057 0.6088492 0.008829057 0.6088492 0.9738106 0.7308028 0.2787024 0.6277188 0.2787024 0.6277188 0.6909168</float_array>
          <technique_common>
            <accessor source="#Cube_018-mesh-map-0-array" count="36" stride="2">
              <param name="S" type="float"/>
              <param name="T" type="float"/>
            </accessor>
          </technique_common>
        </source>
        <vertices id="Cube_018-mesh-vertices">
          <input semantic="POSITION" source="#Cube_018-mesh-positions"/>
        </vertices>
        <triangles material="Material-material" count="12">
          <input semantic="VERTEX" source="#Cube_018-mesh-vertices" offset="0"/>
          <input semantic="NORMAL" source="#Cube_018-mesh-normals" offset="1"/>
          <input semantic="TEXCOORD" source="#Cube_018-mesh-map-0" offset="2" set="0"/>
          <p>3 0 0 0 0 1 1 0 2 5 1 3 7 1 4 4 1 5 3 2 6 6 2 7 2 2 8 1 3 9 7 3 10 3 3 11 0 4 12 4 4 13 1 4 14 2 5 15 5 5 16 0 5 17 3 0 18 2 0 19 0 0 20 5 1 21 6 1 22 7 1 23 3 2 24 7 2 25 6 2 26 1 3 27 4 3 28 7 3 29 0 4 30 5 4 31 4 4 32 2 5 33 6 5 34 5 5 35</p>
        </triangles>
      </mesh>
    </geometry>
    <geometry id="Cube_017-mesh" name="Cube.017">
      <mesh>
        <source id="Cube_017-mesh-positions">
          <float_array id="Cube_017-mesh-positions-array" count="48">-0.1379294 0.03373748 1.074357 -0.1379294 0.03373748 -1.074357 0.1379294 0.03373748 -1.074357 0.1379294 0.03373748 1.074357 -0.1379294 -1.542115 1.074357 0.1379294 -1.542115 1.074357 0.1379294 -1.542115 -1.074357 -0.1379294 -1.542115 -1.074357 -0.1379294 -0.04995125 1.001073 -0.1379294 -0.04995125 -1.001073 0.1379294 -0.04995125 -1.001073 0.1379294 -0.04995125 1.001073 -0.1379294 -1.458426 1.001073 0.1379294 -1.458426 1.001073 0.1379294 -1.458426 -1.001073 -0.1379294 -1.458426 -1.001073</float_array>
          <technique_common>
            <accessor source="#Cube_017-mesh-positions-array" count="16" stride="3">
              <param name="X" type="float"/>
              <param name="Y" type="float"/>
              <param name="Z" type="float"/>
            </accessor>
          </technique_common>
        </source>
        <source id="Cube_017-mesh-normals">
          <float_array id="Cube_017-mesh-normals-array" count="30">0 1 0 0 -1 0 0 0 -1 0 0 1 1 0 0 -1 2.48597e-7 0 1 2.48597e-7 0 -1 0 0 1 -2.48597e-7 0 -1 -2.48597e-7 0</float_array>
          <technique_common>
            <accessor source="#Cube_017-mesh-normals-array" count="10" stride="3">
              <param name="X" type="float"/>
              <param name="Y" type="float"/>
              <param name="Z" type="float"/>
            </accessor>
          </technique_common>
        </source>
        <source id="Cube_017-mesh-map-0">
          <float_array id="Cube_017-mesh-map-0-array" count="192">0.5641916 1 0.4358084 0 0.4358084 1 0.4358084 0 0.5641916 1 0.4358084 1 0.5641916 0.8666965 0.4358084 0.1333035 0.4358084 0.8666965 0.5641916 0.8666965 0.4358084 0.1333035 0.5641916 0.1333035 0.4358084 0.03410619 0.5641916 0.9658938 0.4358084 0.9658938 0.5641916 0.9658938 0.4358084 0.03410619 0.4358084 0.9658938 0.4358084 0.1722518 0.5641916 0.8277482 0.4358084 0.8277482 0.4358084 0.1722518 0.5641916 0.8277482 0.5641916 0.1722518 0.8666965 0 0.1722518 0.03410619 0.1333035 0 0.1333035 1 0.1722518 0.03410619 0.1333035 0 0.1333035 0 0.1722518 0.9658938 0.1333035 1 0.8666965 1 0.1722518 0.9658938 0.1333035 1 0.1333035 0 0.8277482 0.03410619 0.8666965 0 0.8666965 1 0.8277482 0.03410619 0.8666965 0 0.1333035 1 0.8277482 0.9658938 0.8666965 1 0.8666965 0 0.8277482 0.9658938 0.8666965 1 0.5641916 1 0.5641916 0 0.4358084 0 0.4358084 0 0.5641916 0 0.5641916 1 0.5641916 0.8666965 0.5641916 0.1333035 0.4358084 0.1333035 0.5641916 0.8666965 0.4358084 0.8666965 0.4358084 0.1333035 0.4358084 0.03410619 0.5641916 0.03410619 0.5641916 0.9658938 0.5641916 0.9658938 0.5641916 0.03410619 0.4358084 0.03410619 0.4358084 0.1722518 0.5641916 0.1722518 0.5641916 0.8277482 0.4358084 0.1722518 0.4358084 0.8277482 0.5641916 0.8277482 0.8666965 0 0.8277482 0.03410619 0.1722518 0.03410619 0.1333035 1 0.1722518 0.9658938 0.1722518 0.03410619 0.1333035 0 0.1722518 0.03410619 0.1722518 0.9658938 0.8666965 1 0.8277482 0.9658938 0.1722518 0.9658938 0.1333035 0 0.1722518 0.03410619 0.8277482 0.03410619 0.8666965 1 0.8277482 0.9658938 0.8277482 0.03410619 0.1333035 1 0.1722518 0.9658938 0.8277482 0.9658938 0.8666965 0 0.8277482 0.03410619 0.8277482 0.9658938</float_array>
          <technique_common>
            <accessor source="#Cube_017-mesh-map-0-array" count="96" stride="2">
              <param name="S" type="float"/>
              <param name="T" type="float"/>
            </accessor>
          </technique_common>
        </source>
        <vertices id="Cube_017-mesh-vertices">
          <input semantic="POSITION" source="#Cube_017-mesh-positions"/>
        </vertices>
        <triangles material="Material_002-material" count="32">
          <input semantic="VERTEX" source="#Cube_017-mesh-vertices" offset="0"/>
          <input semantic="NORMAL" source="#Cube_017-mesh-normals" offset="1"/>
          <input semantic="TEXCOORD" source="#Cube_017-mesh-map-0" offset="2" set="0"/>
          <p>3 0 0 1 0 1 0 0 2 7 1 3 5 1 4 4 1 5 2 2 6 7 2 7 1 2 8 3 3 9 4 3 10 5 3 11 9 1 12 11 1 13 8 1 14 13 0 15 15 0 16 12 0 17 15 3 18 10 3 19 9 3 20 12 2 21 11 2 22 13 2 23 2 4 24 14 4 25 6 4 26 4 5 27 15 5 28 7 5 29 6 6 30 13 6 31 5 6 32 0 7 33 12 7 34 4 7 35 7 7 36 9 7 37 1 7 38 3 8 39 10 8 40 2 8 41 5 4 42 11 4 43 3 4 44 1 9 45 8 9 46 0 9 47 3 0 48 2 0 49 1 0 50 7 1 51 6 1 52 5 1 53 2 2 54 6 2 55 7 2 56 3 3 57 0 3 58 4 3 59 9 1 60 10 1 61 11 1 62 13 0 63 14 0 64 15 0 65 15 3 66 14 3 67 10 3 68 12 2 69 8 2 70 11 2 71 2 4 72 10 4 73 14 4 74 4 7 75 12 7 76 15 7 77 6 4 78 14 4 79 13 4 80 0 7 81 8 7 82 12 7 83 7 7 84 15 7 85 9 7 86 3 4 87 11 4 88 10 4 89 5 4 90 13 4 91 11 4 92 1 7 93 9 7 94 8 7 95</p>
        </triangles>
      </mesh>
    </geometry>
    <geometry id="Cube_016-mesh" name="Cube.016">
      <mesh>
        <source id="Cube_016-mesh-positions">
          <float_array id="Cube_016-mesh-positions-array" count="24">-1.90735e-6 0.06084114 -2.344609 -1.90735e-6 0.06084114 2.344609 -1.90735e-6 -1.942268 -2.344609 -1.90735e-6 -1.942268 2.344609 -0.2304342 0.06084114 2.344609 -0.2304342 0.06084114 -2.344609 -0.2304342 -1.942268 -2.344609 -0.2304342 -1.942268 2.344609</float_array>
          <technique_common>
            <accessor source="#Cube_016-mesh-positions-array" count="8" stride="3">
              <param name="X" type="float"/>
              <param name="Y" type="float"/>
              <param name="Z" type="float"/>
            </accessor>
          </technique_common>
        </source>
        <source id="Cube_016-mesh-normals">
          <float_array id="Cube_016-mesh-normals-array" count="18">1 0 0 -1 0 0 0 -1 0 0 0 1 0 1 0 0 0 -1</float_array>
          <technique_common>
            <accessor source="#Cube_016-mesh-normals-array" count="6" stride="3">
              <param name="X" type="float"/>
              <param name="Y" type="float"/>
              <param name="Z" type="float"/>
            </accessor>
          </technique_common>
        </source>
        <source id="Cube_016-mesh-map-0">
          <float_array id="Cube_016-mesh-map-0-array" count="72">0.0519542 0.9824908 0.9480459 0.01750928 0.9480459 0.9824908 0.9480459 0.01750928 0.0519542 0.9824908 0.9480459 0.9824908 0.7308028 0.9673004 0.6277188 0.002318859 0.7308028 0.002318859 0.7308028 0.6909168 0.6277188 0.2787024 0.7308028 0.2787024 0.7119333 0.008829057 0.6088492 0.9738106 0.7119333 0.9738106 0.7308028 0.2787024 0.6277188 0.6909168 0.7308028 0.6909168 0.0519542 0.9824908 0.0519542 0.01750928 0.9480459 0.01750928 0.9480459 0.01750928 0.0519542 0.01750928 0.0519542 0.9824908 0.7308028 0.9673004 0.6277188 0.9673004 0.6277188 0.002318859 0.7308028 0.6909168 0.6277188 0.6909168 0.6277188 0.2787024 0.7119333 0.008829057 0.6088492 0.008829057 0.6088492 0.9738106 0.7308028 0.2787024 0.6277188 0.2787024 0.6277188 0.6909168</float_array>
          <technique_common>
            <accessor source="#Cube_016-mesh-map-0-array" count="36" stride="2">
              <param name="S" type="float"/>
              <param name="T" type="float"/>
            </accessor>
          </technique_common>
        </source>
        <vertices id="Cube_016-mesh-vertices">
          <input semantic="POSITION" source="#Cube_016-mesh-positions"/>
        </vertices>
        <triangles material="Material-material" count="12">
          <input semantic="VERTEX" source="#Cube_016-mesh-vertices" offset="0"/>
          <input semantic="NORMAL" source="#Cube_016-mesh-normals" offset="1"/>
          <input semantic="TEXCOORD" source="#Cube_016-mesh-map-0" offset="2" set="0"/>
          <p>3 0 0 0 0 1 1 0 2 5 1 3 7 1 4 4 1 5 3 2 6 6 2 7 2 2 8 1 3 9 7 3 10 3 3 11 0 4 12 4 4 13 1 4 14 2 5 15 5 5 16 0 5 17 3 0 18 2 0 19 0 0 20 5 1 21 6 1 22 7 1 23 3 2 24 7 2 25 6 2 26 1 3 27 4 3 28 7 3 29 0 4 30 5 4 31 4 4 32 2 5 33 6 5 34 5 5 35</p>
        </triangles>
      </mesh>
    </geometry>
    <geometry id="Cube_009-mesh" name="Cube.009">
      <mesh>
        <source id="Cube_009-mesh-positions">
          <float_array id="Cube_009-mesh-positions-array" count="48">-0.1379294 0.03373748 1.074357 -0.1379294 0.03373748 -1.074357 0.1379294 0.03373748 -1.074357 0.1379294 0.03373748 1.074357 -0.1379294 -1.542115 1.074357 0.1379294 -1.542115 1.074357 0.1379294 -1.542115 -1.074357 -0.1379294 -1.542115 -1.074357 -0.1379294 -0.04995125 1.001073 -0.1379294 -0.04995125 -1.001073 0.1379294 -0.04995125 -1.001073 0.1379294 -0.04995125 1.001073 -0.1379294 -1.458426 1.001073 0.1379294 -1.458426 1.001073 0.1379294 -1.458426 -1.001073 -0.1379294 -1.458426 -1.001073</float_array>
          <technique_common>
            <accessor source="#Cube_009-mesh-positions-array" count="16" stride="3">
              <param name="X" type="float"/>
              <param name="Y" type="float"/>
              <param name="Z" type="float"/>
            </accessor>
          </technique_common>
        </source>
        <source id="Cube_009-mesh-normals">
          <float_array id="Cube_009-mesh-normals-array" count="30">0 1 0 0 -1 0 0 0 -1 0 0 1 1 0 0 -1 2.48597e-7 0 1 2.48597e-7 0 -1 0 0 1 -2.48597e-7 0 -1 -2.48597e-7 0</float_array>
          <technique_common>
            <accessor source="#Cube_009-mesh-normals-array" count="10" stride="3">
              <param name="X" type="float"/>
              <param name="Y" type="float"/>
              <param name="Z" type="float"/>
            </accessor>
          </technique_common>
        </source>
        <source id="Cube_009-mesh-map-0">
          <float_array id="Cube_009-mesh-map-0-array" count="192">0.5641916 1 0.4358084 0 0.4358084 1 0.4358084 0 0.5641916 1 0.4358084 1 0.5641916 0.8666965 0.4358084 0.1333035 0.4358084 0.8666965 0.5641916 0.8666965 0.4358084 0.1333035 0.5641916 0.1333035 0.4358084 0.03410619 0.5641916 0.9658938 0.4358084 0.9658938 0.5641916 0.9658938 0.4358084 0.03410619 0.4358084 0.9658938 0.4358084 0.1722518 0.5641916 0.8277482 0.4358084 0.8277482 0.4358084 0.1722518 0.5641916 0.8277482 0.5641916 0.1722518 0.8666965 0 0.1722518 0.03410619 0.1333035 0 0.1333035 1 0.1722518 0.03410619 0.1333035 0 0.1333035 0 0.1722518 0.9658938 0.1333035 1 0.8666965 1 0.1722518 0.9658938 0.1333035 1 0.1333035 0 0.8277482 0.03410619 0.8666965 0 0.8666965 1 0.8277482 0.03410619 0.8666965 0 0.1333035 1 0.8277482 0.9658938 0.8666965 1 0.8666965 0 0.8277482 0.9658938 0.8666965 1 0.5641916 1 0.5641916 0 0.4358084 0 0.4358084 0 0.5641916 0 0.5641916 1 0.5641916 0.8666965 0.5641916 0.1333035 0.4358084 0.1333035 0.5641916 0.8666965 0.4358084 0.8666965 0.4358084 0.1333035 0.4358084 0.03410619 0.5641916 0.03410619 0.5641916 0.9658938 0.5641916 0.9658938 0.5641916 0.03410619 0.4358084 0.03410619 0.4358084 0.1722518 0.5641916 0.1722518 0.5641916 0.8277482 0.4358084 0.1722518 0.4358084 0.8277482 0.5641916 0.8277482 0.8666965 0 0.8277482 0.03410619 0.1722518 0.03410619 0.1333035 1 0.1722518 0.9658938 0.1722518 0.03410619 0.1333035 0 0.1722518 0.03410619 0.1722518 0.9658938 0.8666965 1 0.8277482 0.9658938 0.1722518 0.9658938 0.1333035 0 0.1722518 0.03410619 0.8277482 0.03410619 0.8666965 1 0.8277482 0.9658938 0.8277482 0.03410619 0.1333035 1 0.1722518 0.9658938 0.8277482 0.9658938 0.8666965 0 0.8277482 0.03410619 0.8277482 0.9658938</float_array>
          <technique_common>
            <accessor source="#Cube_009-mesh-map-0-array" count="96" stride="2">
              <param name="S" type="float"/>
              <param name="T" type="float"/>
            </accessor>
          </technique_common>
        </source>
        <vertices id="Cube_009-mesh-vertices">
          <input semantic="POSITION" source="#Cube_009-mesh-positions"/>
        </vertices>
        <triangles material="Material_002-material" count="32">
          <input semantic="VERTEX" source="#Cube_009-mesh-vertices" offset="0"/>
          <input semantic="NORMAL" source="#Cube_009-mesh-normals" offset="1"/>
          <input semantic="TEXCOORD" source="#Cube_009-mesh-map-0" offset="2" set="0"/>
          <p>3 0 0 1 0 1 0 0 2 7 1 3 5 1 4 4 1 5 2 2 6 7 2 7 1 2 8 3 3 9 4 3 10 5 3 11 9 1 12 11 1 13 8 1 14 13 0 15 15 0 16 12 0 17 15 3 18 10 3 19 9 3 20 12 2 21 11 2 22 13 2 23 2 4 24 14 4 25 6 4 26 4 5 27 15 5 28 7 5 29 6 6 30 13 6 31 5 6 32 0 7 33 12 7 34 4 7 35 7 7 36 9 7 37 1 7 38 3 8 39 10 8 40 2 8 41 5 4 42 11 4 43 3 4 44 1 9 45 8 9 46 0 9 47 3 0 48 2 0 49 1 0 50 7 1 51 6 1 52 5 1 53 2 2 54 6 2 55 7 2 56 3 3 57 0 3 58 4 3 59 9 1 60 10 1 61 11 1 62 13 0 63 14 0 64 15 0 65 15 3 66 14 3 67 10 3 68 12 2 69 8 2 70 11 2 71 2 4 72 10 4 73 14 4 74 4 7 75 12 7 76 15 7 77 6 4 78 14 4 79 13 4 80 0 7 81 8 7 82 12 7 83 7 7 84 15 7 85 9 7 86 3 4 87 11 4 88 10 4 89 5 4 90 13 4 91 11 4 92 1 7 93 9 7 94 8 7 95</p>
        </triangles>
      </mesh>
    </geometry>
  </library_geometries>
  <library_visual_scenes>
    <visual_scene id="Scene" name="Scene">
      <node id="Cube_012" name="Cube.012" type="NODE">
        <matrix sid="transform">-0.05420262 -0.03742271 -1.253e-8 13.85976 -0.03742271 0.05420262 3.43472e-9 2.029588 8.35968e-9 9.94555e-9 -0.0658664 4.09049 0 0 0 1</matrix>
        <instance_geometry url="#Cube_061-mesh" name="Cube.012">
          <bind_material>
            <technique_common>
              <instance_material symbol="Material_001-material" target="#Material_001-material">
                <bind_vertex_input semantic="UVMap" input_semantic="TEXCOORD" input_set="0"/>
              </instance_material>
            </technique_common>
          </bind_material>
        </instance_geometry>
      </node>
      <node id="Cube_011" name="Cube.011" type="NODE">
        <matrix sid="transform">-0.03419032 0.05629747 4.16129e-9 13.85976 0.05629747 0.03419032 1.23078e-8 2.029588 8.35968e-9 9.94555e-9 -0.0658664 4.081139 0 0 0 1</matrix>
        <instance_geometry url="#Cube_060-mesh" name="Cube.011">
          <bind_material>
            <technique_common>
              <instance_material symbol="Material_001-material" target="#Material_001-material">
                <bind_vertex_input semantic="UVMap" input_semantic="TEXCOORD" input_set="0"/>
              </instance_material>
            </technique_common>
          </bind_material>
        </instance_geometry>
      </node>
      <node id="Cube_010" name="Cube.010" type="NODE">
        <matrix sid="transform">0.06459882 0.01285983 1.01406e-8 13.85976 0.01285983 -0.06459882 -8.122e-9 2.029588 8.35968e-9 9.94555e-9 -0.0658664 4.062388 0 0 0 1</matrix>
        <instance_geometry url="#Cube_059-mesh" name="Cube.010">
          <bind_material>
            <technique_common>
              <instance_material symbol="Material_001-material" target="#Material_001-material">
                <bind_vertex_input semantic="UVMap" input_semantic="TEXCOORD" input_set="0"/>
              </instance_material>
            </technique_common>
          </bind_material>
        </instance_geometry>
      </node>
      <node id="Cube_020" name="Cube.020" type="NODE">
        <matrix sid="transform">0.06193646 0.02176067 -0.005360192 13.1034 0.02205242 -0.056369 0.02597325 1.078406 0.003993639 -0.02621817 -0.06029131 5.648842 0 0 0 1</matrix>
        <instance_geometry url="#Cube_054-mesh" name="Cube.020">
          <bind_material>
            <technique_common>
              <instance_material symbol="Material_001-material" target="#Material_001-material">
                <bind_vertex_input semantic="UVMap" input_semantic="TEXCOORD" input_set="0"/>
              </instance_material>
            </technique_common>
          </bind_material>
        </instance_geometry>
      </node>
      <node id="Cube_019" name="Cube.019" type="NODE">
        <matrix sid="transform">0.06193646 0.02176067 -0.005360192 16.04144 0.02205242 -0.056369 0.02597325 1.114847 0.003993639 -0.02621817 -0.06029131 5.655485 0 0 0 1</matrix>
        <instance_geometry url="#Cube_053-mesh" name="Cube.019">
          <bind_material>
            <technique_common>
              <instance_material symbol="Material_001-material" target="#Material_001-material">
                <bind_vertex_input semantic="UVMap" input_semantic="TEXCOORD" input_set="0"/>
              </instance_material>
            </technique_common>
          </bind_material>
        </instance_geometry>
      </node>
      <node id="Cube_024" name="Cube.024" type="NODE">
        <matrix sid="transform">0.06585167 -0.001392503 2.76746e-5 3.190449 -0.001288533 -0.06041407 0.02620807 2.043539 -5.28689e-4 -0.02620275 -0.06042781 6.039978 0 0 0 1</matrix>
        <instance_geometry url="#Cube_041-mesh" name="Cube.024">
          <bind_material>
            <technique_common>
              <instance_material symbol="Material_001-material" target="#Material_001-material">
                <bind_vertex_input semantic="UVMap" input_semantic="TEXCOORD" input_set="0"/>
              </instance_material>
            </technique_common>
          </bind_material>
        </instance_geometry>
      </node>
      <node id="Cube_005" name="Cube.005" type="NODE">
        <matrix sid="transform">0.06578027 -0.003367474 7.51733e-9 12.14015 -0.00308733 -0.06030799 -0.02630204 9.797041 0.00134472 0.02626765 -0.06038696 5.79405 0 0 0 1</matrix>
        <instance_geometry url="#Cube_031-mesh" name="Cube.005">
          <bind_material>
            <technique_common>
              <instance_material symbol="Material_001-material" target="#Material_001-material">
                <bind_vertex_input semantic="UVMap" input_semantic="TEXCOORD" input_set="0"/>
              </instance_material>
            </technique_common>
          </bind_material>
        </instance_geometry>
      </node>
      <node id="Cube_003" name="Cube.003" type="NODE">
        <matrix sid="transform">0.0654517 -0.007338092 -7.81383e-4 2.704446 8.04846e-4 1.65662e-4 0.06586128 12.34429 -0.007335556 -0.06545615 2.54286e-4 2.004377 0 0 0 1</matrix>
        <instance_geometry url="#Cube_029-mesh" name="Cube.003">
          <bind_material>
            <technique_common>
              <instance_material symbol="Material_001-material" target="#Material_001-material">
                <bind_vertex_input semantic="UVMap" input_semantic="TEXCOORD" input_set="0"/>
              </instance_material>
            </technique_common>
          </bind_material>
        </instance_geometry>
      </node>
      <node id="Cube_001" name="Cube.001" type="NODE">
        <matrix sid="transform">0.06578027 -0.003367474 8.2634e-9 2.704446 -8.21249e-9 1.20587e-9 0.0658664 12.33279 -0.003367474 -0.06578027 7.84422e-10 1.55666 0 0 0 1</matrix>
        <instance_geometry url="#Cube_027-mesh" name="Cube.001">
          <bind_material>
            <technique_common>
              <instance_material symbol="Material_001-material" target="#Material_001-material">
                <bind_vertex_input semantic="UVMap" input_semantic="TEXCOORD" input_set="0"/>
              </instance_material>
            </technique_common>
          </bind_material>
        </instance_geometry>
      </node>
      <node id="Cube_022" name="Cube.022" type="NODE">
        <matrix sid="transform">0.0252121 -0.01142779 0.05976737 6.599061 -0.02719208 -0.05999145 3.59501e-9 8.206867 0.05443642 -0.02467418 -0.02768112 0.3470941 0 0 0 1</matrix>
        <instance_geometry url="#Cube_026-mesh" name="Cube.022">
          <bind_material>
            <technique_common>
              <instance_material symbol="Material_001-material" target="#Material_001-material">
                <bind_vertex_input semantic="UVMap" input_semantic="TEXCOORD" input_set="0"/>
              </instance_material>
            </technique_common>
          </bind_material>
        </instance_geometry>
      </node>
      <node id="Cube_017" name="Cube.017" type="NODE">
        <matrix sid="transform">0.03222391 0.05744565 1.27639e-8 3.473725 0.05744565 -0.03222391 2.42526e-9 3.051202 8.35968e-9 9.94555e-9 -0.0658664 -1.958814 0 0 0 1</matrix>
        <instance_geometry url="#Cube_021-mesh" name="Cube.017">
          <bind_material>
            <technique_common>
              <instance_material symbol="Material_001-material" target="#Material_001-material">
                <bind_vertex_input semantic="UVMap" input_semantic="TEXCOORD" input_set="0"/>
              </instance_material>
            </technique_common>
          </bind_material>
        </instance_geometry>
      </node>
      <node id="Cube_016" name="Cube.016" type="NODE">
        <matrix sid="transform">0.06578027 -0.003367474 7.84028e-9 13.41942 -0.003367474 -0.06578027 -1.03599e-8 6.051332 8.35968e-9 9.94555e-9 -0.0658664 -1.949624 0 0 0 1</matrix>
        <instance_geometry url="#Cube_020-mesh" name="Cube.016">
          <bind_material>
            <technique_common>
              <instance_material symbol="Material_001-material" target="#Material_001-material">
                <bind_vertex_input semantic="UVMap" input_semantic="TEXCOORD" input_set="0"/>
              </instance_material>
            </technique_common>
          </bind_material>
        </instance_geometry>
      </node>
      <node id="Cube_015" name="Cube.015" type="NODE">
        <matrix sid="transform">0.06246284 0.0208992 1.10834e-8 13.85976 0.0208992 -0.06246284 -6.77913e-9 6.051332 8.35968e-9 9.94555e-9 -0.0658664 -1.968004 0 0 0 1</matrix>
        <instance_geometry url="#Cube_015-mesh" name="Cube.015">
          <bind_material>
            <technique_common>
              <instance_material symbol="Material_001-material" target="#Material_001-material">
                <bind_vertex_input semantic="UVMap" input_semantic="TEXCOORD" input_set="0"/>
              </instance_material>
            </technique_common>
          </bind_material>
        </instance_geometry>
      </node>
      <node id="Cube_014" name="Cube.014" type="NODE">
        <matrix sid="transform">0.06203835 -0.0221275 6.23503e-9 13.85976 7.44615e-9 2.31692e-9 -0.0658664 3.983002 0.0221275 0.06203835 4.68377e-9 1.319285 0 0 0 1</matrix>
        <instance_geometry url="#Cube_014-mesh" name="Cube.014">
          <bind_material>
            <technique_common>
              <instance_material symbol="Material_001-material" target="#Material_001-material">
                <bind_vertex_input semantic="UVMap" input_semantic="TEXCOORD" input_set="0"/>
              </instance_material>
            </technique_common>
          </bind_material>
        </instance_geometry>
      </node>
      <node id="Cube_009" name="Cube.009" type="NODE">
        <matrix sid="transform">4.71581e-9 6.55062e-9 -0.0658664 19.44763 -0.06246284 -0.0208992 -6.55062e-9 9.62394 -0.0208992 0.06246284 4.71581e-9 0.7679672 0 0 0 1</matrix>
        <instance_geometry url="#Cube_008-mesh" name="Cube.009">
          <bind_material>
            <technique_common>
              <instance_material symbol="Material_001-material" target="#Material_001-material">
                <bind_vertex_input semantic="UVMap" input_semantic="TEXCOORD" input_set="0"/>
              </instance_material>
            </technique_common>
          </bind_material>
        </instance_geometry>
      </node>
      <node id="Cylinder" name="Cylinder" type="NODE">
        <matrix sid="transform">1 0 0 8.328426 0 1 0 5.433988 0 0 1 2.984283 0 0 0 1</matrix>
        <instance_geometry url="#Cylinder-mesh" name="Cylinder">
          <bind_material>
            <technique_common>
              <instance_material symbol="Material_002-material" target="#Material_002-material">
                <bind_vertex_input semantic="UVMap" input_semantic="TEXCOORD" input_set="0"/>
              </instance_material>
              <instance_material symbol="Material_001-material" target="#Material_001-material">
                <bind_vertex_input semantic="UVMap" input_semantic="TEXCOORD" input_set="0"/>
              </instance_material>
              <instance_material symbol="Material_003-material" target="#Material_003-material">
                <bind_vertex_input semantic="UVMap" input_semantic="TEXCOORD" input_set="0"/>
              </instance_material>
            </technique_common>
          </bind_material>
        </instance_geometry>
      </node>
      <node id="Cube_008" name="Cube.008" type="NODE">
        <matrix sid="transform">-4.37114e-8 -1 0 8.619 1 -4.37114e-8 0 3.874445 0 0 1 0.3709631 0 0 0 1</matrix>
        <instance_geometry url="#Cube_019-mesh" name="Cube.008">
          <bind_material>
            <technique_common>
              <instance_material symbol="Material-material" target="#Material-material">
                <bind_vertex_input semantic="UVMap" input_semantic="TEXCOORD" input_set="0"/>
              </instance_material>
            </technique_common>
          </bind_material>
        </instance_geometry>
      </node>
      <node id="Cube_006" name="Cube.006" type="NODE">
        <matrix sid="transform">1 0 0 11.36846 0 1 0 1.413047 0 0 1 0.3709631 0 0 0 1</matrix>
        <instance_geometry url="#Cube_018-mesh" name="Cube.006">
          <bind_material>
            <technique_common>
              <instance_material symbol="Material-material" target="#Material-material">
                <bind_vertex_input semantic="UVMap" input_semantic="TEXCOORD" input_set="0"/>
              </instance_material>
            </technique_common>
          </bind_material>
        </instance_geometry>
      </node>
      <node id="Cube_002" name="Cube.002" type="NODE">
        <matrix sid="transform">0.5793156 0 0 -0.5524487 0 -1 0 3.395317 0 0 1 1.630489 0 0 0 1</matrix>
        <instance_geometry url="#Cube_017-mesh" name="Cube.002">
          <bind_material>
            <technique_common>
              <instance_material symbol="Material_002-material" target="#Material_002-material">
                <bind_vertex_input semantic="UVMap" input_semantic="TEXCOORD" input_set="0"/>
              </instance_material>
            </technique_common>
          </bind_material>
        </instance_geometry>
      </node>
      <node id="Cube_007" name="Cube.007" type="NODE">
        <matrix sid="transform">1 0 0 -0.6662515 0 1 0 11.26217 0 0 1 0.3709631 0 0 0 1</matrix>
        <instance_geometry url="#Cube_016-mesh" name="Cube.007">
          <bind_material>
            <technique_common>
              <instance_material symbol="Material-material" target="#Material-material">
                <bind_vertex_input semantic="UVMap" input_semantic="TEXCOORD" input_set="0"/>
              </instance_material>
            </technique_common>
          </bind_material>
        </instance_geometry>
      </node>
      <node id="Cube_004" name="Cube.004" type="NODE">
        <matrix sid="transform">0.5793156 0 0 -0.5524487 0 1 0 6.510866 0 0 1 1.630489 0 0 0 1</matrix>
        <instance_geometry url="#Cube_009-mesh" name="Cube.004">
          <bind_material>
            <technique_common>
              <instance_material symbol="Material_002-material" target="#Material_002-material">
                <bind_vertex_input semantic="UVMap" input_semantic="TEXCOORD" input_set="0"/>
              </instance_material>
            </technique_common>
          </bind_material>
        </instance_geometry>
      </node>
    </visual_scene>
  </library_visual_scenes>
  <scene>
    <instance_visual_scene url="#Scene"/>
  </scene>
</COLLADA>